{"type":"FeatureCollection","source":"World Bank Group official boundaries","features":[{"type":"Feature","properties":{"iso3":"CHN","name":"China"},"geometry":{"type":"MultiPolygon","coordinates":[[[[73.5,39.38],[73.87,39.49],[73.94,40.03],[74.88,40.33],[74.84,40.52],[75.22,40.45],[75.59,40.66],[75.7,40.29],[76.27,40.44],[76.34,40.35],[76.54,40.46],[76.87,41.02],[77.77,41.02],[77.83,41.15],[78.12,41.23],[78.17,41.39],[79.77,41.89],[79.88,42.03],[80.21,42.05],[80.14,42.17],[80.29,42.26],[80.17,42.67],[80.28,42.84],[80.56,42.89],[80.38,43.05],[80.8,43.18],[80.4,44.11],[80.41,44.61],[79.88,44.91],[80.09,45.05],[80.9,45.13],[81.77,45.39],[81.93,45.23],[82.56,45.2],[82.54,45.42],[82.26,45.62],[83.03,47.22],[83.91,46.97],[84.76,47.0],[84.95,46.86],[85.22,47.05],[85.53,47.05],[85.7,47.28],[85.58,48.19],[85.79,48.42],[86.59,48.54],[86.81,48.83],[86.73,49.0],[86.9,49.13],[87.43,49.07],[87.82,49.17],[87.9,48.98],[87.75,48.88],[88.09,48.71],[87.97,48.57],[88.52,48.4],[88.63,48.18],[89.07,47.99],[89.57,48.03],[89.76,47.83],[90.06,47.88],[90.12,47.73],[90.37,47.66],[90.56,47.21],[91.05,46.72],[90.9,46.31],[91.02,46.02],[90.67,45.54],[90.88,45.19],[93.51,44.97],[94.73,44.34],[95.41,44.29],[95.33,44.03],[95.52,44.01],[95.88,43.28],[96.36,42.9],[96.39,42.73],[97.17,42.79],[99.5,42.57],[100.85,42.67],[101.8,42.5],[102.08,42.23],[102.71,42.15],[103.41,41.88],[104.53,41.87],[104.53,41.66],[105.01,41.59],[105.72,41.94],[107.46,42.46],[109.48,42.46],[110.43,42.78],[111.06,43.36],[111.95,43.7],[111.87,43.94],[111.41,44.36],[111.74,44.94],[111.97,45.08],[112.42,45.07],[112.85,44.84],[113.63,44.74],[114.11,44.95],[114.54,45.38],[115.36,45.39],[116.17,45.69],[116.58,46.29],[117.36,46.36],[117.42,46.58],[117.72,46.51],[118.31,46.74],[118.9,46.78],[119.3,46.61],[119.9,46.67],[119.91,46.9],[119.71,47.19],[118.56,47.99],[117.81,48.01],[117.37,47.64],[116.8,47.9],[116.25,47.88],[115.93,47.68],[115.57,47.92],[115.52,48.15],[115.81,48.26],[115.81,48.55],[116.71,49.85],[117.86,49.52],[118.57,49.93],[119.28,50.11],[119.35,50.35],[119.12,50.39],[119.28,50.6],[119.49,50.74],[120.08,51.68],[120.65,51.93],[120.78,52.15],[120.61,52.35],[120.7,52.55],[120.06,52.59],[120.02,52.77],[120.88,53.29],[123.52,53.56],[124.86,53.1],[125.16,53.2],[125.62,53.08],[125.74,52.98],[125.67,52.87],[126.11,52.77],[125.97,52.61],[126.43,52.29],[126.31,52.2],[126.56,52.13],[126.45,51.95],[126.97,51.33],[126.92,51.06],[127.3,50.75],[127.33,50.33],[127.61,50.24],[127.53,49.82],[127.86,49.57],[128.75,49.59],[128.76,49.48],[129.11,49.35],[129.49,49.42],[130.22,48.87],[130.68,48.87],[130.53,48.62],[130.83,48.3],[130.66,48.09],[130.99,47.7],[132.55,47.72],[132.66,47.95],[133.05,48.11],[133.47,48.07],[134.04,48.35],[134.77,48.37],[134.54,48.0],[134.77,47.72],[134.56,47.48],[134.17,47.32],[134.22,47.11],[133.84,46.48],[133.91,46.26],[133.48,45.86],[133.47,45.62],[133.19,45.51],[133.13,45.13],[132.95,45.02],[131.88,45.34],[131.49,44.97],[130.96,44.85],[131.3,44.04],[131.19,43.55],[131.31,43.4],[131.14,42.93],[130.41,42.73],[130.59,42.67],[130.64,42.42],[130.51,42.61],[130.44,42.55],[130.25,42.71],[130.25,42.9],[129.91,43.0],[129.7,42.43],[129.24,42.38],[129.22,42.2],[128.92,42.01],[128.05,42.0],[128.31,41.6],[128.11,41.36],[127.25,41.48],[126.88,41.79],[126.61,41.66],[126.53,41.35],[126.02,40.9],[124.89,40.47],[124.16,39.82],[123.65,39.84],[123.01,39.67],[122.39,39.41],[122.06,39.06],[121.84,39.04],[121.9,38.96],[121.67,39.02],[121.7,38.87],[121.2,38.72],[121.09,38.93],[121.67,39.09],[121.59,39.27],[121.74,39.38],[121.26,39.38],[121.23,39.54],[121.52,39.65],[121.47,39.81],[121.86,39.98],[122.28,40.47],[121.81,40.97],[121.68,40.85],[121.22,40.93],[120.98,40.84],[121.02,40.71],[120.6,40.47],[120.44,40.2],[119.41,39.78],[119.29,39.4],[118.92,39.13],[118.61,39.18],[118.33,39.03],[118.01,39.22],[117.74,39.09],[117.78,38.96],[117.57,38.78],[117.63,38.49],[118.05,38.13],[118.54,38.01],[118.62,38.12],[118.95,38.1],[119.29,37.65],[118.97,37.63],[118.96,37.28],[119.32,37.08],[119.73,37.11],[119.89,37.24],[119.84,37.37],[120.29,37.58],[120.22,37.69],[120.74,37.83],[121.14,37.71],[121.17,37.59],[121.43,37.6],[121.56,37.44],[122.12,37.56],[122.17,37.43],[122.7,37.4],[122.44,37.05],[122.57,37.04],[122.52,36.9],[122.18,36.84],[121.97,36.96],[121.64,36.74],[120.88,36.62],[120.97,36.54],[120.89,36.38],[120.76,36.46],[120.65,36.32],[120.71,36.13],[120.29,36.05],[120.34,36.22],[120.13,36.19],[120.29,35.97],[119.92,35.76],[119.87,35.61],[119.66,35.6],[119.2,34.91],[119.64,34.51],[120.27,34.3],[120.88,33.02],[120.9,32.63],[121.37,32.4],[121.38,32.18],[121.73,32.03],[121.92,31.75],[121.42,31.81],[121.96,31.54],[121.83,31.44],[120.95,31.81],[120.62,32.09],[120.47,32.07],[120.26,31.96],[120.74,31.99],[120.81,31.78],[121.18,31.67],[121.86,31.11],[121.92,30.86],[121.49,30.81],[120.79,30.32],[120.65,30.4],[120.57,30.39],[120.85,30.16],[121.35,30.33],[121.68,29.99],[122.14,29.89],[121.43,29.47],[121.99,29.6],[121.97,29.22],[121.7,29.16],[121.57,29.27],[121.46,29.16],[121.73,28.94],[121.66,28.72],[121.5,28.68],[121.66,28.35],[121.58,28.25],[121.46,28.32],[121.16,28.04],[121.27,28.22],[121.19,28.37],[120.99,28.01],[120.79,27.99],[120.87,27.87],[120.6,27.59],[120.65,27.36],[120.28,27.1],[120.23,26.91],[120.03,26.86],[120.13,26.8],[120.12,26.63],[119.88,26.52],[120.07,26.8],[119.86,26.65],[119.78,26.79],[119.62,26.72],[119.57,26.61],[119.77,26.59],[119.87,26.35],[119.96,26.38],[119.52,26.09],[119.71,26.02],[119.59,25.69],[119.47,25.66],[119.64,25.35],[119.24,25.49],[119.14,25.4],[119.37,25.27],[119.28,25.17],[119.12,25.25],[119.16,25.13],[119.06,25.12],[119.07,25.23],[118.91,25.26],[118.97,25.12],[118.87,25.07],[119.02,24.96],[118.64,24.85],[118.78,24.77],[118.65,24.56],[118.44,24.63],[118.24,24.54],[118.16,24.64],[118.13,24.42],[117.81,24.49],[118.06,24.41],[118.14,24.26],[117.77,23.91],[117.7,24.03],[117.59,23.72],[117.49,23.91],[117.44,23.58],[117.32,23.57],[117.34,23.76],[117.09,23.55],[116.98,23.63],[116.75,23.33],[116.8,23.22],[116.57,23.18],[116.49,22.94],[116.31,22.97],[115.81,22.74],[115.65,22.88],[115.57,22.66],[115.21,22.83],[114.89,22.54],[114.74,22.59],[114.78,22.82],[114.51,22.68],[114.62,22.51],[114.51,22.45],[114.38,22.61],[113.89,22.45],[113.62,22.79],[113.55,22.08],[113.42,22.16],[113.41,22.01],[113.25,22.05],[113.26,21.88],[113.09,22.19],[112.93,21.86],[112.84,21.95],[112.57,21.75],[112.07,21.79],[111.92,21.68],[112.01,21.62],[111.81,21.56],[111.81,21.7],[111.65,21.52],[110.74,21.39],[110.63,21.23],[110.2,21.04],[110.19,20.84],[110.38,20.82],[110.33,20.68],[110.47,20.67],[110.53,20.48],[110.28,20.24],[109.92,20.22],[109.66,20.94],[109.76,21.35],[109.93,21.43],[109.67,21.5],[109.55,21.71],[109.55,21.51],[109.16,21.4],[109.04,21.45],[109.15,21.58],[108.74,21.61],[108.53,21.91],[108.47,21.56],[108.4,21.67],[108.22,21.5],[108.22,21.62],[108.12,21.52],[107.85,21.66],[107.36,21.6],[107.31,21.74],[107.01,21.83],[107.02,21.94],[106.69,21.96],[106.69,22.28],[106.56,22.46],[106.82,22.81],[106.53,22.94],[106.28,22.87],[106.14,23.0],[105.88,22.92],[105.32,23.39],[104.81,23.12],[104.86,22.94],[104.73,22.82],[104.37,22.69],[104.25,22.84],[104.12,22.81],[103.98,22.51],[103.65,22.79],[103.53,22.59],[103.34,22.8],[103.07,22.45],[102.49,22.78],[102.26,22.41],[101.68,22.48],[101.55,22.24],[101.83,21.63],[101.76,21.14],[101.22,21.23],[101.11,21.76],[100.58,21.45],[100.13,21.51],[100.17,21.66],[99.98,21.72],[99.96,22.06],[99.16,22.17],[99.38,22.5],[99.31,22.74],[99.56,22.94],[99.51,23.08],[98.88,23.18],[98.88,23.62],[98.67,23.81],[98.88,24.14],[98.09,24.09],[97.65,23.84],[97.53,23.93],[97.75,24.16],[97.68,24.44],[97.53,24.44],[97.55,24.75],[97.79,24.85],[97.72,25.08],[97.84,25.27],[97.94,25.22],[98.14,25.4],[98.17,25.63],[98.32,25.55],[98.53,25.85],[98.71,25.86],[98.57,26.12],[98.71,26.13],[98.78,26.61],[98.7,27.56],[98.45,27.66],[98.32,27.52],[98.14,28.15],[97.67,28.53],[97.51,28.51],[97.52,28.33],[97.34,28.22],[96.93,28.35],[96.06,29.38],[95.27,29.07],[94.8,29.17],[94.69,29.32],[94.3,29.15],[94.37,29.03],[94.26,28.93],[93.53,28.67],[92.92,28.2],[92.68,28.15],[92.73,27.98],[92.46,27.79],[92.24,27.89],[91.87,27.72],[91.34,28.06],[91.25,27.97],[90.58,28.02],[89.8,28.24],[89.04,27.59],[88.97,27.31],[88.78,27.47],[88.89,27.86],[88.75,28.08],[88.15,27.96],[88.12,27.86],[87.84,27.95],[87.72,27.8],[87.19,27.82],[86.72,28.11],[86.41,27.91],[86.23,27.98],[86.18,28.16],[86.12,27.93],[86.0,27.91],[85.71,28.38],[85.61,28.26],[85.12,28.34],[85.18,28.65],[84.86,28.57],[84.48,28.74],[84.22,28.9],[84.09,29.29],[83.58,29.18],[83.26,29.58],[82.17,30.07],[82.08,30.36],[81.44,30.41],[81.25,30.01],[81.13,30.02],[81.0,30.26],[80.21,30.59],[80.18,30.8],[79.43,31.02],[79.14,31.44],[78.78,31.31],[78.78,31.99],[78.39,32.54],[78.74,32.7],[78.78,32.48],[78.97,32.34],[79.55,32.68],[79.33,33.0],[79.4,33.18],[79.11,33.2],[78.94,33.38],[78.89,33.58],[79.07,33.64],[78.89,33.97],[79.4,34.0],[79.61,34.26],[79.51,34.46],[79.79,34.48],[79.79,34.63],[80.07,34.71],[80.29,35.22],[80.27,35.62],[80.02,35.82],[79.84,35.77],[79.27,35.99],[79.18,35.81],[78.72,35.86],[78.28,35.72],[78.16,35.55],[77.97,35.6],[77.91,35.46],[77.39,35.47],[77.35,35.56],[77.48,35.55],[77.4,35.71],[76.81,35.85],[76.66,36.19],[76.23,36.35],[75.73,36.75],[75.45,36.72],[75.39,36.96],[75.14,37.03],[74.91,36.93],[74.83,37.05],[74.5,37.06],[74.5,37.24],[75.12,37.33],[75.13,37.46],[74.9,37.66],[75.0,37.77],[74.91,38.02],[74.7,38.23],[74.68,38.43],[74.19,38.64],[74.0,38.52],[73.8,38.61],[73.69,38.85],[73.84,39.0],[73.5,39.38]]],[[[120.03,23.07],[120.17,23.8],[121.03,25.02],[121.54,25.3],[121.92,25.13],[122.01,25.01],[121.83,24.85],[121.86,24.48],[121.62,24.09],[121.41,23.12],[120.98,22.56],[120.86,21.9],[120.71,21.93],[120.59,22.36],[120.33,22.53],[120.03,23.07]]],[[[108.7,18.5],[108.66,19.35],[109.18,19.66],[109.3,19.92],[109.49,19.84],[109.61,20.0],[110.02,19.95],[110.37,20.08],[110.57,19.98],[110.69,20.16],[110.93,20.01],[111.04,19.64],[110.68,19.39],[110.54,18.78],[110.2,18.62],[110.05,18.39],[109.77,18.39],[109.7,18.2],[108.7,18.5]]],[[[121.94,30.17],[122.29,30.07],[122.41,29.83],[122.03,29.99],[121.94,30.17]]]]}},{"type":"Feature","properties":{"iso3":"JPN","name":"Japan"},"geometry":{"type":"MultiPolygon","coordinates":[[[[129.35,33.2],[129.52,33.41],[129.83,33.34],[129.88,33.57],[130.02,33.45],[130.21,33.67],[130.4,33.61],[130.29,33.68],[130.53,33.89],[130.91,33.9],[130.87,34.29],[131.03,34.37],[130.97,34.44],[131.37,34.41],[132.63,35.29],[132.63,35.43],[133.08,35.6],[133.33,35.57],[133.25,35.53],[133.37,35.45],[135.22,35.78],[135.26,35.53],[135.46,35.6],[135.64,35.48],[136.02,35.76],[136.07,35.67],[135.96,35.99],[136.12,36.25],[136.66,36.64],[136.76,37.36],[137.33,37.53],[137.25,37.31],[136.89,37.17],[137.05,37.16],[137.0,36.86],[137.33,36.76],[137.43,36.93],[138.55,37.37],[138.84,37.82],[139.42,38.15],[140.07,39.69],[139.95,39.89],[139.75,39.86],[139.69,39.99],[139.86,39.98],[140.0,40.22],[139.86,40.62],[140.26,40.81],[140.34,41.26],[140.63,41.19],[140.74,40.83],[140.89,41.01],[141.13,40.87],[141.28,41.15],[141.19,41.27],[140.76,41.15],[140.9,41.53],[141.27,41.35],[141.46,41.43],[141.38,40.86],[141.49,40.56],[141.83,40.23],[142.07,39.55],[141.92,39.11],[141.63,39.0],[141.67,38.86],[141.45,38.67],[141.53,38.28],[141.36,38.41],[141.08,38.38],[140.96,38.18],[140.98,37.0],[140.81,36.91],[140.56,36.28],[140.87,35.7],[140.53,35.6],[140.31,35.14],[139.92,34.91],[139.75,34.97],[139.84,35.0],[139.79,35.31],[140.09,35.55],[139.95,35.68],[139.64,35.4],[139.75,35.25],[139.68,35.14],[139.56,35.29],[139.15,35.24],[139.14,34.89],[138.84,34.6],[138.74,34.69],[138.76,34.97],[138.9,35.04],[138.7,35.14],[138.36,34.91],[138.23,34.6],[137.59,34.68],[137.02,34.58],[137.32,34.79],[136.94,34.85],[136.93,34.7],[136.85,35.02],[136.71,35.04],[136.54,34.62],[136.93,34.44],[136.9,34.28],[136.29,34.17],[136.27,33.97],[135.76,33.44],[135.06,33.88],[135.18,34.17],[135.07,34.3],[135.41,34.56],[135.32,34.71],[135.04,34.63],[134.9,34.4],[134.95,34.27],[134.62,34.2],[134.59,34.01],[134.75,33.83],[134.32,33.57],[134.18,33.24],[133.73,33.54],[133.28,33.38],[132.95,32.85],[133.01,32.72],[132.62,32.77],[132.7,32.92],[132.48,32.9],[132.39,33.2],[132.54,33.24],[132.37,33.32],[132.36,33.48],[132.02,33.34],[132.65,33.7],[133.07,34.33],[132.55,34.19],[132.5,34.35],[132.33,34.34],[132.2,33.97],[132.47,33.95],[132.36,33.86],[132.16,33.96],[132.12,33.83],[131.73,34.06],[131.27,33.92],[131.03,34.04],[130.96,33.83],[131.1,33.62],[131.41,33.56],[131.64,33.68],[131.74,33.46],[131.51,33.27],[131.9,33.27],[131.81,33.14],[132.08,32.93],[131.65,32.47],[131.35,31.36],[131.06,31.46],[131.13,31.28],[130.67,31.0],[130.8,31.33],[130.59,31.59],[130.77,31.56],[130.79,31.7],[130.64,31.73],[130.52,31.51],[130.68,31.28],[130.6,31.16],[130.22,31.25],[130.11,31.41],[130.3,31.44],[130.33,31.58],[130.1,32.2],[130.19,32.27],[130.34,32.11],[130.6,32.48],[130.61,32.63],[130.45,32.63],[130.61,32.8],[130.24,33.19],[130.16,32.89],[130.34,32.85],[130.35,32.67],[130.17,32.59],[130.2,32.76],[130.09,32.79],[129.74,32.57],[129.85,32.71],[129.65,33.03],[129.55,33.01],[129.67,33.09],[129.57,33.34],[129.35,33.2]]],[[[139.77,42.31],[139.87,42.67],[140.3,42.78],[140.52,43.0],[140.35,43.33],[141.16,43.14],[141.42,43.33],[141.33,43.73],[141.64,43.94],[141.79,44.59],[141.57,45.2],[141.64,45.45],[141.89,45.51],[142.99,44.56],[143.78,44.18],[143.69,44.18],[143.74,44.11],[144.25,44.11],[144.35,43.96],[144.79,43.93],[145.33,44.34],[145.06,43.79],[145.35,43.58],[145.2,43.6],[145.31,43.28],[145.82,43.39],[144.98,42.98],[144.79,43.05],[144.78,42.93],[144.0,42.93],[143.36,42.38],[143.25,41.93],[141.81,42.61],[141.35,42.54],[141.0,42.3],[140.71,42.58],[140.48,42.59],[140.29,42.26],[140.76,42.12],[141.18,41.8],[140.96,41.71],[140.64,41.81],[140.2,41.4],[139.98,41.61],[140.12,42.0],[139.77,42.31]]],[[[127.66,26.08],[127.75,26.3],[127.71,26.44],[127.97,26.56],[127.88,26.71],[128.05,26.64],[128.3,26.85],[128.24,26.64],[127.84,26.44],[127.91,26.33],[128.0,26.4],[127.96,26.31],[127.81,26.3],[127.83,26.16],[127.66,26.08]]],[[[138.21,37.83],[138.34,37.96],[138.24,38.08],[138.52,38.32],[138.44,38.09],[138.56,38.04],[138.21,37.83]]],[[[129.17,34.1],[129.32,34.65],[129.49,34.68],[129.39,34.3],[129.17,34.1]]],[[[129.14,28.25],[129.68,28.53],[129.72,28.48],[129.38,28.11],[129.14,28.25]]],[[[130.22,32.37],[129.97,32.25],[130.01,32.53],[130.17,32.55],[130.22,32.37]]]]}},{"type":"Feature","properties":{"iso3":"PRK","name":"D. P. R. of Korea"},"geometry":{"type":"Polygon","coordinates":[[[124.31,39.9],[124.4,40.12],[124.9,40.48],[126.03,40.93],[126.52,41.37],[126.69,41.75],[126.94,41.81],[127.28,41.47],[128.11,41.36],[128.31,41.6],[128.03,42.0],[128.92,42.01],[129.34,42.45],[129.54,42.37],[129.73,42.44],[129.95,43.01],[130.26,42.91],[130.25,42.71],[130.44,42.55],[130.51,42.61],[130.65,42.4],[130.68,42.28],[130.4,42.32],[129.7,41.66],[129.67,41.45],[129.8,41.38],[129.71,40.83],[129.23,40.7],[129.1,40.49],[128.63,40.31],[128.63,40.18],[128.33,40.03],[128.0,40.06],[127.5,39.71],[127.57,39.3],[127.44,39.41],[127.37,39.22],[127.75,39.13],[128.36,38.69],[128.21,38.37],[127.13,38.31],[126.58,37.77],[126.39,37.9],[126.09,37.75],[125.72,38.01],[125.62,37.76],[125.34,37.68],[125.43,37.86],[124.97,37.93],[125.26,38.08],[124.65,38.13],[124.88,38.25],[124.96,38.59],[125.18,38.64],[125.13,38.88],[125.41,39.26],[125.41,39.56],[125.06,39.57],[124.77,39.74],[124.62,39.59],[124.55,39.81],[124.31,39.9]]]}},{"type":"Feature","properties":{"iso3":"RUS","name":"Russian Federation"},"geometry":{"type":"MultiPolygon","coordinates":[[[[27.32,57.58],[27.55,57.83],[27.82,57.87],[27.49,58.22],[27.55,58.37],[27.36,58.79],[28.2,59.36],[28.05,59.47],[28.03,59.75],[28.4,59.67],[28.47,59.83],[28.85,59.78],[29.13,59.99],[30.23,59.91],[29.82,60.02],[29.95,60.05],[29.87,60.16],[29.15,60.16],[28.62,60.35],[28.44,60.55],[28.71,60.46],[28.52,60.68],[28.23,60.51],[27.78,60.54],[30.94,62.31],[31.58,62.91],[31.24,63.22],[29.97,63.76],[30.26,63.82],[30.55,64.11],[30.48,64.26],[30.04,64.4],[30.07,64.78],[29.74,64.79],[29.61,64.93],[29.63,65.06],[29.86,65.11],[29.86,65.21],[29.6,65.26],[29.85,65.55],[29.72,65.64],[30.12,65.75],[29.92,66.13],[29.03,66.93],[30.01,67.67],[29.33,68.07],[28.65,68.2],[28.43,68.54],[28.79,68.86],[28.42,68.92],[29.06,69.02],[29.29,69.3],[30.04,69.43],[30.18,69.55],[30.09,69.66],[30.8,69.53],[30.95,69.61],[30.83,69.79],[31.72,69.66],[31.78,69.83],[32.06,69.78],[31.92,69.95],[32.09,69.94],[33.12,69.72],[32.84,69.57],[32.16,69.71],[32.0,69.63],[32.05,69.56],[33.07,69.45],[32.94,69.35],[33.5,69.4],[33.39,69.3],[33.49,69.13],[33.56,69.29],[33.82,69.31],[35.83,69.19],[37.56,68.73],[38.48,68.33],[38.65,68.37],[39.62,68.03],[39.84,68.04],[39.76,68.15],[40.38,67.89],[40.42,67.76],[40.98,67.7],[41.09,67.25],[41.39,67.11],[41.22,66.83],[40.01,66.26],[38.67,66.07],[35.55,66.38],[34.81,66.61],[34.48,66.54],[34.36,66.67],[33.62,66.83],[33.63,66.71],[33.51,66.72],[32.79,67.08],[32.26,67.12],[32.57,66.98],[32.5,66.87],[33.32,66.64],[33.09,66.55],[33.72,66.41],[33.55,66.38],[33.62,66.28],[34.54,66.07],[35.02,65.76],[34.93,65.68],[34.7,65.76],[34.79,65.58],[34.44,65.38],[34.96,64.84],[34.8,64.73],[35.0,64.62],[34.79,64.51],[35.35,64.29],[35.83,64.32],[36.24,64.13],[36.29,63.97],[37.44,63.78],[38.06,63.99],[37.89,64.21],[37.93,64.34],[37.78,64.44],[37.13,64.39],[36.53,64.72],[36.44,64.93],[36.8,64.95],[36.82,65.14],[37.05,65.17],[38.37,64.84],[38.38,64.74],[38.9,64.74],[39.55,64.53],[39.83,64.66],[40.5,64.52],[40.52,64.76],[40.35,64.82],[40.39,64.92],[39.72,65.34],[39.77,65.57],[40.74,65.98],[41.49,66.11],[42.22,66.51],[43.26,66.41],[43.68,66.23],[43.46,66.17],[43.41,66.11],[43.88,66.18],[44.09,65.96],[44.09,66.27],[44.5,66.65],[44.36,66.77],[44.51,66.91],[43.77,67.25],[44.1,67.67],[44.12,67.88],[44.28,67.88],[44.15,67.91],[44.2,68.3],[43.28,68.66],[44.06,68.53],[45.54,68.52],[46.53,68.13],[46.69,67.81],[45.49,67.74],[44.93,67.44],[44.93,67.32],[45.59,67.15],[46.03,66.82],[47.58,66.89],[47.75,67.01],[47.68,67.19],[47.93,67.45],[47.84,67.58],[48.85,67.69],[48.59,67.91],[49.04,67.83],[50.79,68.36],[52.2,68.57],[52.3,68.41],[52.17,68.36],[52.29,68.3],[52.75,68.47],[52.29,68.6],[53.74,68.94],[54.17,68.98],[54.59,68.98],[53.61,68.89],[54.0,68.83],[53.72,68.63],[53.94,68.4],[53.31,68.34],[53.15,68.18],[53.46,68.25],[53.63,68.1],[53.99,68.21],[53.79,67.97],[53.24,67.78],[53.89,67.94],[54.47,68.29],[54.86,68.14],[54.99,68.42],[55.39,68.55],[56.0,68.64],[57.32,68.53],[57.65,68.73],[57.23,68.71],[57.95,68.8],[57.99,68.74],[58.84,68.97],[59.31,68.97],[58.99,68.92],[59.47,68.71],[59.1,68.59],[59.12,68.41],[59.68,68.31],[60.0,68.44],[59.8,68.63],[59.95,68.71],[60.48,68.7],[60.95,68.89],[60.89,69.13],[60.67,69.11],[60.64,69.25],[60.19,69.56],[60.36,69.67],[60.76,69.61],[60.72,69.81],[60.85,69.86],[64.32,69.49],[64.92,69.31],[64.71,69.19],[64.75,69.13],[65.07,69.26],[67.15,68.82],[67.07,68.77],[67.18,68.7],[68.2,68.37],[68.29,68.14],[68.6,68.3],[69.13,68.81],[68.97,68.88],[69.15,68.93],[68.5,68.96],[68.07,69.27],[68.11,69.53],[67.03,69.69],[66.9,69.49],[66.81,69.71],[66.92,69.99],[67.38,70.05],[67.13,70.21],[67.21,70.36],[67.87,70.29],[67.23,70.52],[67.41,70.7],[67.35,70.79],[66.69,70.75],[66.63,70.86],[67.01,71.0],[66.75,71.11],[66.94,71.27],[68.05,71.52],[68.35,71.69],[68.98,72.65],[69.4,72.94],[69.84,72.92],[69.6,72.85],[71.6,72.89],[72.79,72.69],[72.69,72.58],[72.84,72.26],[72.32,71.85],[72.32,71.7],[71.82,71.48],[72.05,71.28],[72.54,71.15],[72.8,70.85],[72.68,70.61],[72.74,70.4],[72.41,70.27],[72.59,70.13],[72.49,70.01],[72.67,69.77],[72.51,69.64],[72.64,69.45],[72.48,69.09],[72.74,68.82],[73.6,68.46],[73.08,68.2],[73.04,68.06],[73.19,67.92],[73.11,67.69],[72.54,67.59],[72.39,67.31],[72.03,67.29],[72.21,67.14],[71.97,67.13],[72.03,67.04],[71.75,66.9],[71.28,66.89],[71.54,66.77],[70.19,66.73],[69.12,66.91],[68.3,66.66],[69.14,66.77],[69.14,66.61],[69.44,66.48],[70.38,66.33],[71.7,66.3],[72.11,66.14],[72.4,66.34],[72.31,66.5],[73.86,66.99],[73.93,67.29],[74.76,67.71],[74.8,68.02],[74.32,68.36],[74.47,68.5],[74.44,68.66],[75.34,68.88],[76.6,68.96],[76.65,68.74],[77.28,68.5],[77.29,68.36],[77.14,68.28],[77.34,68.23],[77.18,67.99],[77.29,67.88],[77.08,67.79],[77.7,67.57],[77.5,67.21],[77.75,67.26],[78.02,67.13],[77.83,67.49],[78.22,67.56],[78.56,67.55],[79.63,67.16],[79.51,67.36],[78.66,67.59],[78.32,67.82],[78.15,67.67],[77.46,67.76],[77.55,68.13],[78.13,68.26],[77.71,68.61],[77.65,68.89],[75.97,69.25],[74.82,69.07],[73.94,69.07],[73.78,69.17],[73.9,69.41],[73.53,69.74],[73.75,69.95],[73.68,70.12],[74.26,70.46],[74.3,70.61],[73.57,71.21],[73.0,71.4],[73.48,71.63],[73.53,71.81],[75.0,72.16],[75.07,72.46],[74.79,72.82],[75.44,72.75],[75.33,72.69],[75.65,72.53],[75.5,72.49],[75.7,72.25],[75.22,71.85],[75.51,71.52],[75.26,71.37],[76.92,71.18],[76.87,71.04],[77.08,71.17],[77.79,71.13],[77.93,70.97],[78.38,70.9],[78.47,70.99],[78.27,71.07],[78.3,71.24],[77.92,71.24],[77.93,71.34],[77.39,71.3],[76.3,71.56],[76.0,71.89],[76.92,72.05],[77.64,71.8],[78.0,71.83],[78.24,71.97],[77.96,72.1],[77.4,72.1],[78.09,72.36],[79.24,72.36],[80.82,72.07],[81.55,71.71],[83.28,71.71],[82.99,71.53],[83.02,71.41],[82.26,71.25],[82.33,71.06],[82.2,70.98],[82.41,70.74],[81.88,70.55],[81.91,70.35],[81.52,70.24],[82.22,70.27],[82.35,70.16],[82.19,70.1],[82.32,69.96],[83.19,69.85],[84.12,69.48],[85.0,69.77],[84.4,69.61],[83.15,70.08],[82.99,70.29],[83.55,70.31],[83.79,70.44],[83.43,71.0],[83.17,71.11],[83.26,71.13],[83.16,71.24],[83.68,71.63],[83.41,71.82],[82.71,71.87],[82.26,72.1],[82.37,72.17],[82.24,72.3],[80.84,72.46],[80.77,72.51],[80.88,72.61],[80.69,72.7],[80.88,72.95],[80.33,73.17],[80.68,73.2],[80.38,73.29],[80.66,73.4],[80.53,73.55],[84.76,73.75],[85.33,73.69],[86.78,73.89],[87.14,73.84],[85.99,73.51],[87.16,73.61],[87.83,73.81],[87.46,74.01],[87.32,73.83],[87.19,73.88],[86.72,74.23],[85.91,74.33],[86.69,74.45],[86.57,74.51],[86.67,74.56],[85.75,74.65],[86.09,74.75],[85.93,74.84],[86.86,74.62],[86.75,74.7],[87.04,74.73],[87.08,74.86],[87.32,74.93],[87.19,74.98],[87.73,74.99],[86.9,75.1],[88.2,75.12],[89.29,75.51],[89.71,75.43],[90.2,75.6],[93.69,75.86],[92.83,75.96],[93.45,76.12],[93.49,76.01],[93.9,76.06],[93.72,76.12],[95.07,76.09],[95.71,76.15],[95.37,76.28],[96.49,76.28],[96.46,76.12],[95.97,76.15],[96.27,76.09],[95.72,75.83],[96.33,75.99],[96.7,75.97],[96.58,75.88],[97.32,76.02],[97.27,75.93],[97.83,75.97],[97.56,76.04],[98.79,76.25],[99.85,76.02],[99.6,76.26],[98.86,76.47],[101.11,76.46],[100.97,76.52],[101.29,76.72],[100.93,76.86],[101.32,76.96],[101.28,77.05],[101.45,77.13],[102.97,77.58],[104.04,77.71],[105.93,77.55],[106.31,77.37],[104.32,77.08],[105.94,77.13],[105.47,76.99],[106.84,77.05],[107.53,76.91],[106.79,76.72],[106.66,76.54],[106.45,76.58],[106.52,76.49],[107.71,76.5],[108.0,76.58],[108.02,76.73],[111.12,76.75],[111.24,76.74],[111.19,76.66],[111.59,76.69],[111.96,76.56],[112.48,76.62],[112.74,76.5],[112.45,76.41],[112.8,76.32],[112.71,76.23],[112.88,76.12],[112.8,76.05],[113.13,76.16],[112.95,76.23],[113.28,76.25],[113.48,76.15],[113.58,75.95],[113.5,75.92],[113.92,75.84],[113.56,75.53],[113.75,75.43],[113.67,75.3],[113.1,75.06],[112.16,74.89],[111.81,74.65],[110.41,74.5],[109.94,74.34],[109.88,74.19],[109.0,74.02],[108.1,73.62],[106.9,73.61],[107.21,73.54],[106.79,73.32],[106.13,73.27],[105.72,72.88],[105.26,72.75],[106.06,72.94],[107.03,72.82],[106.25,72.96],[106.22,73.13],[108.37,73.21],[108.2,73.26],[109.26,73.38],[109.21,73.55],[109.9,73.44],[110.91,73.69],[110.69,73.79],[109.77,73.65],[109.55,73.82],[109.97,74.0],[111.01,73.9],[111.16,74.02],[111.55,74.05],[111.22,73.95],[111.89,73.71],[112.9,73.73],[112.99,73.81],[112.84,74.0],[113.16,73.87],[113.47,73.6],[113.22,73.44],[113.55,73.34],[113.57,73.15],[113.83,73.35],[113.52,73.51],[115.47,73.71],[116.64,73.67],[119.0,73.5],[118.55,73.47],[118.41,73.39],[118.41,73.23],[119.93,72.91],[120.02,72.93],[119.8,73.0],[121.73,72.97],[124.12,72.72],[122.54,73.0],[123.31,72.92],[123.62,73.12],[123.27,73.4],[123.43,73.65],[124.0,73.59],[124.43,73.8],[125.05,73.63],[125.16,73.71],[125.21,73.51],[125.47,73.58],[125.8,73.42],[126.31,73.55],[126.77,73.17],[126.86,73.29],[127.12,73.3],[126.99,73.51],[127.2,73.52],[127.4,73.41],[127.84,73.47],[127.73,73.36],[128.1,73.41],[127.84,73.22],[128.28,73.25],[126.74,72.82],[126.72,72.93],[127.19,73.1],[126.03,72.83],[126.23,72.77],[126.37,72.55],[126.26,72.49],[126.45,72.39],[126.3,72.31],[126.65,72.24],[126.84,72.04],[126.74,72.03],[127.12,71.87],[127.31,71.45],[127.26,71.24],[127.34,71.12],[127.56,71.02],[127.44,70.91],[127.59,70.83],[127.6,71.03],[127.32,71.24],[127.36,71.55],[127.21,71.76],[127.36,71.9],[126.97,72.04],[126.93,72.3],[126.73,72.39],[127.8,72.33],[128.95,71.72],[129.26,71.81],[129.12,72.01],[129.6,71.71],[128.98,71.7],[128.88,71.66],[128.93,71.58],[129.24,71.6],[129.45,71.31],[130.38,70.9],[130.8,70.87],[130.82,70.95],[130.86,70.96],[131.07,70.71],[131.6,70.85],[131.8,71.12],[132.47,71.05],[131.99,71.26],[132.29,71.68],[132.75,71.95],[132.86,71.95],[132.78,71.77],[133.65,71.44],[135.7,71.35],[135.95,71.27],[135.97,71.12],[136.15,71.15],[136.16,71.26],[136.0,71.3],[136.18,71.36],[136.14,71.44],[136.68,71.53],[137.58,71.36],[137.56,71.26],[137.79,71.29],[137.75,71.22],[137.85,71.11],[138.05,71.09],[138.09,71.18],[137.81,71.21],[138.32,71.25],[137.86,71.39],[138.08,71.46],[138.12,71.6],[138.51,71.53],[138.85,71.63],[139.15,71.58],[139.26,71.4],[139.8,71.44],[139.99,71.5],[139.78,71.69],[139.82,71.86],[139.37,71.96],[139.71,71.95],[139.94,72.16],[140.28,72.18],[140.06,72.27],[139.4,72.15],[139.15,72.25],[139.6,72.49],[141.19,72.59],[140.77,72.88],[146.87,72.34],[144.96,72.43],[144.49,72.23],[144.05,72.23],[144.13,72.17],[146.96,72.31],[145.98,71.86],[146.0,72.05],[146.3,72.13],[146.06,72.16],[146.0,72.06],[146.05,72.21],[145.82,72.23],[145.63,72.09],[145.8,72.03],[145.76,71.9],[145.03,71.94],[145.23,71.83],[144.97,71.76],[145.06,71.65],[146.06,71.77],[147.14,72.31],[149.2,72.21],[150.1,71.9],[149.7,71.75],[149.41,71.89],[149.01,71.69],[149.74,71.66],[149.9,71.52],[149.5,71.32],[150.49,71.51],[150.36,71.25],[151.1,71.39],[151.66,71.28],[152.07,70.99],[151.75,70.95],[152.54,70.78],[155.95,71.07],[158.63,70.93],[159.91,70.5],[160.1,70.25],[159.72,69.85],[160.37,69.61],[160.92,69.61],[161.08,69.11],[161.18,69.3],[161.1,69.45],[161.41,69.53],[161.43,69.19],[161.61,69.26],[161.51,69.38],[162.36,69.68],[164.02,69.75],[164.61,69.58],[166.91,69.46],[167.87,69.77],[167.79,69.81],[167.93,69.91],[168.52,70.02],[169.46,69.81],[169.18,69.55],[168.07,69.75],[168.11,69.65],[167.97,69.64],[168.28,69.54],[168.27,69.23],[169.33,69.08],[169.59,68.77],[170.65,68.74],[170.68,68.93],[171.03,69.1],[170.65,69.56],[170.15,69.6],[170.6,69.76],[170.57,70.07],[170.46,70.12],[172.75,69.96],[173.17,69.84],[173.47,69.93],[173.73,69.82],[176.11,69.88],[176.89,69.64],[178.93,69.36],[180.0,68.97],[180.0,65.04],[179.51,64.8],[178.56,64.56],[178.79,64.66],[178.01,64.64],[177.55,64.76],[177.41,64.51],[178.14,64.18],[178.32,64.32],[178.23,64.43],[178.65,64.02],[178.4,63.98],[178.7,63.94],[178.75,63.52],[178.8,63.6],[179.06,63.29],[179.45,63.12],[179.28,62.97],[179.58,62.83],[179.6,62.63],[179.14,62.46],[179.1,62.27],[178.09,62.53],[177.02,62.53],[174.73,61.94],[174.72,61.85],[174.03,61.81],[174.13,61.77],[173.84,61.64],[173.52,61.72],[173.51,61.56],[173.27,61.43],[172.77,61.41],[172.94,61.27],[172.35,61.21],[172.48,61.06],[172.16,61.06],[172.22,60.97],[172.07,60.84],[171.71,60.84],[171.4,60.62],[170.66,60.4],[170.43,59.97],[170.29,59.93],[169.96,60.07],[169.74,60.39],[169.25,60.61],[167.8,60.53],[167.23,60.34],[167.06,60.4],[167.07,60.31],[166.28,59.81],[166.09,59.81],[166.31,60.19],[166.29,60.3],[166.25,60.37],[166.26,60.39],[166.38,60.41],[166.28,60.47],[165.14,60.11],[165.13,59.9],[164.84,59.78],[164.48,60.1],[164.12,59.91],[164.2,59.85],[164.08,59.86],[164.17,59.97],[164.0,60.03],[163.65,60.02],[163.83,59.99],[163.42,59.84],[163.41,59.62],[163.21,59.56],[163.34,59.27],[163.08,59.24],[163.23,59.14],[163.25,59.09],[163.22,59.04],[162.92,59.12],[163.06,58.97],[162.33,58.59],[161.99,58.05],[162.14,57.84],[162.48,57.77],[162.43,57.69],[162.53,57.75],[162.56,57.93],[162.7,57.95],[163.32,57.72],[162.78,57.35],[162.78,56.78],[163.23,56.74],[163.36,56.18],[163.02,56.01],[162.63,56.22],[162.08,56.08],[161.74,55.39],[162.14,54.75],[161.7,54.5],[160.71,54.52],[160.12,54.22],[159.84,53.75],[159.95,53.58],[159.84,53.43],[160.04,53.1],[159.61,53.27],[158.71,52.89],[158.61,53.05],[158.43,53.02],[158.44,52.89],[158.64,52.9],[158.49,52.76],[158.6,52.69],[158.44,52.6],[158.55,52.29],[157.91,51.63],[156.67,50.87],[156.76,51.06],[156.54,51.3],[156.43,52.28],[156.14,52.86],[155.55,55.26],[155.66,55.98],[155.95,56.62],[156.55,57.1],[156.71,57.07],[157.0,57.44],[156.77,57.72],[156.85,57.8],[157.31,57.77],[157.68,58.02],[158.22,58.02],[159.48,58.68],[159.86,59.13],[160.39,59.39],[160.5,59.55],[160.88,59.62],[161.83,60.15],[161.94,60.42],[162.89,60.75],[163.73,60.87],[163.49,61.01],[164.02,61.34],[163.75,61.46],[164.06,61.69],[164.16,62.27],[164.63,62.46],[165.14,62.39],[165.21,62.48],[164.44,62.69],[163.27,62.53],[163.23,62.39],[163.37,62.33],[163.1,62.23],[163.19,62.06],[162.98,61.81],[163.32,61.66],[163.02,61.51],[162.87,61.71],[162.63,61.67],[162.75,61.59],[162.39,61.66],[160.92,60.9],[160.79,60.72],[160.41,60.75],[160.17,60.57],[160.18,60.83],[160.42,61.03],[159.79,60.93],[160.0,61.11],[159.94,61.25],[159.77,61.24],[160.27,61.55],[160.26,61.69],[160.41,61.77],[160.35,61.94],[159.58,61.65],[159.39,61.88],[159.01,61.93],[158.85,61.82],[157.53,61.79],[157.05,61.65],[156.7,61.52],[156.66,61.2],[156.12,61.02],[155.91,60.71],[154.97,60.37],[154.53,60.05],[154.48,59.89],[154.21,59.87],[154.37,59.58],[154.22,59.65],[154.13,59.46],[154.39,59.54],[154.5,59.42],[154.41,59.55],[154.97,59.49],[155.21,59.35],[155.18,59.17],[154.37,59.21],[154.36,59.11],[154.04,59.05],[153.5,59.23],[153.34,59.09],[153.01,59.06],[152.91,58.91],[152.38,59.05],[152.07,58.89],[151.34,58.84],[151.1,59.1],[152.32,59.22],[151.74,59.3],[151.42,59.6],[150.92,59.57],[150.94,59.46],[150.76,59.43],[150.5,59.49],[150.76,59.56],[149.66,59.76],[149.1,59.63],[149.23,59.46],[148.77,59.5],[148.74,59.36],[148.99,59.36],[148.93,59.23],[148.42,59.25],[148.4,59.38],[148.2,59.41],[147.54,59.24],[146.45,59.46],[146.31,59.39],[146.35,59.21],[146.04,59.14],[145.83,59.24],[145.92,59.42],[143.94,59.4],[143.08,59.34],[142.18,59.08],[141.56,58.61],[140.78,58.31],[140.49,57.84],[140.01,57.71],[139.79,57.49],[138.61,56.96],[138.58,56.78],[138.46,56.84],[138.12,56.58],[138.23,56.42],[137.92,56.36],[137.39,55.95],[136.42,55.57],[136.13,55.29],[135.18,54.84],[135.23,54.68],[135.77,54.55],[136.83,54.64],[136.82,54.13],[136.67,53.92],[136.78,53.76],[137.19,53.85],[137.3,54.03],[137.08,54.13],[137.19,54.21],[137.74,54.31],[137.31,54.06],[137.86,53.96],[137.24,53.56],[137.95,53.58],[138.59,53.99],[138.59,53.81],[138.27,53.56],[138.41,53.51],[138.66,53.71],[138.77,53.98],[138.66,54.29],[139.28,54.18],[139.75,54.3],[140.33,53.96],[140.26,53.86],[140.55,53.64],[141.42,53.29],[141.44,53.16],[141.2,53.0],[140.68,53.13],[141.24,52.87],[141.27,52.59],[141.12,52.41],[141.54,52.15],[141.35,52.1],[141.42,51.95],[141.1,51.68],[140.88,51.63],[140.78,51.46],[140.86,51.37],[140.68,51.32],[140.65,50.96],[140.43,50.72],[140.49,50.2],[140.69,50.09],[140.41,49.88],[140.55,49.56],[140.31,49.22],[140.39,48.97],[140.19,48.76],[140.17,48.45],[139.27,47.81],[138.99,47.32],[138.56,47.03],[138.1,46.24],[136.8,45.2],[136.15,44.5],[135.83,44.37],[135.14,43.51],[133.92,42.87],[133.04,42.67],[132.99,42.84],[132.85,42.74],[132.76,42.91],[132.57,42.84],[132.42,42.94],[132.32,42.84],[132.32,43.3],[131.84,43.08],[132.0,43.26],[131.78,43.36],[131.78,43.18],[131.38,42.94],[131.47,42.88],[131.26,42.77],[131.22,42.56],[131.11,42.66],[130.8,42.63],[130.87,42.53],[130.7,42.3],[130.55,42.52],[130.62,42.63],[130.39,42.73],[131.13,42.93],[131.31,43.4],[131.19,43.56],[131.3,44.06],[130.96,44.85],[131.47,44.97],[131.88,45.34],[132.95,45.02],[133.13,45.12],[133.13,45.43],[133.41,45.58],[133.69,46.16],[133.9,46.26],[133.84,46.48],[134.22,47.12],[134.17,47.32],[134.56,47.47],[134.77,47.72],[134.54,47.99],[134.76,48.37],[134.05,48.34],[133.47,48.07],[133.06,48.11],[132.67,47.95],[132.55,47.71],[130.99,47.7],[130.65,48.1],[130.83,48.31],[130.52,48.62],[130.66,48.87],[130.22,48.87],[129.49,49.42],[129.12,49.35],[128.75,49.48],[128.75,49.59],[127.86,49.57],[127.53,49.82],[127.6,50.23],[127.33,50.33],[127.29,50.75],[126.92,51.06],[126.82,51.33],[126.91,51.39],[126.45,51.95],[126.55,52.13],[126.3,52.2],[126.34,52.39],[125.97,52.62],[126.07,52.78],[125.67,52.86],[125.74,52.98],[125.61,53.08],[125.16,53.2],[124.86,53.09],[123.62,53.55],[120.88,53.29],[120.04,52.78],[120.06,52.59],[120.45,52.64],[120.72,52.54],[120.62,52.35],[120.78,52.16],[120.7,51.99],[120.05,51.63],[119.75,51.09],[119.14,50.4],[119.38,50.32],[119.29,50.11],[118.57,49.93],[117.87,49.51],[117.06,49.69],[116.24,50.04],[115.67,49.89],[114.85,50.22],[114.34,50.29],[113.22,49.84],[112.81,49.52],[111.38,49.36],[110.81,49.18],[108.52,49.32],[108.3,49.55],[107.94,49.66],[107.96,49.94],[107.21,50.0],[106.73,50.32],[105.35,50.48],[104.4,50.31],[104.14,50.14],[103.26,50.19],[103.24,50.32],[102.65,50.4],[102.3,50.68],[102.12,51.36],[101.37,51.46],[100.59,51.74],[99.91,51.74],[99.8,51.91],[99.36,51.94],[98.93,52.15],[98.77,51.88],[98.36,51.73],[98.23,51.46],[98.04,51.45],[97.83,51.02],[98.04,50.86],[98.02,50.66],[98.32,50.49],[98.31,50.32],[97.89,49.92],[97.59,49.94],[97.32,49.75],[95.86,50.04],[95.53,49.9],[94.61,50.04],[94.39,50.21],[94.28,50.57],[93.11,50.59],[92.97,50.67],[93.0,50.79],[92.63,50.7],[92.36,50.88],[92.27,50.73],[91.73,50.7],[91.41,50.45],[90.92,50.41],[90.68,50.21],[89.64,49.92],[89.72,49.72],[89.21,49.64],[89.19,49.52],[88.22,49.48],[87.99,49.18],[87.43,49.07],[87.29,49.12],[87.3,49.23],[87.03,49.25],[86.81,49.55],[86.62,49.57],[86.76,49.79],[86.61,49.8],[86.2,49.47],[85.26,49.59],[84.98,49.91],[85.03,50.05],[84.36,50.21],[83.96,50.8],[83.42,51.01],[82.74,50.92],[82.57,50.75],[81.45,50.76],[81.4,50.97],[81.06,50.95],[81.15,51.21],[80.68,51.31],[80.45,51.2],[80.48,50.97],[80.2,50.9],[80.08,50.74],[79.19,51.92],[77.91,53.29],[76.5,54.03],[76.44,54.17],[76.75,54.16],[76.88,54.31],[76.78,54.38],[76.93,54.45],[75.4,54.08],[75.44,53.97],[75.05,53.8],[74.46,53.69],[74.39,53.46],[73.91,53.65],[73.44,53.44],[73.25,53.67],[73.45,53.88],[73.69,53.86],[73.75,54.05],[73.28,53.94],[72.61,54.14],[72.54,54.05],[72.71,53.95],[72.49,53.9],[72.37,54.08],[72.5,54.14],[72.05,54.37],[72.18,54.12],[71.76,54.25],[71.72,54.11],[71.3,54.18],[71.18,54.09],[71.0,54.34],[71.2,54.32],[71.17,54.56],[71.29,54.66],[71.03,54.78],[71.0,55.09],[70.79,55.29],[70.21,55.15],[69.75,55.34],[68.94,55.44],[69.0,55.29],[68.75,55.38],[68.62,55.2],[68.2,55.2],[68.32,55.08],[68.23,54.97],[66.0,54.62],[65.96,54.71],[65.49,54.65],[65.5,54.57],[65.22,54.54],[65.22,54.33],[64.97,54.42],[64.0,54.3],[63.98,54.2],[63.17,54.19],[62.6,54.07],[62.51,53.91],[62.42,54.05],[61.93,53.95],[61.4,54.09],[61.25,54.04],[61.28,53.93],[61.03,53.95],[61.23,53.8],[60.91,53.63],[61.59,53.53],[61.26,53.51],[61.18,53.31],[62.15,53.07],[62.03,52.95],[61.05,52.97],[60.71,52.67],[61.07,52.35],[60.01,51.99],[60.08,51.87],[60.52,51.8],[60.41,51.65],[60.93,51.62],[60.95,51.49],[61.5,51.41],[61.69,51.26],[61.57,51.23],[61.45,50.81],[60.83,50.66],[60.33,50.67],[60.14,50.84],[59.81,50.54],[59.51,50.49],[59.48,50.64],[58.66,50.81],[58.61,51.05],[58.32,51.16],[58.17,51.06],[57.78,51.13],[57.76,50.92],[57.51,50.88],[57.18,51.11],[56.72,51.08],[56.72,50.97],[56.5,51.08],[55.74,50.55],[55.06,50.82],[55.08,50.92],[54.59,51.03],[54.73,50.62],[54.54,50.53],[54.41,50.62],[54.52,50.85],[54.29,50.9],[54.04,51.16],[53.66,51.23],[53.62,51.4],[53.42,51.48],[52.56,51.46],[52.35,51.77],[51.87,51.67],[51.74,51.47],[51.38,51.48],[51.24,51.56],[51.37,51.64],[50.78,51.77],[50.81,51.59],[50.59,51.64],[50.37,51.33],[49.78,51.11],[49.45,51.12],[49.35,50.99],[49.42,50.85],[48.81,50.6],[48.59,50.65],[48.9,50.02],[48.75,49.92],[48.44,49.8],[48.23,49.87],[47.93,50.25],[47.61,50.46],[47.47,50.42],[47.3,50.3],[47.35,50.09],[46.9,49.86],[46.78,49.34],[47.05,49.17],[46.78,48.95],[46.5,48.44],[47.12,48.27],[47.1,48.11],[47.21,48.08],[47.06,47.99],[47.2,47.76],[47.38,47.69],[47.41,47.84],[48.21,47.69],[49.0,46.74],[48.51,46.65],[49.18,46.38],[49.34,46.19],[49.22,45.99],[49.03,46.11],[49.05,45.89],[48.95,45.98],[48.84,45.82],[48.76,45.89],[48.73,45.62],[48.14,45.65],[48.16,45.4],[48.04,45.66],[47.99,45.36],[47.93,45.56],[47.9,45.47],[47.78,45.56],[47.77,45.45],[47.55,45.64],[47.1,44.87],[46.98,44.92],[46.7,44.66],[46.7,44.44],[47.22,44.22],[47.47,43.82],[47.7,43.89],[47.5,43.47],[47.47,43.01],[47.7,42.87],[47.74,42.67],[48.36,41.96],[48.59,41.84],[48.38,41.59],[48.07,41.5],[47.88,41.22],[47.56,41.2],[47.27,41.33],[46.76,41.86],[46.58,41.8],[45.61,42.21],[45.77,42.48],[45.34,42.52],[45.16,42.71],[44.89,42.75],[44.8,42.61],[44.55,42.77],[43.95,42.55],[43.71,42.63],[43.79,42.75],[43.19,42.94],[42.86,43.18],[41.62,43.22],[40.66,43.56],[40.11,43.57],[39.99,43.39],[38.79,44.28],[38.2,44.42],[37.8,44.73],[37.48,44.7],[37.23,44.99],[36.63,45.14],[36.99,45.29],[36.77,45.41],[36.63,45.31],[36.78,45.44],[37.53,45.38],[37.61,45.66],[37.85,45.78],[37.95,46.01],[38.15,46.0],[38.27,46.27],[37.91,46.41],[37.73,46.69],[38.29,46.74],[38.5,46.64],[38.58,46.72],[38.4,46.73],[38.5,46.88],[39.3,47.03],[39.37,47.14],[39.2,47.28],[38.23,47.12],[38.28,47.54],[38.77,47.69],[38.84,47.87],[39.79,47.88],[39.78,48.04],[40.02,48.26],[39.84,48.31],[39.94,48.37],[39.85,48.57],[39.66,48.61],[39.8,48.84],[40.07,48.87],[39.66,49.0],[40.2,49.25],[40.03,49.45],[40.14,49.61],[39.81,49.56],[39.18,49.88],[38.93,49.8],[38.31,50.09],[38.03,49.9],[37.46,50.45],[36.65,50.22],[36.07,50.45],[35.63,50.35],[35.39,50.58],[35.49,50.67],[35.33,50.95],[35.41,51.04],[35.15,51.08],[35.14,51.22],[34.23,51.26],[34.3,51.52],[34.08,51.67],[34.42,51.72],[34.41,51.82],[34.1,52.0],[34.11,52.14],[33.83,52.36],[33.19,52.38],[32.89,52.25],[32.38,52.34],[32.37,52.15],[32.2,52.07],[31.78,52.11],[31.58,52.32],[31.64,52.56],[31.5,52.7],[31.59,52.79],[31.24,53.03],[31.41,53.21],[31.63,53.23],[32.23,53.1],[32.73,53.34],[32.75,53.46],[32.48,53.55],[32.46,53.73],[31.76,53.8],[31.89,54.08],[31.32,54.25],[31.24,54.46],[31.09,54.51],[31.2,54.66],[30.75,54.81],[31.02,55.05],[30.82,55.28],[30.93,55.62],[30.77,55.59],[30.18,55.88],[29.51,55.7],[29.36,55.76],[29.42,55.97],[28.74,55.97],[28.64,56.11],[28.16,56.14],[28.19,56.45],[27.9,56.75],[27.97,56.83],[27.66,56.83],[27.86,57.29],[27.32,57.58]],[[176.44,64.68],[176.28,64.61],[176.48,64.67],[176.77,64.54],[177.55,64.78],[177.41,64.82],[177.5,64.92],[177.08,64.75],[176.23,64.89],[176.44,64.68]],[[176.97,62.65],[177.29,62.56],[177.5,62.8],[177.24,62.7],[177.04,62.86],[176.97,62.65]],[[162.46,56.36],[162.63,56.23],[163.1,56.51],[162.68,56.48],[162.46,56.36]],[[139.87,51.61],[140.58,51.61],[140.17,51.73],[140.59,51.86],[140.39,51.89],[140.45,52.36],[140.14,52.02],[140.2,51.84],[139.87,51.61]],[[124.55,72.65],[125.22,72.49],[125.12,72.62],[125.25,72.67],[125.6,72.66],[125.72,72.54],[125.96,72.6],[125.41,72.7],[125.43,72.78],[125.05,72.62],[124.55,72.65]],[[112.5,75.8],[112.89,75.71],[112.8,75.55],[113.24,75.66],[112.5,75.8]],[[99.56,75.82],[99.76,75.79],[99.97,75.96],[99.68,75.97],[99.56,75.82]],[[85.2,69.78],[85.41,69.66],[85.9,69.53],[85.68,69.71],[85.2,69.78]]],[[[51.43,71.84],[51.57,72.07],[51.86,72.15],[52.46,72.04],[52.46,72.27],[52.6,72.25],[52.72,72.48],[52.95,72.54],[52.45,72.71],[52.58,72.83],[53.3,72.88],[53.08,72.95],[53.31,73.01],[53.22,73.15],[54.41,73.29],[54.49,73.36],[54.07,73.36],[54.86,73.66],[54.22,73.6],[53.71,73.79],[54.61,73.93],[55.03,74.16],[55.83,74.07],[55.11,74.25],[55.69,74.25],[55.3,74.35],[56.07,74.45],[55.6,74.61],[56.65,74.65],[56.46,74.77],[55.84,74.78],[56.37,74.97],[55.84,74.96],[55.91,75.04],[55.75,75.05],[55.85,75.15],[56.59,75.06],[56.97,75.23],[56.71,75.3],[57.04,75.38],[57.91,75.3],[57.56,75.48],[58.42,75.59],[57.98,75.63],[58.78,75.72],[58.74,75.8],[58.89,75.85],[60.32,75.96],[60.05,76.03],[60.49,76.11],[60.78,76.1],[60.55,75.99],[61.08,76.02],[61.18,76.13],[60.91,76.15],[61.15,76.27],[62.4,76.25],[62.57,76.15],[63.72,76.33],[64.26,76.27],[65.48,76.55],[66.1,76.48],[66.15,76.56],[65.82,76.65],[67.57,76.99],[68.56,76.96],[69.08,76.7],[68.8,76.58],[68.95,76.54],[68.42,76.4],[68.31,76.25],[63.8,75.61],[63.7,75.71],[61.97,75.44],[61.5,75.22],[61.36,75.29],[60.74,75.01],[60.54,75.11],[60.03,74.99],[60.63,74.91],[60.21,74.84],[60.24,74.73],[59.74,74.72],[59.87,74.62],[59.72,74.56],[59.1,74.72],[59.27,74.62],[59.14,74.63],[59.14,74.42],[58.5,74.52],[58.72,74.22],[58.17,74.13],[58.25,74.0],[58.15,73.97],[57.41,74.2],[57.87,73.91],[57.88,73.77],[57.65,73.71],[57.31,73.83],[57.62,73.63],[56.9,73.62],[57.24,73.45],[56.77,73.35],[56.73,73.23],[56.28,73.27],[56.57,73.14],[55.98,72.96],[56.27,72.95],[56.12,72.78],[55.77,72.77],[55.92,72.65],[55.68,72.67],[55.38,72.29],[55.57,72.18],[55.39,71.95],[56.05,71.3],[57.61,70.71],[57.46,70.6],[57.02,70.66],[56.88,70.63],[57.3,70.55],[55.88,70.66],[56.02,70.59],[55.87,70.57],[55.43,70.72],[55.48,70.64],[55.28,70.69],[55.2,70.55],[54.59,70.77],[53.69,70.79],[53.54,70.87],[53.76,70.94],[53.55,71.07],[53.93,71.03],[54.12,71.07],[54.01,71.14],[54.13,71.2],[53.55,71.2],[53.3,71.43],[53.43,71.55],[52.95,71.37],[52.76,71.43],[52.53,71.73],[52.49,71.53],[51.92,71.46],[51.62,71.53],[51.43,71.84]]],[[[-180.0,65.33],[-179.86,65.32],[-180.0,65.36],[-180.0,68.98],[-178.84,68.75],[-178.45,68.57],[-178.71,68.69],[-178.69,68.53],[-178.0,68.42],[-177.92,68.32],[-178.0,68.25],[-177.62,68.31],[-177.75,68.23],[-177.5,68.02],[-177.54,67.91],[-177.46,67.96],[-177.55,68.15],[-177.33,68.24],[-175.28,67.67],[-175.06,67.47],[-175.2,67.51],[-175.27,67.34],[-175.05,67.36],[-175.05,67.47],[-174.75,67.31],[-174.9,67.05],[-174.7,66.92],[-174.7,66.72],[-174.94,66.65],[-174.44,66.53],[-174.41,66.28],[-174.21,66.47],[-173.95,66.45],[-173.99,66.22],[-173.69,66.42],[-174.26,66.5],[-173.91,66.67],[-174.02,66.94],[-174.62,67.06],[-173.65,67.11],[-172.77,66.89],[-172.41,66.94],[-173.02,67.04],[-171.72,66.95],[-171.07,66.55],[-169.65,66.08],[-170.39,65.94],[-170.59,65.6],[-171.42,65.82],[-170.98,65.59],[-171.05,65.47],[-172.07,65.48],[-171.84,65.5],[-172.64,65.69],[-172.36,65.57],[-172.28,65.46],[-172.36,65.42],[-172.27,65.42],[-172.08,65.48],[-172.08,65.48],[-172.22,65.21],[-172.08,65.08],[-172.9,64.85],[-172.74,64.76],[-172.94,64.58],[-172.42,64.54],[-172.23,64.41],[-172.96,64.49],[-172.81,64.45],[-172.84,64.3],[-172.94,64.39],[-172.93,64.26],[-173.11,64.24],[-173.37,64.3],[-173.22,64.5],[-173.29,64.57],[-173.3,64.44],[-173.65,64.33],[-174.78,64.76],[-175.43,64.78],[-175.89,65.0],[-175.74,65.14],[-176.05,65.46],[-176.89,65.6],[-177.43,65.47],[-178.54,65.5],[-178.42,65.71],[-178.88,65.91],[-178.91,66.03],[-178.73,65.98],[-178.49,66.13],[-178.49,66.38],[-178.84,66.16],[-179.1,66.24],[-179.08,66.36],[-179.16,66.26],[-179.38,66.31],[-179.2,66.19],[-179.29,66.13],[-179.67,66.17],[-179.78,65.89],[-179.27,65.63],[-179.27,65.53],[-179.68,65.14],[-180.0,65.04],[-180.0,65.33]],[[-176.28,67.69],[-175.91,67.64],[-175.87,67.72],[-176.02,67.73],[-175.8,67.79],[-176.07,67.84],[-176.06,67.73],[-176.28,67.69]]],[[[91.48,80.26],[92.88,80.47],[92.86,80.6],[93.4,80.77],[92.58,80.73],[93.2,80.96],[95.79,81.27],[96.79,80.92],[98.2,80.67],[97.3,80.63],[97.33,80.54],[97.16,80.52],[97.35,80.45],[97.23,80.35],[97.52,80.3],[97.32,80.22],[95.03,80.13],[95.12,80.06],[97.7,80.15],[98.08,80.06],[97.71,79.84],[98.48,79.81],[98.49,80.0],[98.77,80.07],[99.46,80.01],[100.11,79.77],[99.79,79.56],[99.81,79.27],[99.17,79.28],[99.91,79.07],[99.99,78.92],[99.46,78.8],[97.92,78.78],[96.9,79.0],[94.87,79.05],[94.31,79.29],[94.39,79.47],[93.82,79.43],[93.91,79.5],[93.68,79.57],[93.28,79.45],[92.86,79.55],[94.7,79.79],[94.32,79.92],[94.98,80.13],[93.59,80.01],[92.16,80.17],[92.4,80.21],[92.21,80.27],[91.48,80.26]]],[[[141.63,51.89],[141.63,52.33],[141.83,52.55],[141.92,53.03],[141.76,53.38],[141.96,53.46],[142.26,53.54],[142.25,53.38],[142.43,53.38],[142.66,53.52],[142.48,53.66],[142.69,53.95],[142.26,54.3],[142.73,54.42],[142.99,54.11],[142.89,53.88],[143.21,53.31],[143.34,52.83],[143.15,52.09],[143.09,52.16],[143.12,51.93],[143.44,51.5],[143.48,51.32],[143.39,51.34],[143.52,51.23],[143.76,50.38],[144.37,49.04],[144.69,48.86],[144.75,48.65],[144.01,49.27],[143.31,49.41],[143.44,49.32],[142.97,49.11],[142.53,47.78],[143.01,47.26],[143.13,46.87],[143.48,46.82],[143.62,46.37],[143.41,46.02],[143.3,46.51],[142.77,46.61],[142.71,46.75],[142.41,46.59],[142.08,45.89],[141.92,46.04],[141.81,46.6],[142.06,47.11],[141.96,47.62],[142.2,47.99],[142.15,48.31],[141.85,48.77],[142.14,49.52],[142.15,50.33],[142.04,50.55],[142.25,51.12],[142.07,51.48],[141.67,51.75],[141.82,51.79],[141.63,51.89]],[[143.15,53.36],[143.11,53.03],[143.26,52.86],[143.15,53.36]]],[[[136.93,75.34],[137.47,75.35],[137.2,75.38],[137.24,75.62],[136.99,75.59],[137.22,75.65],[137.22,75.75],[137.58,75.78],[137.49,75.94],[138.85,76.2],[140.01,75.94],[139.84,75.88],[140.51,75.78],[140.51,75.66],[140.97,75.63],[140.95,75.98],[141.18,76.1],[141.48,76.04],[141.4,76.17],[142.64,75.85],[143.87,75.83],[145.39,75.5],[144.79,75.4],[144.93,75.27],[144.39,75.05],[143.39,75.05],[142.53,75.34],[142.56,75.46],[143.08,75.68],[142.5,75.71],[142.1,75.54],[142.27,75.31],[142.74,75.07],[143.7,74.95],[142.48,74.8],[141.93,74.93],[142.22,75.01],[141.87,75.0],[141.6,74.93],[140.91,74.89],[140.17,74.8],[139.91,74.79],[140.07,74.82],[139.7,74.97],[139.53,74.91],[139.69,74.85],[139.52,74.74],[139.14,74.63],[138.18,74.76],[136.93,75.34]]],[[[99.39,78.01],[100.09,78.33],[100.39,78.68],[100.9,78.77],[100.82,78.85],[101.37,79.22],[101.89,79.35],[102.28,79.22],[102.24,79.38],[102.47,79.43],[103.22,79.3],[102.87,79.19],[102.77,78.96],[102.5,78.81],[102.98,79.05],[103.9,79.17],[104.75,78.78],[105.29,78.79],[105.46,78.54],[104.83,78.3],[102.88,78.14],[101.3,78.17],[99.99,77.94],[99.39,78.01]]],[[[146.12,75.24],[146.52,75.59],[146.91,75.33],[147.62,75.44],[148.58,75.37],[148.54,75.23],[148.81,75.19],[149.39,75.26],[150.96,75.13],[150.64,74.86],[148.98,74.73],[148.16,74.79],[146.12,75.24]]],[[[19.8,54.44],[20.38,54.68],[19.89,54.64],[19.98,54.96],[20.5,54.97],[20.95,55.28],[20.54,54.95],[21.21,54.92],[21.18,55.2],[21.38,55.29],[22.08,55.03],[22.59,55.07],[22.88,54.79],[22.68,54.53],[22.79,54.36],[21.45,54.32],[19.8,54.44]]],[[[139.78,73.4],[140.57,73.5],[141.15,73.88],[142.07,73.91],[143.61,73.42],[143.47,73.37],[143.6,73.21],[143.26,73.18],[140.8,73.42],[139.78,73.4]]],[[[46.72,80.3],[47.23,80.38],[47.91,80.31],[47.61,80.4],[48.14,80.45],[47.42,80.46],[48.06,80.54],[49.15,80.52],[49.66,80.67],[49.0,80.78],[50.17,80.95],[50.42,80.93],[50.06,80.87],[50.84,80.95],[51.03,80.86],[50.32,80.76],[50.45,80.72],[51.8,80.71],[49.71,80.48],[49.74,80.37],[48.45,80.32],[49.1,80.17],[48.45,80.2],[48.33,80.07],[47.67,80.08],[47.92,80.24],[47.16,80.16],[46.72,80.3]]],[[[-180.0,71.53],[-178.49,71.55],[-177.44,71.22],[-177.91,71.02],[-179.42,70.87],[-180.0,70.98],[-180.0,71.53]]],[[[48.21,68.94],[48.32,69.25],[48.89,69.48],[49.36,69.48],[50.1,69.27],[50.25,69.19],[50.31,69.13],[49.98,69.09],[49.67,68.86],[48.69,68.69],[48.23,68.87],[48.42,68.72],[48.3,68.75],[48.23,68.8],[48.21,68.94]]],[[[59.27,80.48],[59.7,80.8],[61.73,80.87],[62.18,80.76],[62.06,80.59],[61.16,80.37],[59.27,80.48]]],[[[54.42,81.02],[54.67,81.11],[57.27,80.84],[57.26,80.94],[56.1,81.09],[58.3,80.91],[57.86,81.05],[58.71,81.0],[58.6,80.94],[57.67,80.82],[57.74,80.76],[57.55,80.7],[56.4,80.6],[55.43,80.69],[56.75,80.75],[54.42,81.02]]],[[[62.51,80.78],[63.16,80.95],[64.08,80.97],[64.37,81.18],[65.26,81.11],[65.36,81.01],[65.23,80.86],[64.38,80.71],[63.08,80.64],[62.51,80.78]]],[[[59.07,69.86],[58.48,70.26],[58.82,70.2],[58.52,70.32],[59.09,70.45],[60.57,69.8],[60.22,69.67],[59.58,69.71],[59.67,69.8],[59.07,69.86]]],[[[90.99,80.06],[93.14,80.02],[93.88,79.9],[93.18,79.71],[91.74,79.63],[91.2,79.74],[92.37,79.75],[91.2,79.84],[91.32,79.92],[91.15,79.95],[91.27,80.02],[90.99,80.06]]],[[[178.63,71.07],[178.91,71.22],[180.0,71.53],[180.0,70.98],[178.77,70.78],[178.63,71.07]]],[[[111.51,74.31],[112.02,74.36],[112.02,74.55],[113.25,74.49],[113.47,74.38],[112.83,74.08],[111.51,74.31]]],[[[44.91,80.59],[47.47,80.86],[48.51,80.79],[48.77,80.65],[47.63,80.77],[47.31,80.68],[47.41,80.59],[46.22,80.44],[46.04,80.45],[46.08,80.56],[44.91,80.59]]],[[[69.94,73.04],[70.08,73.35],[70.78,73.48],[71.26,73.41],[71.09,73.41],[71.13,73.26],[71.49,73.3],[71.68,73.16],[69.94,73.04]]],[[[56.98,80.45],[58.85,80.43],[59.31,80.33],[58.19,80.28],[58.09,80.24],[58.43,80.15],[57.93,80.21],[58.06,80.09],[57.87,80.09],[57.35,80.16],[57.23,80.39],[56.98,80.45]]],[[[163.41,58.54],[163.6,58.6],[163.92,59.0],[163.71,59.0],[164.59,59.24],[164.74,59.03],[164.64,58.87],[164.14,58.8],[163.49,58.45],[163.41,58.54]]],[[[77.81,72.28],[76.95,72.27],[76.87,72.3],[77.56,72.59],[78.36,72.45],[77.81,72.28]]],[[[55.8,80.09],[56.16,80.18],[55.94,80.31],[57.2,80.31],[57.08,80.27],[57.18,80.2],[57.07,80.08],[55.8,80.09]]],[[[140.17,74.08],[140.31,74.24],[141.11,74.19],[141.04,74.01],[140.67,73.9],[140.17,74.08]]],[[[155.21,50.29],[155.65,50.38],[155.91,50.7],[156.16,50.74],[156.17,50.51],[155.39,50.0],[155.22,50.05],[155.21,50.29]]],[[[55.45,81.27],[56.5,81.26],[56.33,81.4],[56.67,81.41],[57.95,81.3],[56.44,81.15],[55.45,81.27]]],[[[137.24,54.76],[137.56,55.18],[138.22,55.02],[137.71,54.62],[137.49,54.86],[137.24,54.76]]],[[[78.61,72.82],[79.2,73.08],[79.52,72.92],[79.58,72.75],[78.61,72.82]]],[[[52.23,80.26],[53.0,80.39],[53.95,80.23],[53.44,80.13],[52.23,80.26]]],[[[90.14,81.14],[91.06,81.23],[91.66,81.12],[90.96,81.03],[90.14,81.14]]],[[[59.99,80.97],[61.08,81.11],[61.66,81.1],[61.06,80.91],[59.99,80.97]]],[[[56.82,81.46],[57.71,81.56],[58.55,81.44],[57.99,81.37],[56.82,81.46]]],[[[52.94,71.35],[53.24,71.24],[53.18,71.08],[52.97,71.04],[53.18,70.95],[53.03,70.95],[52.67,71.22],[52.24,71.28],[52.94,71.35]]],[[[135.5,75.44],[135.74,75.87],[136.24,75.62],[135.97,75.4],[135.5,75.44]]],[[[149.4,45.58],[150.17,46.16],[150.57,46.23],[149.67,45.62],[149.4,45.58]]],[[[165.76,55.29],[166.3,55.3],[166.25,55.17],[166.64,54.87],[166.67,54.68],[165.76,55.29]]],[[[78.79,80.78],[79.41,80.9],[80.17,80.84],[79.68,80.75],[78.79,80.78]]],[[[54.02,80.81],[55.1,80.88],[55.93,80.77],[54.88,80.71],[54.02,80.81]]],[[[62.13,81.66],[63.27,81.71],[63.76,81.63],[63.34,81.57],[62.13,81.66]]],[[[76.11,79.63],[76.85,79.6],[77.63,79.5],[76.79,79.47],[76.11,79.63]]],[[[57.84,80.79],[58.3,80.87],[58.99,80.82],[58.52,80.73],[57.84,80.79]]],[[[95.29,76.97],[96.41,77.17],[96.57,77.12],[95.72,76.91],[95.81,76.98],[95.29,76.97]]],[[[58.79,80.01],[59.35,80.09],[59.89,80.04],[59.44,79.91],[58.79,80.01]]],[[[81.61,75.28],[81.73,75.41],[81.89,75.45],[81.8,75.38],[81.98,75.36],[81.97,75.5],[82.29,75.5],[82.19,75.45],[82.36,75.34],[82.08,75.31],[82.05,75.15],[81.94,75.3],[81.65,75.32],[81.9,75.15],[81.61,75.28]]],[[[74.11,73.0],[74.33,73.1],[74.76,73.08],[74.65,72.84],[74.11,73.0]]],[[[106.51,78.13],[107.54,78.19],[107.77,78.12],[107.5,78.04],[106.51,78.13]]],[[[135.44,74.24],[136.28,73.98],[136.3,73.92],[136.07,73.91],[135.44,74.24]]],[[[137.18,71.56],[137.77,71.6],[138.03,71.54],[137.77,71.41],[137.18,71.56]]],[[[50.31,79.96],[50.95,80.09],[51.48,79.93],[50.44,79.93],[50.31,79.96]]],[[[49.53,80.15],[50.04,80.22],[50.39,80.17],[50.08,80.04],[49.53,80.15]]],[[[87.18,74.93],[86.75,74.9],[87.0,74.83],[86.89,74.8],[86.23,74.88],[87.18,74.93]]],[[[56.94,81.15],[57.85,81.23],[58.06,81.19],[57.74,81.11],[56.94,81.15]]],[[[70.29,66.63],[70.59,66.68],[71.01,66.55],[70.59,66.51],[70.29,66.63]]],[[[127.82,72.96],[128.32,73.07],[128.74,73.1],[128.3,72.95],[127.82,72.96]]],[[[53.84,80.56],[54.29,80.57],[54.48,80.49],[53.84,80.46],[53.96,80.52],[53.84,80.56]]],[[[58.5,81.34],[58.95,81.42],[59.32,81.33],[58.96,81.3],[58.5,81.34]]],[[[148.47,76.64],[148.85,76.73],[149.49,76.76],[149.19,76.63],[148.47,76.64]]],[[[154.61,49.36],[154.81,49.63],[154.92,49.61],[154.82,49.29],[154.61,49.36]]],[[[50.37,81.04],[50.52,81.18],[51.0,81.12],[50.79,81.06],[50.37,81.04]]],[[[136.67,54.9],[136.79,55.01],[137.2,55.11],[137.06,54.92],[136.67,54.9]]],[[[89.23,77.24],[89.41,77.3],[89.75,77.24],[89.38,77.14],[89.23,77.24]]],[[[82.65,70.76],[82.79,70.94],[83.09,70.73],[82.84,70.67],[82.65,70.76]]]]}},{"type":"Feature","properties":{"iso3":"VNM","name":"Viet Nam"},"geometry":{"type":"Polygon","coordinates":[[[102.14,22.4],[102.5,22.78],[103.03,22.44],[103.33,22.81],[103.53,22.6],[103.64,22.8],[103.98,22.51],[104.12,22.81],[104.26,22.84],[104.37,22.69],[104.72,22.82],[104.86,22.95],[104.8,23.12],[105.33,23.39],[105.88,22.92],[106.15,23.0],[106.28,22.87],[106.53,22.95],[106.84,22.81],[106.56,22.46],[106.7,21.99],[107.02,21.94],[107.02,21.82],[107.37,21.61],[107.86,21.66],[108.07,21.49],[107.78,21.52],[107.61,21.3],[107.46,21.3],[107.35,21.01],[106.77,20.94],[106.81,20.68],[106.58,20.56],[106.57,20.28],[106.33,20.37],[106.18,19.97],[105.96,19.91],[105.83,19.31],[105.62,18.98],[105.91,18.46],[106.43,18.12],[106.57,17.54],[107.82,16.29],[108.02,16.34],[108.19,16.21],[108.17,16.08],[108.32,16.14],[108.3,15.95],[108.94,15.23],[108.88,15.12],[109.3,13.88],[109.22,13.74],[109.33,13.46],[109.22,13.4],[109.46,12.89],[109.36,12.82],[109.44,12.57],[109.35,12.79],[109.19,12.64],[109.34,12.4],[109.16,12.42],[109.28,11.88],[109.13,11.56],[109.03,11.57],[109.02,11.36],[108.79,11.31],[108.3,10.92],[108.09,10.92],[107.99,10.7],[107.08,10.32],[107.16,10.47],[107.03,10.53],[107.02,10.67],[106.74,10.67],[106.65,10.54],[106.76,10.27],[106.12,10.29],[106.66,9.92],[106.63,9.81],[106.35,9.99],[106.57,9.7],[106.28,9.61],[105.86,9.98],[106.21,9.51],[106.19,9.37],[105.54,9.12],[105.11,8.63],[104.83,8.56],[104.72,8.61],[104.9,8.78],[104.79,8.79],[104.84,9.59],[104.89,9.84],[105.1,9.97],[104.75,10.22],[104.6,10.14],[104.45,10.42],[104.87,10.52],[105.06,10.8],[105.24,10.58],[105.43,10.55],[105.34,10.81],[105.43,10.97],[105.78,11.03],[105.86,10.86],[106.18,10.81],[106.19,11.05],[105.87,11.29],[105.81,11.62],[106.04,11.78],[106.43,11.68],[106.41,11.97],[106.72,11.97],[107.19,12.3],[107.42,12.25],[107.54,12.35],[107.48,12.95],[107.62,13.53],[107.33,14.12],[107.56,14.63],[107.58,14.87],[107.47,15.01],[107.61,15.05],[107.63,15.32],[107.21,15.75],[107.45,16.07],[106.97,16.3],[106.86,16.54],[106.68,16.45],[106.55,16.98],[105.75,17.67],[105.49,18.2],[105.37,18.16],[105.18,18.33],[105.1,18.45],[105.19,18.64],[103.88,19.31],[104.12,19.5],[104.07,19.68],[104.63,19.62],[104.84,19.8],[104.98,20.1],[104.61,20.24],[104.67,20.46],[104.47,20.37],[104.38,20.44],[104.63,20.67],[104.1,20.97],[103.81,20.86],[103.68,20.66],[103.11,20.9],[102.81,21.26],[102.97,21.73],[102.67,21.66],[102.61,21.92],[102.14,22.4]]]}},{"type":"Feature","properties":{"iso3":"MNG","name":"Mongolia"},"geometry":{"type":"Polygon","coordinates":[[[87.73,48.88],[87.89,48.98],[87.82,49.17],[88.16,49.29],[88.22,49.48],[89.15,49.5],[89.2,49.64],[89.71,49.72],[89.59,49.91],[90.68,50.21],[90.91,50.41],[91.39,50.46],[91.72,50.7],[92.27,50.73],[92.36,50.88],[92.63,50.7],[93.0,50.79],[92.98,50.66],[93.11,50.59],[94.28,50.57],[94.39,50.22],[94.62,50.04],[95.53,49.9],[95.87,50.04],[97.32,49.75],[97.58,49.94],[98.06,50.03],[98.3,50.32],[98.32,50.5],[98.02,50.66],[98.02,50.87],[97.83,51.02],[98.04,51.46],[98.23,51.46],[98.36,51.73],[98.76,51.88],[98.97,52.15],[99.35,51.94],[99.8,51.91],[99.92,51.74],[100.59,51.74],[101.37,51.46],[102.12,51.36],[102.32,50.68],[102.65,50.4],[103.24,50.32],[103.28,50.2],[104.14,50.14],[104.39,50.31],[105.35,50.48],[106.73,50.32],[107.21,50.0],[107.97,49.94],[107.94,49.67],[108.3,49.55],[108.52,49.32],[110.81,49.18],[111.38,49.36],[112.81,49.52],[113.22,49.84],[114.34,50.29],[114.85,50.22],[115.67,49.89],[116.24,50.04],[116.71,49.85],[115.81,48.55],[115.82,48.25],[115.53,48.15],[115.58,47.92],[115.93,47.68],[116.26,47.88],[116.8,47.9],[117.37,47.64],[117.8,48.01],[118.56,47.99],[119.71,47.19],[119.93,46.72],[119.68,46.59],[118.88,46.77],[118.79,46.69],[118.31,46.74],[117.71,46.51],[117.43,46.58],[117.37,46.36],[116.58,46.29],[116.17,45.69],[115.36,45.39],[114.55,45.39],[114.11,44.95],[113.63,44.74],[112.85,44.84],[112.42,45.07],[111.97,45.08],[111.73,44.94],[111.41,44.36],[111.87,43.94],[111.95,43.69],[111.06,43.35],[110.43,42.78],[109.48,42.46],[107.46,42.46],[105.72,41.94],[105.01,41.58],[104.52,41.66],[104.51,41.87],[103.41,41.88],[102.71,42.15],[102.08,42.23],[101.8,42.5],[100.85,42.67],[99.5,42.57],[97.17,42.79],[96.39,42.72],[96.36,42.9],[95.88,43.28],[95.53,44.0],[95.32,44.03],[95.41,44.29],[94.72,44.34],[93.51,44.97],[90.88,45.19],[90.67,45.54],[91.02,46.02],[90.89,46.31],[91.07,46.55],[91.04,46.72],[90.56,47.21],[90.35,47.66],[90.12,47.73],[90.06,47.88],[89.76,47.83],[89.57,48.03],[89.07,47.99],[88.64,48.18],[88.57,48.36],[87.97,48.57],[88.06,48.71],[87.73,48.88]]]}},{"type":"Feature","properties":{"iso3":"KHM","name":"Cambodia"},"geometry":{"type":"Polygon","coordinates":[[[102.33,13.54],[102.61,13.6],[102.55,13.67],[103.06,14.29],[103.56,14.43],[103.94,14.33],[104.81,14.44],[104.99,14.38],[105.05,14.22],[105.2,14.35],[105.36,14.11],[105.56,14.16],[106.09,13.91],[106.18,14.06],[106.0,14.37],[106.19,14.35],[106.54,14.59],[106.83,14.3],[106.96,14.32],[107.56,14.69],[107.34,14.12],[107.62,13.53],[107.49,12.94],[107.58,12.5],[107.42,12.24],[107.34,12.33],[106.72,11.97],[106.42,11.98],[106.45,11.67],[106.05,11.77],[105.81,11.62],[105.87,11.29],[106.19,11.05],[106.19,10.79],[105.85,10.86],[105.77,11.03],[105.34,10.86],[105.08,10.95],[105.1,10.72],[104.5,10.4],[103.88,10.66],[103.61,10.5],[103.49,10.62],[103.71,10.83],[103.74,11.1],[103.48,11.16],[103.41,10.89],[103.12,10.87],[103.11,11.46],[102.92,11.63],[102.7,12.17],[102.78,12.43],[102.51,12.68],[102.33,13.54]]]}},{"type":"Feature","properties":{"iso3":"LAO","name":"Lao People's Democratic Republic"},"geometry":{"type":"Polygon","coordinates":[[[100.08,20.35],[100.25,20.75],[100.63,20.87],[100.51,20.9],[100.73,21.31],[101.14,21.56],[101.28,21.18],[101.84,21.21],[101.73,21.35],[101.78,21.83],[101.6,21.97],[101.55,22.24],[101.76,22.51],[101.88,22.39],[102.13,22.43],[102.61,21.92],[102.68,21.66],[102.83,21.84],[102.87,21.71],[102.97,21.74],[102.83,21.26],[103.11,20.9],[103.69,20.66],[103.81,20.87],[104.1,20.98],[104.64,20.67],[104.38,20.45],[104.47,20.37],[104.67,20.47],[104.62,20.25],[104.99,20.09],[104.84,19.8],[104.64,19.62],[104.08,19.68],[104.12,19.5],[103.9,19.31],[104.74,18.8],[105.13,18.71],[105.19,18.32],[105.37,18.16],[105.49,18.2],[105.75,17.68],[106.55,17.01],[106.68,16.46],[106.86,16.54],[106.97,16.31],[107.46,16.08],[107.21,15.76],[107.38,15.5],[107.62,15.41],[107.45,14.53],[107.3,14.59],[106.85,14.29],[106.54,14.59],[106.01,14.36],[106.19,14.06],[106.1,13.91],[105.56,14.16],[105.36,14.1],[105.21,14.34],[105.53,14.55],[105.61,14.97],[105.47,15.13],[105.59,15.28],[105.47,15.35],[105.63,15.66],[105.39,15.81],[105.41,16.01],[105.05,16.1],[104.74,16.54],[104.8,17.39],[104.28,17.85],[103.98,18.33],[103.31,18.43],[103.04,17.98],[102.69,17.8],[102.09,18.22],[101.16,17.47],[100.97,17.57],[101.18,18.07],[101.18,18.34],[101.05,18.44],[101.26,18.68],[101.35,19.04],[101.19,19.39],[101.29,19.57],[100.49,19.54],[100.4,19.74],[100.57,20.16],[100.33,20.4],[100.16,20.24],[100.08,20.35]]]}},{"type":"Feature","properties":{"iso3":"MMR","name":"Myanmar"},"geometry":{"type":"MultiPolygon","coordinates":[[[[92.17,21.18],[92.37,21.48],[92.67,21.28],[92.61,21.97],[92.69,22.15],[92.91,21.96],[93.2,22.26],[93.09,22.81],[93.14,23.06],[93.29,23.01],[93.38,23.13],[93.34,24.1],[93.49,23.95],[93.76,24.01],[94.16,23.85],[94.71,24.93],[94.74,25.13],[94.58,25.21],[94.63,25.39],[95.04,25.74],[95.01,25.9],[95.18,26.06],[95.07,26.46],[95.15,26.62],[96.23,27.28],[96.7,27.37],[97.14,27.1],[96.89,27.62],[97.38,27.89],[97.35,28.24],[97.57,28.55],[97.8,28.33],[97.91,28.37],[98.16,28.1],[98.32,27.53],[98.44,27.67],[98.7,27.56],[98.78,26.6],[98.72,26.13],[98.57,26.12],[98.71,25.85],[98.53,25.84],[98.31,25.55],[98.18,25.62],[98.14,25.39],[97.72,25.08],[97.8,24.85],[97.56,24.74],[97.53,24.45],[97.67,24.46],[97.77,24.26],[97.54,23.93],[97.65,23.86],[98.09,24.09],[98.88,24.16],[98.68,23.91],[98.89,23.62],[98.8,23.53],[98.92,23.42],[98.89,23.19],[99.51,23.08],[99.57,22.93],[99.32,22.74],[99.38,22.5],[99.2,22.15],[99.97,22.06],[99.95,21.81],[100.17,21.67],[100.16,21.49],[100.59,21.45],[101.09,21.78],[101.17,21.6],[101.0,21.39],[100.72,21.3],[100.51,20.9],[100.65,20.88],[100.25,20.75],[100.08,20.35],[99.95,20.46],[99.81,20.34],[99.46,20.39],[99.54,20.15],[99.08,20.1],[98.99,19.74],[98.84,19.81],[98.25,19.68],[98.04,19.8],[98.04,19.64],[97.79,19.4],[97.84,19.09],[97.68,18.94],[97.77,18.58],[97.36,18.55],[97.49,18.28],[97.64,18.29],[97.79,17.68],[98.51,16.95],[98.47,16.74],[98.67,16.28],[98.92,16.39],[98.85,16.13],[98.57,16.05],[98.56,15.34],[98.31,15.3],[98.18,15.11],[98.6,14.32],[99.11,13.89],[99.21,13.26],[99.11,13.07],[99.24,12.73],[99.44,12.58],[99.48,12.15],[99.66,11.82],[99.23,11.11],[98.78,10.69],[98.81,10.47],[98.55,9.97],[98.46,10.75],[98.57,10.68],[98.74,10.92],[98.72,11.61],[98.88,11.71],[98.7,12.2],[98.79,12.14],[98.85,12.3],[98.59,12.43],[98.72,12.75],[98.23,13.89],[98.12,13.55],[98.08,14.17],[97.9,14.58],[97.98,14.78],[97.9,14.87],[97.9,14.74],[97.87,14.71],[97.83,14.71],[97.71,15.85],[97.57,16.02],[97.62,16.5],[97.36,16.51],[97.18,17.04],[97.08,16.94],[96.93,17.32],[96.92,17.07],[96.64,16.56],[96.4,16.49],[96.26,16.58],[96.33,16.44],[96.12,16.32],[95.93,16.41],[95.89,16.24],[95.74,16.13],[95.64,15.92],[95.44,15.73],[95.45,15.83],[95.3,15.86],[95.39,16.31],[95.27,16.46],[95.23,16.25],[95.12,16.32],[95.28,16.7],[94.68,16.0],[94.55,15.96],[94.75,16.39],[94.68,16.46],[94.24,15.95],[94.24,16.54],[94.34,16.54],[94.44,17.18],[94.6,17.34],[94.47,18.22],[94.32,18.25],[94.4,18.32],[94.25,18.51],[94.28,18.77],[94.11,18.94],[94.11,19.42],[93.86,19.52],[93.77,19.92],[93.46,20.06],[93.32,20.33],[93.0,20.14],[92.96,20.38],[92.74,20.55],[92.74,20.27],[92.17,21.18]]],[[[93.47,19.35],[93.6,19.41],[93.66,19.2],[93.67,19.29],[93.85,19.25],[93.94,18.85],[93.67,19.02],[93.47,19.35]]]]}},{"type":"Feature","properties":{"iso3":"THA","name":"Thailand"},"geometry":{"type":"Polygon","coordinates":[[[97.34,18.58],[97.53,18.5],[97.77,18.59],[97.67,18.94],[97.84,19.1],[97.79,19.4],[98.05,19.81],[98.25,19.68],[98.99,19.75],[99.08,20.1],[99.54,20.16],[99.46,20.39],[99.68,20.32],[99.97,20.46],[100.15,20.25],[100.33,20.4],[100.58,20.17],[100.41,19.76],[100.49,19.54],[101.29,19.57],[101.19,19.39],[101.36,19.05],[101.27,18.69],[101.06,18.45],[101.18,18.34],[101.18,18.07],[101.02,17.89],[100.98,17.57],[101.16,17.48],[102.09,18.22],[102.68,17.81],[103.04,17.98],[103.31,18.43],[103.97,18.34],[104.28,17.86],[104.8,17.4],[104.74,16.54],[105.08,16.09],[105.42,16.01],[105.39,15.81],[105.64,15.66],[105.47,15.35],[105.58,15.31],[105.47,15.13],[105.62,14.98],[105.43,14.42],[105.08,14.21],[104.81,14.43],[103.17,14.33],[102.94,14.2],[102.56,13.67],[102.62,13.61],[102.35,13.56],[102.35,13.27],[102.53,13.0],[102.5,12.69],[102.78,12.43],[102.7,12.17],[102.9,11.77],[102.91,11.65],[102.65,12.21],[102.58,12.04],[102.5,12.17],[102.29,12.19],[101.79,12.69],[101.42,12.58],[100.85,12.65],[100.96,13.47],[100.28,13.51],[99.95,13.3],[100.09,13.04],[99.96,12.65],[100.02,12.19],[99.56,11.34],[99.52,10.9],[99.23,10.49],[99.28,10.36],[99.15,10.36],[99.25,10.24],[99.15,9.74],[99.31,9.39],[99.21,9.31],[99.37,9.18],[99.83,9.31],[99.95,8.6],[100.09,8.4],[100.22,8.4],[100.11,8.52],[100.21,8.45],[100.57,7.24],[100.98,6.86],[101.53,6.86],[102.09,6.25],[101.82,5.73],[101.57,5.93],[101.14,5.61],[100.98,5.81],[101.12,5.98],[101.11,6.25],[100.85,6.23],[100.81,6.44],[100.37,6.54],[100.29,6.71],[100.17,6.7],[100.18,6.57],[100.16,6.57],[100.16,6.48],[100.12,6.42],[100.1,6.6],[99.95,6.58],[99.94,6.77],[99.68,6.9],[99.78,7.16],[99.61,7.25],[99.59,7.15],[99.5,7.4],[99.4,7.31],[99.26,7.71],[99.1,7.79],[99.04,7.7],[99.09,7.94],[98.97,7.93],[98.95,8.08],[98.77,8.02],[98.66,8.41],[98.41,8.31],[98.45,7.88],[98.29,7.78],[98.22,8.73],[98.33,8.97],[98.4,8.91],[98.36,9.28],[98.46,9.56],[98.48,9.47],[98.57,9.56],[98.46,9.63],[98.77,10.3],[98.78,10.68],[99.23,11.11],[99.66,11.82],[99.47,12.13],[99.44,12.58],[99.24,12.73],[99.1,13.07],[99.21,13.26],[99.11,13.89],[98.6,14.32],[98.18,15.11],[98.3,15.31],[98.56,15.36],[98.56,16.04],[98.84,16.13],[98.92,16.38],[98.68,16.27],[98.46,16.73],[98.5,16.96],[97.79,17.68],[97.63,18.29],[97.5,18.27],[97.34,18.58]]]}},{"type":"Feature","properties":{"iso3":"AFG","name":"Afghanistan"},"geometry":{"type":"Polygon","coordinates":[[[60.52,34.1],[60.69,34.31],[60.89,34.31],[60.74,34.52],[61.0,34.64],[61.09,35.26],[61.27,35.61],[61.59,35.44],[62.06,35.43],[62.31,35.14],[62.48,35.28],[62.74,35.25],[63.1,35.43],[63.1,35.62],[63.24,35.69],[63.12,35.86],[64.06,36.01],[64.09,36.13],[64.51,36.29],[64.8,36.92],[64.76,37.11],[65.53,37.24],[65.71,37.54],[66.32,37.32],[67.04,37.38],[67.27,37.18],[67.5,37.28],[68.02,36.92],[68.9,37.33],[69.26,37.1],[69.44,37.22],[69.37,37.41],[69.53,37.59],[70.16,37.53],[70.3,37.7],[70.17,37.93],[70.5,38.12],[70.68,38.41],[70.99,38.49],[71.37,38.26],[71.27,37.93],[71.59,37.92],[71.43,37.07],[71.68,36.67],[72.68,37.02],[72.82,37.23],[73.31,37.46],[73.77,37.44],[73.63,37.27],[73.76,37.22],[74.38,37.42],[74.69,37.41],[74.89,37.23],[74.5,37.24],[74.54,36.96],[74.12,36.84],[73.85,36.92],[72.65,36.85],[72.24,36.75],[71.81,36.4],[71.64,36.47],[71.2,36.05],[71.55,35.73],[71.66,35.44],[71.55,35.31],[71.68,35.21],[71.02,34.54],[71.18,34.36],[71.08,34.06],[70.5,33.94],[69.91,34.04],[69.86,33.93],[70.14,33.72],[70.33,33.33],[69.5,33.02],[69.45,32.66],[69.24,32.46],[69.33,31.93],[69.12,31.7],[68.91,31.6],[68.58,31.83],[68.47,31.78],[68.54,31.71],[68.17,31.83],[67.58,31.52],[67.77,31.32],[67.28,31.2],[66.84,31.27],[66.39,30.93],[66.23,30.07],[66.37,29.97],[66.25,29.85],[65.06,29.53],[64.54,29.59],[64.12,29.38],[63.58,29.49],[62.47,29.39],[60.87,29.86],[61.8,30.83],[61.83,31.09],[61.71,31.38],[60.86,31.49],[60.88,32.2],[60.58,33.13],[60.93,33.52],[60.58,33.6],[60.52,34.1]]]}},{"type":"Feature","properties":{"iso3":"BTN","name":"Bhutan"},"geometry":{"type":"Polygon","coordinates":[[[88.75,27.14],[89.15,27.32],[89.11,27.54],[89.24,27.8],[89.8,28.25],[90.59,28.03],[91.25,27.98],[91.34,28.07],[91.63,27.89],[91.64,27.49],[92.02,27.48],[92.12,27.29],[92.06,26.85],[90.73,26.77],[90.36,26.9],[89.86,26.7],[89.38,26.86],[89.13,26.81],[88.75,27.14]]]}},{"type":"Feature","properties":{"iso3":"HKG","name":"Hong Kong SAR, China"},"geometry":{"type":"Polygon","coordinates":[[[113.91,22.42],[114.17,22.56],[114.4,22.41],[114.27,22.26],[113.91,22.42]]]}},{"type":"Feature","properties":{"iso3":"IDN","name":"Indonesia"},"geometry":{"type":"MultiPolygon","coordinates":[[[[108.84,0.82],[108.98,0.96],[108.91,1.17],[109.06,1.52],[109.31,1.74],[109.34,1.94],[109.65,2.08],[109.54,1.92],[109.69,1.78],[109.67,1.61],[110.57,0.86],[111.23,1.09],[111.83,0.99],[112.14,1.14],[112.21,1.45],[112.5,1.58],[113.0,1.58],[112.99,1.41],[113.64,1.22],[113.97,1.45],[114.57,1.44],[114.72,1.86],[114.87,1.92],[114.74,2.19],[115.25,2.51],[115.09,2.61],[115.09,2.82],[115.56,3.15],[115.65,3.44],[115.56,3.92],[115.69,4.17],[115.88,4.39],[116.45,4.29],[116.57,4.41],[117.25,4.37],[117.53,4.16],[117.28,4.19],[117.4,3.89],[117.54,3.92],[117.72,3.84],[117.48,3.76],[117.49,3.64],[117.22,3.61],[117.21,3.49],[117.41,3.39],[117.27,3.22],[117.38,3.09],[117.33,2.89],[117.78,2.75],[118.1,2.28],[117.71,2.19],[117.7,2.04],[118.99,0.99],[118.8,0.82],[118.37,0.81],[118.06,0.9],[117.89,1.13],[118.03,0.78],[117.77,0.77],[117.51,0.32],[117.45,-0.46],[117.28,-0.58],[117.25,-0.91],[116.91,-1.27],[116.74,-1.21],[116.76,-1.36],[116.54,-1.46],[116.56,-1.6],[116.14,-1.81],[116.45,-1.77],[116.46,-2.03],[116.28,-2.17],[116.6,-2.2],[116.51,-2.56],[116.29,-2.52],[116.27,-2.64],[116.41,-2.58],[116.36,-2.88],[116.21,-3.0],[116.13,-2.79],[116.04,-2.96],[116.27,-3.13],[116.03,-3.31],[115.97,-3.61],[114.67,-4.18],[114.51,-3.48],[114.06,-3.33],[113.64,-3.47],[113.6,-3.16],[113.34,-3.28],[113.04,-2.98],[112.94,-3.12],[113.03,-3.14],[112.56,-3.45],[112.26,-3.31],[111.9,-3.54],[111.77,-3.51],[111.73,-2.82],[111.55,-3.02],[111.35,-2.91],[110.99,-3.07],[110.66,-3.04],[110.58,-2.84],[110.26,-2.96],[110.06,-2.25],[110.12,-2.03],[109.9,-1.83],[110.07,-1.37],[109.77,-1.03],[109.69,-1.22],[109.38,-1.26],[109.49,-0.97],[109.75,-1.02],[109.94,-0.74],[109.82,-0.62],[109.6,-0.69],[109.41,-0.51],[109.27,-0.59],[109.16,-0.47],[109.16,-0.57],[109.1,-0.35],[109.35,-0.46],[109.43,-0.34],[109.18,-0.2],[109.21,0.05],[108.92,0.33],[108.84,0.82]]],[[[95.19,5.53],[95.62,5.63],[96.39,5.21],[96.85,5.28],[97.2,5.14],[97.5,5.25],[97.9,4.89],[97.97,4.54],[98.25,4.4],[98.17,4.1],[98.53,4.01],[98.7,3.76],[99.75,3.16],[99.98,2.93],[99.97,2.71],[100.22,2.7],[100.48,2.2],[100.9,1.92],[100.78,2.16],[101.05,2.28],[101.3,2.04],[101.38,1.72],[101.76,1.66],[102.15,1.37],[102.23,0.97],[102.39,0.84],[102.43,0.93],[102.24,1.1],[102.26,1.43],[102.01,1.61],[102.46,1.52],[102.49,0.93],[102.76,1.16],[102.99,1.08],[103.15,0.9],[103.03,0.69],[102.87,0.79],[102.6,0.77],[102.9,0.73],[103.11,0.46],[102.78,0.27],[103.33,0.55],[103.71,0.3],[103.81,-0.0],[103.48,0.07],[103.54,-0.03],[103.36,-0.04],[103.45,-0.18],[103.22,-0.27],[103.39,-0.53],[103.31,-0.57],[103.42,-0.56],[103.28,-0.69],[103.74,-1.0],[104.36,-1.02],[104.52,-1.7],[104.35,-1.92],[104.61,-2.15],[104.73,-2.12],[104.72,-1.99],[104.89,-2.08],[104.91,-2.18],[104.65,-2.37],[104.9,-2.34],[104.76,-2.73],[104.93,-2.79],[105.07,-2.37],[105.24,-2.36],[105.57,-2.45],[105.81,-2.92],[106.04,-3.0],[106.09,-3.25],[105.82,-3.59],[105.96,-3.82],[105.77,-4.33],[105.91,-4.44],[105.91,-4.64],[105.72,-5.91],[105.29,-5.45],[105.15,-5.81],[104.55,-5.52],[104.73,-5.93],[104.56,-5.93],[103.91,-5.13],[102.28,-3.96],[102.21,-3.65],[101.61,-3.23],[101.32,-2.74],[100.89,-2.32],[100.86,-1.92],[100.56,-1.34],[100.35,-1.17],[100.34,-0.87],[99.82,-0.3],[99.76,-0.06],[99.14,0.25],[98.71,1.56],[98.84,1.62],[98.79,1.73],[97.96,2.27],[97.78,2.24],[97.59,2.88],[97.37,2.99],[97.0,3.54],[96.74,3.75],[96.5,3.75],[95.54,4.66],[95.19,5.53]]],[[[130.64,-0.96],[131.03,-0.91],[131.05,-1.24],[131.19,-1.23],[131.23,-0.82],[131.85,-0.71],[132.42,-0.34],[132.95,-0.45],[133.4,-0.74],[133.95,-0.71],[134.14,-0.86],[134.02,-0.96],[134.28,-1.34],[134.08,-1.66],[134.16,-2.31],[134.48,-2.87],[134.46,-2.55],[134.63,-2.48],[134.69,-2.96],[134.85,-2.89],[134.87,-3.25],[135.12,-3.38],[135.5,-3.36],[135.98,-2.97],[135.96,-2.8],[136.29,-2.53],[136.4,-2.22],[136.58,-2.2],[136.61,-2.31],[137.22,-2.15],[137.3,-2.06],[137.15,-1.77],[137.51,-1.86],[137.36,-1.72],[137.93,-1.46],[137.94,-1.63],[138.07,-1.62],[137.98,-1.53],[138.66,-1.79],[139.75,-2.37],[140.14,-2.32],[140.34,-2.46],[140.71,-2.49],[140.71,-2.63],[141.0,-2.6],[141.0,-6.32],[140.85,-6.71],[141.02,-6.89],[141.02,-9.13],[139.97,-8.17],[140.02,-8.06],[139.34,-8.21],[139.22,-8.1],[138.89,-8.39],[138.58,-8.28],[137.65,-8.45],[137.93,-7.76],[138.27,-7.45],[138.78,-7.38],[139.09,-7.66],[139.15,-7.63],[138.68,-7.23],[139.07,-7.22],[138.56,-6.94],[138.95,-6.82],[138.43,-6.36],[138.26,-5.92],[138.42,-5.83],[138.38,-5.72],[138.67,-5.61],[138.34,-5.66],[138.17,-5.45],[138.09,-5.53],[138.19,-5.15],[137.93,-5.22],[138.03,-4.98],[137.82,-5.13],[137.61,-4.87],[136.66,-4.78],[136.17,-4.54],[135.2,-4.46],[134.63,-4.12],[134.68,-3.99],[134.95,-3.95],[134.68,-3.93],[134.51,-4.04],[134.37,-3.91],[134.29,-4.05],[134.11,-3.91],[134.14,-3.75],[133.96,-3.86],[133.83,-3.58],[133.82,-3.73],[133.69,-3.67],[133.67,-3.35],[133.44,-3.43],[133.59,-3.53],[133.4,-3.68],[133.45,-3.86],[133.32,-4.01],[132.93,-4.09],[132.73,-3.64],[132.91,-3.56],[132.8,-3.26],[132.67,-3.32],[132.42,-2.99],[131.98,-2.92],[131.95,-2.77],[132.23,-2.65],[132.74,-2.8],[133.22,-2.42],[133.37,-2.5],[133.39,-2.74],[133.64,-2.58],[133.64,-2.77],[133.69,-2.64],[133.89,-2.73],[133.83,-2.51],[134.02,-2.49],[134.06,-2.36],[133.96,-2.34],[133.96,-2.05],[133.26,-2.13],[132.96,-2.29],[132.56,-2.19],[132.32,-2.28],[132.11,-1.96],[131.98,-1.97],[132.11,-1.63],[131.95,-1.65],[131.99,-1.42],[131.71,-1.58],[131.56,-1.25],[131.49,-1.48],[131.34,-1.32],[131.28,-1.5],[131.0,-1.46],[131.04,-1.27],[130.86,-1.34],[130.64,-0.96]]],[[[118.76,-2.79],[118.82,-2.62],[118.91,-2.67],[119.14,-2.47],[119.21,-2.0],[119.35,-1.94],[119.34,-1.17],[119.73,-0.65],[119.88,-0.86],[119.76,-0.49],[119.81,-0.15],[119.6,-0.01],[119.85,-0.09],[119.77,0.21],[119.9,0.23],[119.88,0.45],[120.05,0.51],[120.04,0.72],[120.23,0.8],[120.28,0.99],[120.57,0.76],[120.9,1.36],[121.26,1.23],[121.46,1.31],[121.42,1.18],[121.65,1.03],[122.45,1.03],[122.85,0.8],[122.99,0.97],[123.92,0.84],[124.58,1.2],[124.53,1.35],[124.83,1.47],[124.98,1.75],[125.18,1.68],[125.23,1.47],[124.45,0.45],[123.63,0.29],[123.27,0.32],[123.07,0.51],[121.88,0.44],[121.6,0.56],[120.9,0.4],[120.51,0.51],[120.3,0.42],[120.04,-0.07],[120.11,-0.73],[120.51,-1.0],[120.69,-1.41],[121.11,-1.43],[121.63,-0.81],[121.71,-0.95],[121.94,-1.0],[122.2,-0.79],[122.9,-0.76],[122.72,-0.66],[123.06,-0.56],[123.41,-0.66],[123.34,-1.04],[123.1,-0.84],[122.81,-0.94],[122.39,-1.49],[121.84,-1.7],[121.68,-1.95],[121.33,-1.76],[121.29,-1.83],[121.56,-2.18],[121.83,-2.29],[122.01,-2.72],[122.49,-3.18],[122.32,-3.24],[122.38,-3.46],[122.28,-3.37],[122.2,-3.61],[122.67,-3.9],[122.66,-4.15],[122.85,-4.07],[122.89,-4.4],[122.69,-4.32],[122.74,-4.51],[122.53,-4.38],[122.09,-4.49],[122.0,-4.65],[122.12,-4.82],[122.01,-4.9],[121.55,-4.77],[121.47,-4.62],[121.61,-4.07],[121.25,-3.92],[120.88,-3.53],[121.07,-3.19],[121.09,-2.92],[120.98,-2.81],[121.07,-2.62],[120.67,-2.64],[120.19,-2.98],[120.42,-3.26],[120.33,-4.1],[120.45,-4.66],[120.27,-5.16],[120.47,-5.62],[120.32,-5.51],[119.93,-5.55],[119.79,-5.7],[119.58,-5.66],[119.35,-5.33],[119.63,-4.32],[119.45,-3.71],[119.51,-3.56],[119.29,-3.43],[118.93,-3.57],[118.78,-3.1],[118.88,-2.89],[118.76,-2.79]]],[[[105.21,-6.75],[105.37,-6.65],[105.46,-6.83],[105.65,-6.48],[105.81,-6.49],[106.04,-5.88],[106.17,-6.03],[106.36,-5.96],[106.84,-6.12],[106.99,-6.08],[107.02,-5.92],[107.34,-5.97],[107.67,-6.24],[107.89,-6.18],[108.12,-6.33],[108.35,-6.24],[108.6,-6.75],[108.75,-6.81],[109.07,-6.76],[109.27,-6.87],[109.52,-6.77],[110.47,-6.95],[110.67,-6.5],[110.98,-6.41],[111.24,-6.69],[111.49,-6.62],[112.12,-6.9],[112.55,-6.84],[112.7,-7.22],[112.68,-7.05],[112.86,-6.89],[113.91,-6.86],[114.12,-6.98],[113.52,-7.25],[112.77,-7.17],[112.87,-7.59],[113.28,-7.78],[114.04,-7.61],[114.44,-7.79],[114.42,-8.09],[114.52,-8.15],[114.86,-8.2],[115.19,-8.06],[115.71,-8.4],[115.09,-8.84],[115.16,-8.7],[114.94,-8.48],[114.58,-8.4],[114.43,-8.12],[114.34,-8.42],[114.61,-8.72],[114.54,-8.78],[113.18,-8.28],[112.65,-8.45],[111.79,-8.27],[111.7,-8.38],[110.71,-8.2],[109.38,-7.72],[109.02,-7.75],[108.83,-7.61],[108.3,-7.81],[107.4,-7.49],[106.4,-7.38],[106.53,-6.98],[106.31,-6.99],[106.03,-6.82],[105.26,-6.85],[105.21,-6.75]]],[[[127.4,1.04],[127.58,1.76],[127.96,2.22],[128.06,2.2],[127.84,1.86],[128.02,1.7],[128.01,1.31],[127.65,1.03],[127.65,0.88],[127.88,0.83],[127.99,1.09],[128.18,1.13],[128.09,1.25],[128.19,1.38],[128.72,1.57],[128.7,1.06],[128.2,0.79],[128.69,0.54],[128.68,0.35],[128.84,0.29],[128.9,0.21],[128.08,0.48],[127.87,0.34],[128.05,-0.42],[128.45,-0.91],[128.02,-0.69],[127.69,-0.27],[127.73,0.32],[127.53,0.55],[127.65,0.82],[127.4,1.04]]],[[[127.84,-3.16],[128.1,-3.06],[128.16,-2.86],[129.05,-2.79],[129.13,-2.96],[129.54,-2.78],[130.0,-3.01],[130.38,-2.99],[130.88,-3.59],[130.78,-3.85],[129.92,-3.34],[129.52,-3.3],[129.53,-3.47],[128.93,-3.36],[128.89,-3.2],[128.68,-3.43],[128.46,-3.46],[128.18,-3.23],[128.17,-3.07],[127.92,-3.57],[127.84,-3.16]]],[[[116.72,-8.97],[116.82,-8.52],[117.12,-8.37],[117.56,-8.41],[117.8,-8.73],[118.27,-8.66],[117.69,-8.24],[117.92,-8.08],[118.15,-8.14],[118.31,-8.37],[118.47,-8.25],[118.7,-8.38],[119.0,-8.31],[119.03,-8.63],[119.19,-8.61],[119.13,-8.75],[118.72,-8.74],[118.96,-8.82],[118.45,-8.88],[118.41,-8.6],[118.13,-8.88],[117.01,-9.11],[116.72,-8.97]]],[[[119.8,-8.74],[119.86,-8.43],[120.43,-8.24],[121.51,-8.61],[121.62,-8.47],[122.02,-8.44],[122.29,-8.64],[122.89,-8.28],[122.92,-8.19],[122.73,-8.22],[122.87,-8.06],[123.02,-8.29],[122.79,-8.43],[122.82,-8.6],[121.65,-8.91],[121.4,-8.79],[121.34,-8.91],[121.03,-8.96],[120.83,-8.83],[119.91,-8.87],[119.8,-8.74]]],[[[123.46,-10.36],[123.53,-10.18],[123.8,-10.05],[123.58,-10.02],[123.8,-9.49],[124.04,-9.34],[124.34,-9.49],[124.48,-9.17],[124.95,-8.96],[124.95,-9.05],[125.19,-9.03],[125.19,-9.16],[124.98,-9.2],[125.09,-9.46],[124.98,-9.64],[124.51,-10.09],[124.15,-10.14],[123.8,-10.36],[123.46,-10.36]]],[[[105.11,-2.02],[105.43,-1.76],[105.39,-1.61],[105.6,-1.53],[105.74,-1.79],[105.7,-1.53],[105.92,-1.5],[106.18,-1.89],[106.3,-2.42],[106.85,-2.57],[106.58,-2.92],[106.74,-3.09],[106.51,-3.11],[105.98,-2.81],[105.77,-2.12],[105.59,-2.12],[105.54,-1.97],[105.44,-2.13],[105.11,-2.02]]],[[[118.93,-9.56],[119.17,-9.38],[119.79,-9.4],[119.94,-9.28],[120.25,-9.65],[120.47,-9.62],[120.6,-9.73],[120.84,-10.1],[120.45,-10.31],[120.21,-10.25],[119.67,-9.79],[119.19,-9.76],[118.93,-9.56]]],[[[126.01,-3.36],[126.1,-3.11],[126.79,-3.06],[127.11,-3.23],[127.07,-3.39],[127.27,-3.39],[127.24,-3.63],[126.69,-3.86],[126.18,-3.61],[126.01,-3.36]]],[[[122.27,-5.38],[122.41,-5.07],[122.37,-4.75],[122.72,-4.63],[122.76,-4.97],[122.59,-5.18],[122.68,-5.32],[122.87,-4.53],[123.08,-4.37],[123.21,-4.86],[123.02,-4.7],[122.92,-5.18],[123.04,-5.14],[123.22,-5.3],[122.87,-5.46],[122.8,-5.7],[122.64,-5.7],[122.56,-5.5],[122.65,-5.41],[122.52,-5.44],[122.52,-5.28],[122.47,-5.4],[122.27,-5.38]]],[[[115.82,-8.75],[116.05,-8.72],[116.06,-8.4],[116.35,-8.21],[116.72,-8.37],[116.51,-8.92],[116.46,-8.83],[116.39,-8.95],[116.01,-8.9],[115.82,-8.75]]],[[[107.53,-2.92],[107.63,-2.6],[107.81,-2.53],[108.09,-2.6],[108.3,-2.85],[108.2,-3.14],[107.98,-3.27],[107.86,-3.06],[107.59,-3.22],[107.61,-2.92],[107.53,-2.92]]],[[[97.06,1.41],[97.42,1.52],[97.9,1.05],[97.82,0.54],[97.06,1.41]]],[[[124.4,-2.03],[124.36,-1.7],[124.51,-1.64],[125.07,-1.77],[125.13,-1.68],[125.33,-1.81],[126.35,-1.81],[125.92,-1.94],[124.85,-1.9],[124.4,-2.03]]],[[[98.6,-1.23],[98.66,-0.98],[98.91,-0.91],[99.29,-1.75],[99.11,-1.81],[98.88,-1.68],[98.6,-1.23]]],[[[131.09,-7.84],[131.52,-7.17],[131.72,-7.17],[131.62,-7.65],[131.34,-7.99],[131.1,-8.0],[131.09,-7.84]]],[[[130.22,-0.21],[130.35,-0.08],[131.05,-0.02],[131.34,-0.29],[130.75,-0.44],[130.6,-0.3],[130.56,-0.43],[130.51,-0.26],[130.22,-0.21]]],[[[134.21,-5.71],[134.37,-5.72],[134.45,-5.53],[134.66,-5.73],[134.59,-5.94],[134.76,-6.16],[134.68,-6.34],[134.29,-6.14],[134.4,-5.79],[134.21,-5.71]]],[[[125.79,-8.01],[125.95,-7.66],[126.18,-7.73],[126.63,-7.56],[126.84,-7.74],[126.56,-7.81],[126.47,-7.97],[126.07,-7.89],[125.79,-8.01]]],[[[127.39,-1.62],[127.41,-1.42],[127.64,-1.33],[128.17,-1.62],[127.6,-1.74],[127.39,-1.62]]],[[[135.41,-1.6],[136.2,-1.65],[136.9,-1.79],[136.26,-1.91],[135.41,-1.6]]],[[[122.79,-1.48],[122.9,-1.18],[123.19,-1.15],[123.24,-1.39],[123.37,-1.22],[123.56,-1.28],[123.46,-1.52],[123.26,-1.44],[123.24,-1.65],[123.1,-1.6],[123.15,-1.3],[122.91,-1.6],[122.79,-1.48]]],[[[134.05,-6.77],[134.19,-6.47],[134.12,-6.42],[134.1,-6.17],[134.14,-6.17],[134.53,-6.58],[134.2,-6.94],[134.05,-6.77]]],[[[128.2,2.28],[128.57,2.65],[128.69,2.49],[128.51,2.06],[128.26,1.98],[128.2,2.28]]],[[[124.34,-8.42],[124.48,-8.13],[125.14,-8.24],[125.12,-8.34],[124.34,-8.42]]],[[[116.04,-3.48],[116.28,-3.22],[116.31,-3.92],[116.09,-4.08],[116.04,-3.48]]],[[[129.73,-1.9],[130.36,-1.68],[130.44,-1.83],[130.35,-1.93],[130.44,-1.98],[130.26,-2.05],[129.73,-1.9]]],[[[135.73,-0.78],[135.85,-0.7],[136.17,-1.04],[136.39,-1.08],[135.86,-1.17],[135.73,-0.78]]],[[[127.47,-0.82],[127.32,-0.33],[127.45,-0.41],[127.57,-0.32],[127.69,-0.46],[127.6,-0.62],[127.9,-0.8],[127.47,-0.82]]],[[[95.69,2.77],[95.79,2.93],[95.9,2.9],[96.5,2.36],[96.34,2.34],[95.69,2.77]]],[[[107.96,4.0],[108.24,4.22],[108.4,3.96],[108.3,3.66],[108.09,3.68],[108.21,3.8],[107.96,4.0]]],[[[122.81,-10.78],[123.38,-10.43],[123.44,-10.49],[123.22,-10.82],[122.85,-10.94],[122.81,-10.78]]],[[[123.21,-8.54],[123.45,-8.35],[123.39,-8.26],[123.56,-8.24],[123.55,-8.37],[123.61,-8.22],[123.92,-8.25],[123.55,-8.57],[123.21,-8.54]]],[[[101.45,1.73],[101.45,2.06],[101.76,1.92],[101.61,1.69],[101.45,1.73]]],[[[104.22,1.09],[104.57,1.23],[104.66,0.92],[104.52,0.83],[104.46,1.06],[104.22,1.09]]],[[[121.79,-5.27],[121.97,-5.07],[122.05,-5.46],[121.95,-5.49],[121.79,-5.27]]],[[[100.18,-2.79],[100.45,-3.02],[100.37,-3.17],[100.47,-3.35],[100.19,-2.99],[100.18,-2.79]]],[[[104.43,-0.18],[104.55,0.03],[105.0,-0.3],[104.69,-0.2],[104.53,-0.27],[104.43,-0.18]]],[[[126.67,4.03],[126.79,4.22],[126.68,4.34],[126.81,4.53],[126.91,4.27],[126.8,4.03],[126.67,4.03]]],[[[104.25,-0.49],[104.32,-0.34],[104.6,-0.47],[104.36,-0.68],[104.25,-0.49]]],[[[127.92,-3.68],[128.26,-3.5],[128.34,-3.51],[128.26,-3.73],[127.94,-3.77],[127.92,-3.68]]],[[[109.71,-0.93],[109.46,-0.81],[109.3,-0.9],[109.25,-0.66],[109.55,-0.74],[109.71,-0.93]]],[[[123.92,-8.45],[123.96,-8.35],[124.32,-8.18],[124.14,-8.54],[123.92,-8.45]]],[[[122.94,-4.1],[123.01,-3.98],[123.26,-4.09],[123.12,-4.26],[122.94,-4.1]]],[[[120.48,-6.5],[120.46,-5.79],[120.5,-5.77],[120.48,-6.5]]]]}},{"type":"Feature","properties":{"iso3":"IND","name":"India"},"geometry":{"type":"MultiPolygon","coordinates":[[[[68.48,23.55],[68.56,23.72],[68.82,23.83],[68.8,23.98],[68.98,23.86],[69.15,23.98],[69.18,24.12],[68.98,24.17],[68.95,24.3],[70.02,24.17],[70.57,24.42],[70.58,24.25],[70.71,24.22],[71.12,24.41],[71.0,24.44],[71.09,24.7],[70.66,25.4],[70.66,25.7],[70.27,25.71],[70.1,25.94],[70.17,26.55],[69.51,26.74],[69.59,27.18],[70.37,28.01],[70.59,28.01],[70.87,27.71],[71.9,27.96],[72.35,28.73],[72.95,29.03],[73.4,29.95],[73.97,30.19],[73.93,30.49],[74.69,31.08],[74.51,31.13],[74.65,31.44],[74.49,31.72],[74.61,31.89],[75.26,32.1],[75.32,32.34],[75.5,32.3],[75.83,32.5],[75.93,32.65],[75.81,32.93],[75.96,32.88],[76.4,33.18],[76.79,33.26],[76.94,33.03],[77.34,32.82],[77.74,32.97],[77.99,32.59],[78.39,32.76],[78.29,32.47],[78.43,32.5],[78.45,32.15],[78.77,31.95],[78.65,31.83],[78.85,31.61],[78.72,31.51],[78.75,31.36],[79.01,31.05],[79.75,30.95],[80.05,30.6],[80.61,30.44],[80.87,30.16],[80.37,29.75],[80.41,29.6],[80.24,29.43],[80.3,29.21],[80.08,28.83],[81.21,28.36],[81.32,28.14],[81.88,27.86],[82.07,27.92],[82.45,27.68],[82.71,27.72],[82.75,27.5],[83.19,27.45],[83.31,27.33],[83.39,27.48],[83.86,27.35],[83.85,27.45],[84.11,27.52],[84.62,27.34],[84.66,27.04],[85.19,26.87],[85.22,26.76],[85.63,26.87],[85.86,26.58],[86.33,26.62],[86.73,26.43],[87.07,26.59],[87.09,26.45],[87.33,26.35],[87.89,26.49],[88.03,26.37],[88.19,26.75],[87.99,27.12],[88.19,27.79],[88.12,27.92],[88.64,28.12],[88.88,27.89],[88.78,27.47],[88.92,27.33],[88.76,27.15],[88.88,26.98],[89.13,26.81],[89.38,26.86],[89.78,26.7],[90.36,26.9],[90.73,26.77],[93.59,26.94],[93.83,27.03],[94.28,27.59],[94.86,27.74],[95.81,28.3],[96.01,28.19],[96.25,28.25],[97.04,27.81],[96.91,27.45],[97.16,27.14],[96.87,27.18],[96.7,27.37],[96.23,27.28],[95.15,26.62],[95.07,26.46],[95.18,26.07],[95.02,25.9],[95.04,25.74],[94.63,25.39],[94.58,25.22],[94.74,25.14],[94.71,24.93],[94.16,23.85],[93.75,24.01],[93.49,23.95],[93.34,24.09],[93.39,23.14],[93.29,23.01],[93.13,23.04],[93.2,22.26],[92.91,21.94],[92.71,22.15],[92.6,21.98],[92.27,23.71],[91.96,23.72],[91.97,23.48],[91.77,23.3],[91.83,23.09],[91.62,22.94],[91.45,23.26],[91.35,23.1],[91.16,23.59],[91.37,24.11],[91.59,24.07],[91.74,24.25],[91.9,24.15],[91.92,24.34],[92.16,24.43],[92.29,24.74],[92.23,24.9],[92.48,24.87],[92.42,25.03],[92.06,25.19],[90.44,25.14],[89.84,25.29],[89.88,25.93],[89.67,26.23],[89.58,25.97],[89.35,26.01],[89.16,26.14],[89.08,26.39],[88.91,26.41],[89.05,26.24],[88.68,26.26],[88.68,26.4],[88.4,26.62],[88.34,26.48],[88.52,26.36],[88.18,26.15],[88.11,25.8],[88.27,25.81],[88.55,25.51],[88.81,25.52],[89.01,25.26],[88.92,25.17],[88.45,25.2],[88.4,24.95],[88.15,24.94],[88.01,24.67],[88.33,24.38],[88.74,24.28],[88.77,23.98],[88.59,23.86],[88.56,23.66],[88.8,23.5],[88.72,23.26],[88.99,23.22],[88.86,22.99],[88.97,22.84],[88.94,22.31],[88.82,22.36],[88.27,21.73],[88.16,21.88],[88.23,22.09],[88.15,22.2],[88.19,22.1],[87.82,21.71],[87.06,21.47],[86.82,21.18],[86.96,20.79],[86.88,20.79],[86.77,20.65],[86.97,20.66],[86.76,20.5],[86.72,20.29],[86.39,19.96],[85.51,19.67],[84.89,19.24],[84.12,18.31],[83.68,18.09],[83.21,17.59],[82.37,17.11],[82.25,16.93],[82.29,16.56],[81.72,16.31],[81.54,16.38],[81.27,16.28],[80.99,15.78],[80.88,15.85],[80.83,15.75],[80.82,15.87],[80.65,15.9],[80.27,15.68],[80.05,15.08],[80.2,14.59],[80.12,14.08],[80.35,13.29],[80.16,12.46],[79.87,12.03],[79.76,11.59],[79.88,10.3],[79.3,10.26],[78.93,9.59],[79.0,9.35],[79.31,9.33],[79.45,9.15],[79.2,9.28],[78.41,9.11],[78.19,8.92],[78.07,8.37],[77.55,8.08],[76.99,8.38],[76.55,8.9],[75.74,11.36],[75.2,12.01],[74.82,12.85],[74.63,13.86],[74.27,14.72],[73.92,15.09],[73.78,15.41],[73.88,15.42],[73.46,16.06],[72.86,18.7],[72.87,18.8],[72.99,18.77],[72.91,18.89],[73.02,18.99],[72.96,19.06],[72.8,18.9],[72.65,19.83],[72.9,20.63],[72.6,21.25],[72.69,21.53],[72.61,21.58],[72.78,21.66],[72.54,21.66],[72.62,21.92],[72.51,21.97],[72.59,22.2],[72.77,22.23],[72.37,22.34],[72.08,21.94],[72.22,21.93],[72.16,21.81],[72.31,21.63],[72.11,21.2],[70.82,20.69],[70.15,21.06],[68.94,22.31],[69.07,22.48],[69.19,22.42],[69.2,22.25],[70.16,22.54],[70.7,23.2],[70.35,23.2],[69.71,22.74],[69.47,22.77],[68.66,23.15],[68.48,23.55]],[[85.27,19.79],[85.19,19.52],[85.25,19.67],[85.44,19.64],[85.55,19.88],[85.27,19.79]]],[[[92.7,12.33],[92.83,13.37],[93.03,13.58],[93.03,13.07],[92.84,12.94],[92.96,12.49],[92.8,12.44],[92.86,12.32],[92.7,12.33]]],[[[92.51,11.85],[92.62,11.89],[92.69,12.24],[92.79,11.89],[92.71,11.48],[92.51,11.85]]],[[[93.66,7.09],[93.88,7.2],[93.95,6.96],[93.83,6.76],[93.66,7.09]]],[[[92.37,10.78],[92.56,10.86],[92.51,10.51],[92.38,10.54],[92.37,10.78]]]]}},{"type":"Feature","properties":{"iso3":"KAZ","name":"Kazakhstan"},"geometry":{"type":"Polygon","coordinates":[[[46.49,48.43],[46.78,48.95],[47.03,49.09],[46.78,49.34],[46.84,49.61],[46.9,49.86],[47.34,50.09],[47.3,50.3],[47.61,50.46],[48.24,49.87],[48.74,49.92],[48.9,50.03],[48.76,50.1],[48.57,50.63],[48.82,50.6],[49.42,50.85],[49.34,50.99],[49.45,51.13],[49.78,51.11],[50.36,51.33],[50.59,51.65],[50.81,51.59],[50.77,51.77],[51.38,51.64],[51.24,51.55],[51.38,51.48],[51.6,51.55],[51.72,51.46],[51.86,51.67],[52.36,51.78],[52.56,51.46],[53.43,51.48],[53.63,51.39],[53.67,51.23],[54.05,51.15],[54.3,50.9],[54.52,50.85],[54.42,50.63],[54.54,50.53],[54.73,50.62],[54.69,50.89],[54.55,51.01],[54.73,51.04],[55.71,50.55],[56.51,51.08],[56.72,50.97],[56.7,51.08],[57.18,51.12],[57.5,50.88],[57.76,50.93],[57.77,51.14],[58.16,51.06],[58.32,51.16],[58.61,51.05],[58.67,50.81],[59.48,50.64],[59.53,50.5],[59.82,50.54],[60.02,50.82],[60.19,50.84],[60.33,50.67],[60.81,50.66],[61.44,50.8],[61.65,51.26],[61.5,51.41],[60.41,51.65],[60.51,51.8],[59.99,51.96],[61.05,52.34],[60.71,52.66],[61.01,52.98],[62.13,53.0],[62.12,53.11],[61.68,53.26],[61.18,53.31],[61.26,53.51],[61.58,53.52],[60.9,53.63],[61.23,53.8],[61.0,53.94],[61.27,53.93],[61.25,54.04],[61.4,54.09],[61.93,53.95],[62.42,54.05],[62.51,53.91],[62.6,54.07],[63.17,54.19],[63.97,54.2],[63.98,54.3],[64.97,54.42],[65.22,54.33],[65.22,54.54],[65.49,54.66],[65.98,54.72],[66.0,54.63],[68.19,54.97],[68.29,55.08],[68.18,55.2],[68.62,55.2],[68.75,55.38],[68.98,55.32],[68.93,55.44],[69.74,55.35],[70.2,55.15],[70.81,55.29],[71.02,55.09],[71.03,54.78],[71.29,54.67],[71.17,54.56],[71.2,54.31],[71.0,54.32],[71.18,54.1],[71.3,54.18],[71.72,54.11],[71.75,54.25],[72.19,54.13],[72.03,54.37],[72.51,54.14],[72.37,54.09],[72.48,53.9],[72.71,53.96],[72.53,54.04],[72.61,54.14],[73.28,53.94],[73.77,54.05],[73.69,53.86],[73.45,53.87],[73.26,53.67],[73.44,53.44],[73.9,53.65],[74.39,53.46],[74.46,53.69],[75.06,53.8],[75.44,53.97],[75.38,54.07],[76.93,54.46],[76.76,54.16],[76.44,54.16],[76.51,54.03],[77.91,53.29],[79.19,51.92],[80.05,50.77],[80.47,50.97],[80.45,51.21],[80.68,51.32],[81.15,51.21],[81.07,50.96],[81.41,50.98],[81.47,50.76],[82.56,50.75],[82.73,50.93],[83.44,51.01],[83.96,50.8],[84.36,50.21],[85.04,50.05],[84.98,49.91],[85.27,49.59],[86.2,49.47],[86.69,49.81],[86.78,49.7],[86.62,49.57],[86.83,49.55],[87.03,49.25],[87.32,49.23],[87.29,49.12],[86.9,49.13],[86.73,49.0],[86.82,48.83],[86.59,48.54],[85.72,48.37],[85.53,48.03],[85.7,47.38],[85.53,47.05],[85.22,47.05],[84.94,46.86],[84.76,47.0],[83.91,46.97],[83.03,47.22],[82.26,45.62],[82.54,45.42],[82.56,45.2],[81.92,45.23],[81.77,45.38],[79.9,44.92],[80.41,44.61],[80.4,44.11],[80.81,43.18],[80.39,43.04],[80.6,42.89],[80.28,42.83],[80.18,42.67],[80.27,42.23],[79.96,42.44],[79.5,42.46],[79.18,42.8],[76.97,42.98],[76.34,42.86],[75.92,42.96],[75.72,42.8],[74.75,42.99],[74.22,43.26],[73.55,43.03],[73.42,42.61],[73.48,42.41],[71.88,42.83],[71.27,42.77],[71.16,42.59],[71.01,42.58],[71.09,42.48],[70.98,42.49],[70.93,42.24],[70.64,42.02],[70.37,42.07],[70.15,41.84],[69.44,41.56],[69.46,41.46],[69.18,41.45],[68.75,40.98],[68.52,41.01],[68.66,40.6],[68.58,40.57],[67.98,40.83],[68.11,41.04],[67.98,41.03],[67.96,41.15],[66.71,41.14],[66.53,41.87],[66.0,41.94],[66.09,42.93],[65.84,42.86],[65.53,43.32],[65.0,43.72],[64.53,43.57],[63.3,43.65],[62.0,43.51],[61.08,44.38],[60.0,45.0],[58.59,45.59],[56.0,45.0],[56.0,41.32],[55.45,41.27],[54.89,41.96],[54.22,42.38],[52.99,42.13],[52.45,41.76],[52.44,42.15],[52.68,42.55],[52.55,42.73],[52.71,42.58],[52.74,42.73],[51.91,42.83],[51.65,43.18],[51.27,43.15],[51.31,43.46],[50.81,44.22],[50.27,44.36],[50.23,44.6],[51.57,44.51],[51.3,44.6],[51.19,44.89],[51.25,45.17],[51.75,45.41],[52.93,45.19],[54.03,45.26],[53.48,44.94],[53.13,44.44],[53.29,44.37],[53.72,44.93],[54.19,45.06],[54.54,45.0],[54.92,45.24],[54.21,45.79],[53.97,45.77],[53.64,45.5],[53.44,45.7],[53.1,45.76],[53.05,45.89],[53.41,46.42],[53.21,46.55],[53.1,46.89],[52.88,47.01],[51.7,46.92],[51.74,47.11],[50.89,47.07],[49.94,46.57],[49.84,46.19],[49.54,46.19],[48.55,46.56],[48.54,46.71],[48.99,46.75],[48.52,47.41],[48.11,47.74],[47.19,47.76],[47.05,48.0],[47.19,48.07],[47.11,48.27],[46.49,48.43]]]}},{"type":"Feature","properties":{"iso3":"KGZ","name":"Kyrgyz Republic"},"geometry":{"type":"Polygon","coordinates":[[[69.26,39.81],[69.34,40.02],[69.51,39.93],[69.53,40.12],[70.01,40.23],[70.56,39.96],[71.13,40.34],[71.67,40.27],[71.73,40.15],[72.02,40.27],[72.17,40.49],[72.41,40.41],[72.35,40.6],[72.65,40.52],[73.14,40.79],[72.59,40.86],[72.35,41.06],[72.17,40.99],[72.15,41.16],[71.89,41.17],[71.92,41.3],[71.69,41.42],[71.72,41.54],[71.4,41.11],[70.79,41.2],[70.72,41.46],[70.49,41.4],[70.17,41.52],[70.87,42.05],[71.26,42.17],[70.87,42.32],[71.06,42.5],[71.0,42.59],[71.38,42.8],[72.25,42.77],[73.48,42.41],[73.42,42.61],[73.55,43.03],[74.21,43.27],[74.75,42.99],[75.71,42.8],[75.93,42.96],[76.35,42.86],[76.97,42.99],[79.2,42.8],[79.2,42.67],[79.5,42.46],[79.97,42.43],[80.23,42.06],[79.88,42.03],[79.77,41.89],[78.17,41.39],[78.12,41.23],[77.83,41.15],[77.77,41.01],[76.87,41.02],[76.34,40.34],[76.27,40.43],[75.7,40.28],[75.59,40.66],[75.22,40.45],[74.84,40.52],[74.9,40.34],[73.96,40.04],[73.84,39.47],[72.5,39.38],[72.23,39.18],[72.04,39.37],[71.8,39.27],[71.79,39.46],[71.56,39.46],[71.5,39.62],[70.83,39.39],[70.53,39.62],[69.36,39.52],[69.26,39.81]]]}},{"type":"Feature","properties":{"iso3":"KOR","name":"Republic of Korea"},"geometry":{"type":"MultiPolygon","coordinates":[[[[126.09,34.42],[126.41,34.85],[126.3,34.96],[126.37,35.04],[126.16,35.09],[126.35,35.16],[126.43,35.04],[126.31,35.25],[126.65,35.58],[126.46,35.64],[126.81,35.89],[126.53,35.92],[126.67,36.0],[126.49,36.14],[126.46,36.59],[126.37,36.41],[126.26,36.71],[126.12,36.71],[126.3,36.98],[126.41,36.9],[126.33,37.0],[126.79,36.99],[126.78,37.16],[126.53,37.2],[126.71,37.38],[126.36,37.44],[126.6,37.56],[126.37,37.61],[126.35,37.79],[126.67,37.77],[126.67,37.96],[127.13,38.31],[128.08,38.32],[128.36,38.62],[129.43,37.06],[129.38,36.05],[129.58,36.05],[129.44,35.49],[129.09,35.05],[128.48,35.1],[128.48,34.89],[128.72,35.02],[128.64,34.71],[128.58,34.84],[128.13,34.89],[128.02,35.03],[127.88,34.95],[128.04,34.7],[127.84,34.75],[127.84,34.96],[127.61,34.9],[127.77,34.86],[127.64,34.63],[127.52,34.87],[127.39,34.79],[127.53,34.42],[127.12,34.53],[127.24,34.76],[126.89,34.42],[126.77,34.57],[126.61,34.32],[126.47,34.36],[126.42,34.55],[126.34,34.4],[126.09,34.42]]],[[[126.16,33.29],[126.31,33.47],[126.81,33.56],[126.95,33.46],[126.6,33.24],[126.16,33.29]]]]}},{"type":"Feature","properties":{"iso3":"MAC","name":"Macau SAR, China"},"geometry":{"type":"Polygon","coordinates":[[[113.55,22.11],[113.54,22.22],[113.6,22.13],[113.55,22.11]]]}},{"type":"Feature","properties":{"iso3":"MYS","name":"Malaysia"},"geometry":{"type":"MultiPolygon","coordinates":[[[[109.54,1.92],[109.65,2.08],[109.68,1.86],[109.93,1.69],[110.31,1.6],[110.34,1.81],[110.38,1.59],[110.53,1.73],[110.42,1.49],[110.79,1.58],[111.14,1.38],[110.99,1.52],[111.14,1.69],[111.19,2.03],[111.23,1.96],[111.68,2.27],[111.4,2.54],[111.43,2.7],[111.64,2.85],[113.03,3.18],[113.97,4.33],[113.98,4.6],[114.26,4.51],[114.32,4.27],[114.45,4.28],[114.65,4.01],[114.88,4.37],[114.78,4.73],[115.02,4.85],[115.09,4.39],[115.34,4.31],[115.19,4.96],[115.34,4.88],[115.6,5.2],[115.48,5.4],[115.34,5.3],[115.37,5.4],[115.6,5.63],[115.85,5.55],[116.09,6.11],[116.65,6.71],[116.74,7.03],[116.86,6.89],[116.74,6.55],[117.07,6.78],[117.03,6.94],[117.15,7.01],[117.35,6.54],[117.74,6.43],[117.49,5.91],[117.77,5.85],[117.98,6.05],[118.13,5.85],[117.86,5.79],[117.92,5.65],[118.17,5.67],[118.22,5.79],[118.43,5.71],[118.52,5.49],[118.63,5.64],[118.83,5.38],[119.15,5.45],[119.26,5.36],[119.16,5.1],[118.64,4.94],[118.3,5.02],[118.12,4.89],[118.48,4.49],[118.41,4.33],[118.32,4.39],[118.0,4.22],[117.59,4.45],[117.53,4.16],[117.25,4.37],[116.57,4.4],[116.44,4.29],[116.18,4.39],[116.07,4.28],[115.88,4.39],[115.57,3.92],[115.65,3.44],[115.56,3.15],[115.1,2.83],[115.1,2.6],[115.25,2.51],[114.74,2.19],[114.88,1.91],[114.7,1.81],[114.57,1.44],[113.98,1.45],[113.63,1.22],[112.97,1.41],[113.01,1.58],[112.5,1.58],[112.21,1.45],[112.14,1.14],[111.83,0.99],[111.23,1.08],[110.58,0.85],[109.84,1.42],[109.54,1.92]]],[[[100.12,6.41],[100.19,6.72],[100.29,6.71],[100.42,6.52],[100.74,6.51],[100.9,6.24],[101.11,6.25],[101.12,5.97],[100.99,5.81],[101.14,5.62],[101.58,5.93],[101.82,5.75],[102.09,6.24],[102.24,6.22],[103.12,5.38],[103.48,4.53],[103.33,3.75],[103.48,3.51],[103.43,2.94],[103.82,2.58],[104.28,1.37],[104.09,1.37],[104.02,1.56],[104.0,1.44],[103.8,1.5],[103.51,1.27],[103.27,1.6],[101.46,2.71],[101.3,3.26],[100.7,3.91],[100.75,4.1],[100.56,4.31],[100.65,4.88],[100.4,5.0],[100.4,5.34],[100.18,5.28],[100.18,5.48],[100.36,5.43],[100.36,5.97],[100.12,6.41]]]]}},{"type":"Feature","properties":{"iso3":"NPL","name":"Nepal"},"geometry":{"type":"Polygon","coordinates":[[[80.06,28.92],[80.3,29.22],[80.24,29.44],[80.41,29.6],[80.37,29.75],[80.91,30.22],[81.23,30.01],[81.41,30.42],[82.08,30.36],[82.18,30.07],[83.28,29.57],[83.58,29.18],[84.09,29.29],[84.2,29.24],[84.23,28.9],[84.48,28.74],[84.86,28.57],[85.19,28.64],[85.13,28.34],[85.62,28.27],[85.71,28.38],[86.0,27.91],[86.12,27.93],[86.19,28.17],[86.23,27.99],[86.41,27.91],[86.57,28.11],[87.17,27.82],[87.72,27.81],[87.83,27.95],[88.2,27.85],[87.99,27.12],[88.14,26.99],[88.16,26.64],[88.03,26.36],[87.89,26.47],[87.34,26.35],[87.09,26.45],[87.06,26.59],[86.74,26.42],[86.33,26.62],[85.85,26.57],[85.64,26.87],[85.21,26.76],[85.18,26.87],[84.64,27.05],[84.62,27.33],[84.14,27.52],[83.86,27.35],[83.41,27.48],[83.3,27.33],[83.19,27.45],[82.74,27.5],[82.71,27.71],[82.45,27.68],[82.07,27.92],[81.88,27.86],[81.44,28.16],[81.32,28.13],[81.21,28.36],[80.57,28.69],[80.52,28.55],[80.06,28.92]]]}},{"type":"Feature","properties":{"iso3":"PAK","name":"Pakistan"},"geometry":{"type":"Polygon","coordinates":[[[60.87,29.86],[62.47,29.39],[63.58,29.49],[64.12,29.38],[64.54,29.59],[65.07,29.53],[66.27,29.86],[66.37,29.97],[66.23,30.07],[66.39,30.94],[66.58,30.98],[66.73,31.21],[67.77,31.33],[67.57,31.52],[67.99,31.65],[68.17,31.84],[68.58,31.83],[68.91,31.6],[69.32,31.92],[69.24,32.46],[69.45,32.66],[69.5,33.02],[70.32,33.33],[70.14,33.72],[69.86,33.92],[69.9,34.04],[70.5,33.94],[71.08,34.06],[71.17,34.35],[71.01,34.54],[71.67,35.2],[71.54,35.31],[71.65,35.44],[71.55,35.72],[71.2,36.04],[71.25,36.13],[71.64,36.48],[71.81,36.4],[72.25,36.75],[72.65,36.85],[73.67,36.91],[73.88,36.75],[73.08,36.68],[72.98,36.46],[72.58,36.25],[72.52,35.9],[73.09,35.87],[73.42,35.52],[73.79,35.52],[73.75,35.22],[74.14,35.11],[74.03,34.87],[73.72,34.76],[73.65,34.56],[73.43,34.52],[73.64,33.1],[74.31,32.79],[74.71,32.84],[74.69,32.49],[75.1,32.48],[75.37,32.22],[74.61,31.89],[74.5,31.71],[74.65,31.43],[74.51,31.14],[74.7,31.07],[73.98,30.5],[73.89,30.36],[73.97,30.2],[73.4,29.94],[72.95,29.03],[72.35,28.73],[71.9,27.96],[70.87,27.71],[70.59,28.01],[70.37,28.01],[69.59,27.18],[69.51,26.75],[70.17,26.55],[70.1,25.94],[70.27,25.71],[70.66,25.7],[70.67,25.4],[71.1,24.69],[71.0,24.46],[71.12,24.4],[70.91,24.26],[70.57,24.25],[70.57,24.42],[70.02,24.17],[68.57,24.33],[68.59,24.21],[68.31,24.07],[68.22,24.23],[68.16,24.1],[67.87,24.2],[67.7,24.05],[67.56,24.08],[67.58,24.13],[67.46,24.13],[67.45,24.15],[67.58,24.34],[67.4,24.58],[67.48,24.78],[66.67,24.83],[66.74,25.19],[66.54,25.37],[66.53,25.58],[66.36,25.62],[66.12,25.48],[66.34,25.54],[66.52,25.4],[64.8,25.32],[64.59,25.15],[64.57,25.26],[64.23,25.31],[64.41,25.41],[63.98,25.5],[63.89,25.42],[64.06,25.33],[63.6,25.37],[63.49,25.21],[62.51,25.26],[62.35,25.09],[62.13,25.22],[62.08,25.1],[61.73,25.02],[61.8,25.19],[61.62,25.18],[61.67,25.65],[61.84,25.75],[61.9,26.26],[62.21,26.27],[62.44,26.57],[63.19,26.65],[63.32,27.15],[63.19,27.26],[62.78,27.25],[62.79,28.27],[62.6,28.25],[62.39,28.43],[61.91,28.56],[60.87,29.86]]]}},{"type":"Feature","properties":{"iso3":"PHL","name":"Philippines"},"geometry":{"type":"MultiPolygon","coordinates":[[[[119.75,15.96],[119.88,16.39],[120.13,16.04],[120.42,16.17],[120.28,16.62],[120.45,16.99],[120.46,17.39],[120.34,17.57],[120.56,18.49],[120.84,18.65],[120.92,18.56],[121.12,18.63],[121.94,18.27],[122.23,18.52],[122.34,18.31],[122.17,18.09],[122.16,17.6],[122.51,17.04],[122.2,16.24],[121.99,16.03],[122.06,16.18],[121.56,15.9],[121.64,15.71],[121.38,15.34],[121.73,14.7],[121.61,14.65],[121.66,14.4],[121.74,14.16],[122.22,13.9],[122.18,13.99],[122.32,14.0],[122.17,14.14],[122.25,14.24],[122.33,14.11],[122.47,14.34],[122.71,14.34],[123.04,14.1],[123.12,13.73],[123.32,13.79],[123.23,14.0],[123.34,14.1],[123.44,13.93],[123.71,13.94],[123.94,13.8],[123.97,13.71],[123.58,13.72],[123.53,13.58],[123.87,13.24],[123.76,13.06],[123.88,13.14],[124.19,13.06],[124.08,12.54],[123.87,12.66],[123.84,12.87],[123.32,13.01],[123.19,13.43],[122.55,13.94],[122.45,13.92],[122.48,13.71],[122.7,13.23],[122.6,13.16],[122.4,13.52],[121.74,13.97],[121.29,13.6],[121.04,13.63],[121.0,13.78],[120.89,13.68],[120.91,13.87],[120.79,13.93],[120.66,13.77],[120.59,14.23],[120.98,14.49],[120.96,14.63],[120.57,14.83],[120.61,14.48],[120.5,14.41],[120.25,14.69],[120.27,14.85],[120.08,14.79],[119.89,15.43],[119.91,15.86],[119.75,15.96]]],[[[121.9,7.08],[122.23,7.96],[122.92,8.15],[123.03,8.49],[123.31,8.52],[123.38,8.73],[123.74,8.6],[123.84,8.09],[124.23,8.22],[124.38,8.59],[124.74,8.49],[124.8,9.0],[125.09,8.83],[125.21,9.09],[125.51,9.01],[125.44,9.82],[125.96,9.48],[126.05,9.24],[126.21,9.31],[126.16,9.11],[126.34,8.84],[126.09,8.61],[126.39,8.51],[126.31,8.22],[126.43,8.24],[126.45,7.99],[126.36,7.88],[126.55,7.73],[126.6,7.29],[126.46,7.0],[126.29,6.94],[126.35,6.8],[126.2,6.94],[126.19,6.27],[125.85,7.35],[125.65,7.24],[125.38,6.81],[125.39,6.61],[125.6,6.5],[125.71,6.1],[125.41,5.57],[125.17,5.8],[125.27,6.09],[125.15,6.09],[125.08,5.86],[124.92,5.86],[124.18,6.21],[123.94,6.82],[124.25,7.4],[123.68,7.82],[123.43,7.81],[123.41,7.36],[123.3,7.53],[123.12,7.51],[123.12,7.73],[122.99,7.46],[122.9,7.54],[122.81,7.44],[122.81,7.75],[122.55,7.74],[122.15,6.91],[121.9,7.08]]],[[[124.26,12.55],[125.14,12.58],[125.52,12.19],[125.45,11.61],[125.63,11.36],[125.53,11.2],[125.67,11.2],[125.84,10.94],[125.66,11.14],[125.24,11.09],[125.15,11.27],[125.01,11.26],[125.02,10.73],[125.26,10.37],[125.13,10.17],[125.29,9.91],[125.14,10.06],[125.01,10.38],[125.03,10.01],[124.76,10.16],[124.8,10.67],[124.68,10.94],[124.59,11.01],[124.52,10.87],[124.38,10.92],[124.29,11.54],[124.48,11.46],[124.33,11.68],[124.54,11.67],[124.62,11.51],[124.49,11.45],[124.65,11.29],[124.98,11.4],[124.82,11.51],[125.04,11.74],[124.39,12.19],[124.26,12.55]]],[[[122.38,9.84],[122.45,9.98],[122.86,10.09],[122.8,10.52],[122.95,10.68],[122.95,10.89],[123.2,11.0],[123.51,10.93],[123.57,10.79],[123.13,9.84],[123.11,9.63],[123.31,9.34],[123.2,9.09],[122.93,9.09],[122.86,9.33],[122.58,9.45],[122.38,9.84]]],[[[121.84,11.76],[121.96,11.94],[122.59,11.51],[122.83,11.61],[123.0,11.49],[123.15,11.6],[123.13,11.17],[122.78,10.98],[122.73,10.79],[122.21,10.64],[121.96,10.41],[122.1,11.7],[121.84,11.76]]],[[[117.18,8.33],[117.25,8.61],[117.63,9.05],[118.11,9.33],[118.76,10.13],[118.81,10.02],[118.99,10.41],[119.26,10.49],[119.34,10.73],[119.22,10.95],[119.47,10.71],[119.3,11.01],[119.32,11.1],[119.42,11.05],[119.5,11.42],[119.57,11.01],[119.48,10.88],[119.69,10.5],[119.38,10.37],[119.19,10.05],[118.76,9.94],[118.76,9.67],[118.49,9.3],[118.12,9.14],[118.0,8.89],[117.18,8.33]]],[[[120.3,13.44],[120.99,13.52],[121.56,13.12],[121.48,12.78],[121.56,12.6],[121.4,12.29],[121.11,12.24],[120.66,13.19],[120.3,13.44]]],[[[123.3,9.42],[123.37,9.99],[124.06,11.28],[124.05,10.33],[123.64,10.08],[123.3,9.42]]],[[[123.72,9.59],[123.85,9.64],[123.81,9.91],[124.16,10.15],[124.55,10.04],[124.57,9.73],[123.72,9.59]]],[[[123.14,11.93],[123.29,12.21],[123.24,12.6],[123.88,12.22],[124.07,11.73],[123.72,11.93],[123.53,12.22],[123.14,11.93]]],[[[124.03,13.66],[124.13,14.06],[124.21,14.1],[124.41,13.88],[124.42,13.67],[124.21,13.52],[124.03,13.66]]],[[[121.8,6.64],[122.07,6.75],[122.33,6.62],[121.96,6.41],[121.8,6.64]]],[[[119.98,12.01],[119.86,12.25],[120.17,12.13],[120.22,12.22],[120.34,12.02],[119.98,12.01]]],[[[121.81,13.45],[121.97,13.56],[122.15,13.37],[122.0,13.2],[121.81,13.45]]],[[[125.47,10.13],[125.51,10.32],[125.64,10.47],[125.71,9.87],[125.47,10.13]]],[[[120.88,5.92],[121.02,6.09],[121.43,5.96],[121.29,5.87],[120.88,5.92]]],[[[121.93,12.29],[122.0,12.6],[122.15,12.66],[122.02,12.1],[121.93,12.29]]]]}},{"type":"Feature","properties":{"iso3":"TJK","name":"Tajikistan"},"geometry":{"type":"Polygon","coordinates":[[[67.34,39.31],[67.48,39.33],[67.4,39.53],[67.71,39.66],[68.52,39.54],[68.64,39.84],[68.9,39.86],[68.85,40.07],[69.02,40.13],[68.53,40.14],[69.3,40.19],[69.21,40.54],[69.34,40.59],[69.35,40.78],[69.49,40.81],[69.72,40.63],[70.47,41.04],[70.8,40.72],[70.35,40.42],[70.58,40.34],[70.63,40.18],[70.99,40.22],[70.54,39.95],[70.55,40.04],[70.02,40.23],[69.53,40.11],[69.54,39.93],[69.37,40.01],[69.3,39.92],[69.35,39.53],[70.53,39.62],[70.83,39.39],[71.49,39.63],[71.56,39.46],[71.79,39.46],[71.8,39.27],[72.04,39.37],[72.23,39.19],[72.49,39.38],[73.19,39.35],[73.59,39.47],[73.54,39.28],[73.84,39.0],[73.7,38.86],[73.8,38.62],[74.0,38.52],[74.19,38.64],[74.69,38.43],[75.01,37.78],[74.93,37.57],[75.15,37.41],[74.91,37.23],[74.69,37.4],[74.37,37.42],[73.76,37.22],[73.62,37.27],[73.76,37.44],[73.31,37.46],[72.81,37.23],[72.68,37.02],[71.68,36.67],[71.43,37.07],[71.59,37.91],[71.26,37.92],[71.37,38.25],[70.97,38.47],[70.69,38.41],[70.51,38.12],[70.18,37.93],[70.3,37.69],[70.17,37.52],[69.54,37.59],[69.32,37.12],[68.93,37.33],[68.02,36.92],[67.79,37.1],[67.82,37.43],[68.4,38.18],[68.06,38.39],[68.07,38.82],[68.2,38.93],[68.08,39.03],[67.71,39.0],[67.67,39.14],[67.34,39.31]]]}},{"type":"Feature","properties":{"iso3":"UZB","name":"Uzbekistan"},"geometry":{"type":"Polygon","coordinates":[[[56.0,45.0],[58.59,45.59],[60.0,45.0],[61.08,44.38],[62.0,43.51],[63.3,43.65],[64.53,43.57],[65.0,43.72],[65.53,43.32],[65.84,42.86],[66.1,42.94],[66.0,41.95],[66.53,41.88],[66.71,41.14],[67.97,41.15],[67.99,41.03],[68.13,41.04],[67.98,40.83],[68.48,40.57],[68.65,40.6],[68.51,41.0],[68.75,40.98],[69.02,41.36],[69.92,41.72],[70.37,42.07],[70.64,42.02],[71.03,42.29],[71.26,42.17],[70.87,42.05],[70.18,41.52],[70.5,41.4],[70.72,41.47],[70.78,41.23],[71.39,41.11],[71.73,41.55],[71.9,41.17],[72.17,41.17],[72.2,41.0],[72.35,41.06],[72.59,40.87],[73.15,40.83],[72.65,40.51],[72.38,40.61],[72.41,40.4],[72.17,40.49],[71.98,40.33],[72.05,40.28],[71.73,40.15],[71.67,40.27],[71.27,40.34],[70.63,40.18],[70.57,40.35],[70.33,40.46],[70.79,40.74],[70.47,41.04],[69.72,40.63],[69.36,40.78],[69.35,40.59],[69.22,40.54],[69.31,40.19],[68.53,40.14],[69.02,40.13],[68.88,40.04],[68.9,39.86],[68.64,39.84],[68.52,39.53],[67.71,39.66],[67.42,39.52],[67.49,39.38],[67.36,39.23],[67.68,39.15],[67.71,39.0],[68.2,38.94],[68.08,38.81],[68.09,38.41],[68.4,38.2],[67.86,37.54],[67.79,37.17],[67.5,37.28],[67.26,37.18],[66.95,37.4],[66.53,37.34],[66.54,37.77],[66.67,37.98],[65.91,38.28],[65.54,38.29],[62.47,39.96],[62.34,40.43],[62.12,40.56],[61.88,41.11],[61.46,41.3],[61.33,41.15],[61.05,41.25],[60.49,41.21],[60.09,41.42],[60.18,41.61],[60.04,41.75],[60.32,41.77],[59.92,41.99],[60.03,42.0],[60.0,42.24],[59.44,42.29],[58.64,42.79],[58.59,42.65],[58.16,42.63],[58.51,42.28],[58.05,42.51],[57.87,42.17],[57.31,42.14],[56.99,41.9],[57.04,41.44],[57.17,41.36],[57.05,41.24],[56.0,41.32],[56.0,45.0]]]}},{"type":"Feature","properties":{"iso3":"BGD","name":"Bangladesh"},"geometry":{"type":"MultiPolygon","coordinates":[[[[88.01,24.67],[88.14,24.94],[88.4,24.95],[88.44,25.2],[88.92,25.17],[89.01,25.27],[88.81,25.52],[88.54,25.51],[88.26,25.8],[88.11,25.8],[88.18,26.15],[88.52,26.37],[88.33,26.48],[88.42,26.63],[88.84,26.23],[89.05,26.25],[88.91,26.37],[88.97,26.46],[89.09,26.39],[89.16,26.14],[89.35,26.01],[89.57,25.97],[89.68,26.23],[89.89,25.95],[89.85,25.3],[90.44,25.15],[92.06,25.19],[92.43,25.03],[92.49,24.88],[92.24,24.9],[92.23,24.53],[91.93,24.34],[91.91,24.14],[91.76,24.24],[91.59,24.07],[91.39,24.1],[91.16,23.7],[91.35,23.1],[91.41,23.28],[91.62,22.95],[91.82,23.08],[91.76,23.3],[91.97,23.48],[91.95,23.73],[92.29,23.7],[92.68,21.29],[92.6,21.24],[92.38,21.48],[92.2,21.33],[92.35,20.74],[91.95,21.46],[92.0,21.65],[91.71,22.49],[91.43,22.79],[91.18,22.48],[90.85,22.67],[90.65,22.99],[90.59,23.44],[90.07,23.56],[90.61,23.21],[90.06,22.68],[90.51,22.7],[90.27,22.39],[90.45,22.42],[90.47,22.58],[90.61,22.49],[90.43,22.08],[90.03,21.9],[89.91,22.06],[89.93,22.41],[89.71,22.56],[89.59,22.47],[89.49,22.76],[89.34,22.22],[89.07,22.2],[88.84,23.01],[88.96,23.2],[88.72,23.25],[88.8,23.48],[88.56,23.65],[88.58,23.86],[88.73,23.93],[88.73,24.28],[88.33,24.38],[88.01,24.67]]],[[[90.53,22.77],[90.66,22.78],[90.86,22.43],[90.81,22.13],[90.65,21.99],[90.67,22.54],[90.53,22.77]]]]}},{"type":"Feature","properties":{"iso3":"CCK","name":"Cocos (Keeling) Islands (Aus.)"},"geometry":{"type":"Polygon","coordinates":[[[96.86,-12.2],[96.82,-12.18],[96.82,-12.13],[96.86,-12.2]]]}},{"type":"Feature","properties":{"iso3":"LKA","name":"Sri Lanka"},"geometry":{"type":"Polygon","coordinates":[[[79.69,8.21],[79.78,8.38],[79.78,8.25],[79.84,8.3],[79.96,8.72],[79.89,8.96],[79.7,9.09],[79.95,8.94],[80.12,9.2],[80.05,9.39],[80.18,9.47],[80.02,9.66],[79.86,9.57],[79.81,9.63],[79.86,9.76],[80.25,9.83],[80.81,9.29],[81.76,7.65],[81.88,7.03],[81.69,6.49],[80.59,5.92],[80.22,6.03],[79.84,6.94],[79.69,8.21]]]}},{"type":"Feature","properties":{"iso3":"MDV","name":"Maldives"},"geometry":{"type":"Polygon","coordinates":[[[73.12,-0.67],[73.11,-0.65],[73.17,-0.7],[73.12,-0.67]]]}},{"type":"Feature","properties":{"iso3":"AZE","name":"Azerbaijan"},"geometry":{"type":"MultiPolygon","coordinates":[[[[45.02,41.3],[45.46,41.46],[45.95,41.18],[46.64,41.11],[46.7,41.33],[46.19,41.63],[46.2,41.77],[46.43,41.91],[46.58,41.81],[46.76,41.86],[47.3,41.31],[47.78,41.19],[48.59,41.84],[49.06,41.38],[49.21,41.02],[49.55,40.78],[49.57,40.63],[50.34,40.49],[50.37,40.23],[49.87,40.37],[49.48,40.18],[49.42,39.7],[49.28,39.53],[49.44,39.28],[49.26,39.35],[49.2,39.12],[49.01,39.28],[48.89,39.21],[49.02,39.21],[48.83,38.83],[48.88,38.44],[48.66,38.39],[48.02,38.84],[48.33,39.02],[48.13,39.27],[48.35,39.39],[47.99,39.71],[47.4,39.47],[46.53,38.87],[46.43,39.19],[46.6,39.23],[46.38,39.44],[46.55,39.57],[46.18,39.59],[45.61,39.97],[45.85,40.0],[45.98,40.22],[45.45,40.5],[45.38,40.71],[45.6,40.88],[45.08,41.07],[45.2,41.15],[45.02,41.3]]],[[[44.76,39.7],[45.08,39.79],[45.18,39.59],[45.47,39.5],[45.8,39.57],[45.8,39.37],[46.0,39.29],[46.14,38.84],[45.45,38.99],[44.76,39.7]]]]}},{"type":"Feature","properties":{"iso3":"CXR","name":"Christmas Island (Aus.)"},"geometry":{"type":"Polygon","coordinates":[[[105.67,-10.57],[105.55,-10.44],[105.7,-10.41],[105.67,-10.57]]]}},{"type":"Feature","properties":{"iso3":"IRN","name":"Islamic Republic of Iran"},"geometry":{"type":"MultiPolygon","coordinates":[[[[44.03,39.37],[44.42,39.41],[44.47,39.68],[44.61,39.78],[45.45,38.99],[46.18,38.84],[46.55,38.88],[47.39,39.46],[47.99,39.71],[48.36,39.37],[48.13,39.24],[48.34,39.02],[48.02,38.84],[48.63,38.4],[48.88,38.44],[48.93,37.9],[49.15,37.6],[50.2,37.38],[50.31,37.14],[50.7,36.9],[51.67,36.6],[53.81,36.9],[53.96,36.9],[53.42,36.82],[54.01,36.8],[53.98,37.34],[54.68,37.44],[54.84,37.75],[55.47,38.09],[56.33,38.08],[56.41,38.25],[56.75,38.28],[57.05,38.18],[57.25,38.27],[57.37,37.98],[58.39,37.63],[58.82,37.7],[59.35,37.53],[59.56,37.13],[60.04,37.02],[60.35,36.63],[61.14,36.64],[61.23,36.12],[61.14,35.96],[61.28,35.54],[61.1,35.26],[61.0,34.64],[60.76,34.52],[60.92,34.3],[60.69,34.31],[60.52,34.11],[60.58,33.6],[60.95,33.51],[60.58,33.13],[60.88,32.2],[60.86,31.49],[61.71,31.38],[61.84,31.04],[61.8,30.83],[60.88,29.85],[61.91,28.57],[62.6,28.25],[62.79,28.28],[62.78,27.25],[63.28,27.21],[63.2,26.65],[62.45,26.57],[62.21,26.27],[61.9,26.26],[61.89,25.88],[61.67,25.65],[61.62,25.18],[61.42,25.06],[60.61,25.29],[60.54,25.44],[60.41,25.38],[60.47,25.29],[59.49,25.46],[59.03,25.41],[58.79,25.57],[58.13,25.56],[57.95,25.7],[57.76,25.64],[57.75,25.74],[57.3,25.79],[56.98,27.02],[56.8,27.16],[56.13,27.15],[55.67,26.99],[55.46,26.76],[54.62,26.5],[54.29,26.73],[53.73,26.7],[53.45,26.98],[52.69,27.29],[52.5,27.6],[52.04,27.84],[51.4,27.92],[51.01,28.87],[50.81,28.92],[50.94,29.06],[50.69,29.15],[50.73,29.32],[50.16,29.93],[50.07,30.19],[49.56,30.0],[49.46,30.16],[49.24,30.14],[49.25,30.42],[49.13,30.5],[48.73,30.3],[48.68,29.93],[48.46,30.0],[48.41,30.2],[48.02,30.48],[48.03,30.99],[47.68,31.0],[47.68,31.39],[47.86,31.78],[47.53,32.14],[47.46,32.4],[47.17,32.46],[46.45,32.93],[46.1,32.98],[46.15,33.07],[46.04,33.09],[46.19,33.27],[45.41,33.98],[45.58,34.15],[45.44,34.45],[45.53,34.6],[45.73,34.55],[45.69,34.82],[45.87,34.9],[45.92,35.09],[46.17,35.11],[46.01,35.68],[46.34,35.8],[45.76,35.8],[45.56,36.0],[45.35,35.98],[45.27,36.39],[45.08,36.43],[45.06,36.7],[44.84,36.8],[44.9,37.01],[44.75,37.11],[44.8,37.31],[44.58,37.45],[44.61,37.73],[44.22,37.89],[44.51,38.34],[44.3,38.39],[44.31,38.81],[44.03,39.37]]],[[[55.27,26.66],[55.79,26.78],[55.73,26.94],[56.28,26.94],[55.94,26.69],[55.29,26.54],[55.27,26.66]]]]}},{"type":"Feature","properties":{"iso3":"NOR","name":"Norway"},"geometry":{"type":"MultiPolygon","coordinates":[[[[4.85,60.79],[5.3,60.79],[5.08,60.84],[5.04,61.06],[6.42,61.06],[6.65,61.19],[6.55,61.28],[6.48,61.12],[5.73,61.17],[5.39,61.07],[5.07,61.17],[4.94,61.26],[5.08,61.32],[4.98,61.42],[5.29,61.56],[5.0,61.58],[4.97,61.72],[5.3,61.85],[4.98,62.04],[5.34,62.03],[5.1,62.19],[5.5,62.04],[5.4,62.13],[5.48,62.2],[6.07,62.11],[5.93,62.22],[6.55,62.4],[6.05,62.44],[6.46,62.51],[6.22,62.55],[6.33,62.61],[7.54,62.59],[7.36,62.76],[6.98,62.72],[6.9,62.91],[7.03,62.97],[7.33,63.01],[7.48,62.9],[8.09,63.11],[8.21,63.01],[8.16,63.11],[8.61,63.17],[8.5,63.29],[8.7,63.33],[8.66,63.41],[9.02,63.46],[9.18,63.37],[9.12,63.3],[9.25,63.35],[9.05,63.51],[8.29,63.45],[8.59,63.61],[9.0,63.65],[9.16,63.51],[9.75,63.65],[9.98,63.44],[9.92,63.33],[10.19,63.45],[10.87,63.44],[10.75,63.51],[10.84,63.59],[10.63,63.55],[11.43,63.81],[11.07,63.84],[10.0,63.49],[9.8,63.66],[10.02,63.76],[9.54,63.71],[9.93,63.9],[10.03,64.1],[10.2,64.09],[10.12,64.12],[10.52,64.35],[10.46,64.41],[10.94,64.5],[10.9,64.58],[11.1,64.65],[11.33,64.55],[11.41,64.71],[11.71,64.79],[11.17,64.72],[11.35,64.78],[11.29,64.88],[11.99,65.17],[12.49,65.11],[12.25,65.23],[12.34,65.32],[12.04,65.22],[12.28,65.44],[12.18,65.45],[12.23,65.56],[12.6,65.44],[12.35,65.63],[12.95,66.01],[12.67,66.07],[13.45,66.31],[13.0,66.33],[13.16,66.42],[12.98,66.53],[13.26,66.45],[13.17,66.66],[13.39,66.68],[13.22,66.73],[13.79,66.81],[13.5,66.95],[14.02,66.99],[14.05,67.08],[14.23,67.0],[14.34,67.17],[14.73,67.22],[14.71,67.31],[14.31,67.26],[14.65,67.48],[15.06,67.59],[15.39,67.5],[15.16,67.63],[15.54,67.78],[14.77,67.66],[14.99,67.76],[14.76,67.8],[14.85,67.88],[15.86,67.93],[15.94,68.02],[15.28,68.05],[15.62,68.19],[15.87,68.13],[15.99,68.27],[16.14,68.19],[16.09,68.04],[16.31,68.02],[16.37,68.09],[16.24,68.14],[16.47,68.21],[16.2,68.21],[16.14,68.29],[16.27,68.37],[17.24,68.37],[17.56,68.52],[16.5,68.45],[16.49,68.56],[16.24,68.56],[15.66,68.31],[15.34,68.4],[14.98,68.28],[15.0,68.37],[13.46,68.08],[13.57,68.29],[14.28,68.27],[14.41,68.39],[15.26,68.47],[15.21,68.57],[15.48,68.64],[15.47,68.82],[15.63,68.93],[15.49,68.87],[15.43,68.98],[15.87,69.25],[16.18,69.28],[15.75,68.99],[15.96,68.89],[15.96,68.67],[16.18,68.75],[16.09,68.82],[16.31,68.85],[16.26,68.92],[16.6,68.84],[16.61,68.64],[17.09,68.67],[17.71,68.9],[17.45,68.91],[17.65,69.11],[18.12,69.16],[17.99,69.34],[17.9,69.23],[17.99,69.18],[17.46,69.2],[17.04,69.01],[16.79,69.06],[17.07,69.15],[16.88,69.22],[17.11,69.24],[16.87,69.38],[17.29,69.4],[17.2,69.5],[17.33,69.46],[17.31,69.54],[17.62,69.47],[17.47,69.57],[17.69,69.6],[18.06,69.48],[18.08,69.37],[18.25,69.48],[18.52,69.27],[18.77,69.32],[18.45,69.54],[18.01,69.57],[18.37,69.79],[18.64,69.8],[18.68,69.7],[18.64,69.86],[18.84,70.02],[19.67,70.0],[18.75,69.67],[18.96,69.43],[18.95,69.63],[19.09,69.73],[19.73,69.8],[19.65,69.67],[19.83,69.6],[19.85,69.77],[20.33,69.96],[20.35,69.62],[20.14,69.4],[20.25,69.38],[20.41,69.59],[20.6,69.54],[20.46,69.76],[20.87,69.92],[21.08,69.96],[20.9,69.87],[21.0,69.78],[21.32,70.02],[21.82,69.85],[21.93,69.86],[21.87,69.98],[22.04,69.95],[21.23,70.24],[21.48,70.2],[21.56,70.32],[21.8,70.19],[22.01,70.32],[22.3,70.28],[22.27,70.13],[22.36,70.26],[22.97,70.19],[22.85,70.11],[23.01,70.14],[23.11,69.93],[23.47,69.98],[23.14,70.08],[23.34,70.11],[23.18,70.21],[23.54,70.4],[23.15,70.27],[22.97,70.34],[23.01,70.25],[22.34,70.34],[22.93,70.32],[22.82,70.41],[23.43,70.57],[23.35,70.62],[23.56,70.62],[23.62,70.4],[23.77,70.44],[23.82,70.51],[23.59,70.6],[23.67,70.75],[24.1,70.65],[24.0,70.52],[24.17,70.5],[24.09,70.54],[24.3,70.69],[24.67,70.63],[24.24,70.84],[24.56,70.81],[24.54,70.97],[24.77,70.99],[25.32,70.82],[25.3,70.96],[25.41,70.98],[25.27,71.1],[25.68,71.18],[26.04,71.12],[25.9,71.07],[25.98,71.01],[26.23,71.04],[25.62,70.93],[25.91,70.88],[25.17,70.55],[25.24,70.39],[24.94,70.23],[24.92,70.08],[25.22,70.09],[25.49,70.28],[25.43,70.36],[26.56,70.95],[26.68,70.97],[26.73,70.84],[26.48,70.69],[26.64,70.65],[26.53,70.38],[26.97,70.46],[27.11,70.75],[27.47,70.85],[27.14,70.98],[27.66,71.13],[28.55,70.97],[28.31,70.81],[27.93,70.79],[28.14,70.74],[27.77,70.62],[28.3,70.69],[27.98,70.5],[28.48,70.46],[28.39,70.54],[28.51,70.73],[28.97,70.89],[29.4,70.79],[29.39,70.7],[30.1,70.71],[30.34,70.61],[30.16,70.51],[30.62,70.55],[31.05,70.36],[30.17,70.07],[28.64,70.13],[29.69,69.98],[29.57,69.93],[29.76,69.9],[29.67,69.74],[30.11,69.71],[30.13,69.85],[30.3,69.88],[30.42,69.72],[30.44,69.82],[30.73,69.8],[30.94,69.68],[30.82,69.53],[30.15,69.65],[30.12,69.47],[29.3,69.3],[29.24,69.11],[29.04,69.01],[28.81,69.11],[29.33,69.47],[29.14,69.69],[28.4,69.82],[27.95,70.09],[27.62,70.07],[27.04,69.91],[26.49,69.94],[25.92,69.68],[25.7,69.25],[25.77,69.01],[25.16,68.8],[25.12,68.64],[24.9,68.55],[23.87,68.84],[23.17,68.63],[22.37,68.72],[21.63,69.27],[21.28,69.31],[21.0,69.22],[21.06,69.04],[20.11,69.04],[20.34,68.8],[19.97,68.57],[20.23,68.49],[19.92,68.36],[18.4,68.58],[18.13,68.53],[18.15,68.2],[17.9,67.97],[17.28,68.12],[16.74,67.91],[16.49,67.59],[16.1,67.44],[16.4,67.2],[16.39,67.05],[15.39,66.49],[15.48,66.28],[14.53,66.13],[14.63,65.81],[14.51,65.31],[13.67,64.59],[14.11,64.46],[14.16,64.2],[13.97,64.01],[12.93,64.06],[12.16,63.59],[12.21,63.48],[11.98,63.27],[12.22,63.0],[12.08,62.9],[12.06,62.61],[12.3,62.27],[12.14,61.73],[12.87,61.36],[12.68,61.06],[12.24,61.01],[12.61,60.41],[12.45,60.04],[11.87,59.85],[11.95,59.7],[11.7,59.6],[11.83,59.24],[11.65,58.91],[11.46,58.89],[11.36,59.11],[10.82,59.15],[10.59,59.42],[10.64,59.59],[10.27,59.56],[10.53,59.31],[10.38,59.26],[10.31,59.06],[9.85,58.96],[9.71,59.06],[9.75,58.99],[8.22,58.11],[8.04,58.16],[7.53,57.97],[6.63,58.07],[6.56,58.12],[6.69,58.24],[5.87,58.43],[5.49,58.75],[5.58,59.04],[5.75,58.89],[6.05,58.9],[5.89,59.08],[6.15,59.25],[6.05,59.4],[5.94,59.36],[5.85,59.54],[5.89,59.35],[5.35,59.27],[5.23,59.44],[5.52,59.73],[5.51,59.52],[5.59,59.69],[6.0,59.74],[5.68,59.84],[5.99,59.96],[6.2,60.26],[6.02,60.26],[5.76,59.98],[5.62,60.24],[5.44,60.13],[5.25,60.21],[4.85,60.79]]],[[[21.94,70.64],[22.53,70.72],[22.71,70.64],[22.68,70.74],[22.81,70.77],[22.97,70.67],[23.12,70.74],[23.02,70.79],[23.32,70.87],[23.5,70.79],[22.7,70.5],[22.09,70.48],[22.23,70.6],[21.94,70.64]]],[[[14.37,68.69],[14.55,68.82],[15.04,68.82],[15.11,69.02],[15.39,68.85],[15.3,68.76],[15.42,68.69],[15.04,68.58],[14.37,68.69]]],[[[13.46,68.14],[13.39,68.03],[13.24,68.05],[13.03,67.88],[12.87,67.83],[12.8,67.84],[13.07,68.11],[13.46,68.14]]],[[[20.38,70.07],[20.54,70.22],[20.81,70.19],[20.8,70.05],[20.38,70.07]]],[[[19.49,70.24],[19.63,70.29],[20.13,70.1],[19.72,70.06],[19.49,70.24]]]]}},{"type":"Feature","properties":{"iso3":"SGP","name":"Singapore"},"geometry":{"type":"Polygon","coordinates":[[[103.61,1.26],[103.83,1.47],[104.03,1.36],[103.83,1.24],[103.61,1.26]]]}},{"type":"Feature","properties":{"iso3":"SWE","name":"Sweden"},"geometry":{"type":"MultiPolygon","coordinates":[[[[11.11,58.99],[11.34,59.11],[11.47,58.89],[11.67,58.93],[11.83,59.25],[11.69,59.59],[11.94,59.71],[11.84,59.84],[12.45,60.04],[12.61,60.41],[12.22,61.01],[12.68,61.06],[12.87,61.35],[12.14,61.72],[12.3,62.27],[12.06,62.61],[12.07,62.9],[12.21,63.01],[11.97,63.27],[12.21,63.48],[12.15,63.59],[12.93,64.06],[13.97,64.01],[14.16,64.2],[14.11,64.46],[13.65,64.58],[14.5,65.31],[14.62,65.81],[14.52,66.13],[15.47,66.28],[15.38,66.48],[16.38,67.04],[16.4,67.21],[16.09,67.44],[16.16,67.52],[16.41,67.54],[16.74,67.91],[17.28,68.12],[17.9,67.97],[18.15,68.2],[18.13,68.54],[19.93,68.36],[20.19,68.49],[19.94,68.56],[20.33,68.8],[20.06,69.05],[20.7,69.04],[22.04,68.48],[23.06,68.31],[23.16,68.14],[23.65,67.96],[23.48,67.84],[23.56,67.62],[23.41,67.48],[23.76,67.43],[23.56,67.17],[24.0,66.82],[23.65,66.45],[23.65,66.3],[23.92,66.16],[24.15,65.82],[23.73,65.7],[23.81,65.77],[23.7,65.83],[23.38,65.75],[23.2,65.83],[23.1,65.7],[22.7,65.89],[22.67,65.75],[22.38,65.86],[22.43,65.54],[21.91,65.53],[22.0,65.41],[21.64,65.4],[21.75,65.19],[21.54,65.23],[21.55,65.07],[21.12,64.82],[21.3,64.75],[21.24,64.61],[21.61,64.44],[20.98,64.16],[20.7,63.8],[20.01,63.66],[19.66,63.43],[19.46,63.57],[19.51,63.41],[19.28,63.47],[19.03,63.19],[18.86,63.29],[18.88,63.2],[18.44,63.03],[18.56,62.97],[18.43,62.97],[18.46,62.88],[17.96,62.82],[18.06,62.61],[17.68,62.49],[17.74,62.39],[17.33,62.48],[17.38,62.34],[17.66,62.23],[17.35,61.94],[17.49,61.62],[17.21,61.73],[17.24,61.6],[17.14,61.58],[17.22,61.42],[17.09,61.39],[17.27,61.28],[17.18,61.27],[17.25,61.0],[17.16,60.96],[17.36,60.79],[17.26,60.7],[17.66,60.63],[17.65,60.55],[17.99,60.6],[18.63,60.2],[18.46,60.17],[18.84,60.11],[19.08,59.88],[18.89,59.78],[19.08,59.73],[18.31,59.46],[18.7,59.27],[18.34,59.26],[18.47,59.17],[18.05,59.04],[17.92,58.8],[17.79,58.8],[17.67,59.1],[17.51,58.78],[16.79,58.62],[16.95,58.48],[16.7,58.41],[16.89,58.3],[16.77,58.27],[16.86,58.2],[16.8,57.87],[16.51,57.89],[16.75,57.72],[16.63,57.64],[16.73,57.45],[16.47,57.27],[16.58,57.05],[16.45,56.96],[16.48,56.78],[15.85,56.08],[15.6,56.1],[15.66,56.18],[14.69,56.16],[14.77,56.02],[14.47,56.04],[14.23,55.84],[14.36,55.55],[14.2,55.38],[12.95,55.4],[12.89,55.56],[13.05,55.69],[12.45,56.3],[12.79,56.22],[12.62,56.42],[12.87,56.43],[12.95,56.56],[12.36,56.92],[12.09,57.23],[12.1,57.44],[11.91,57.39],[11.93,57.57],[11.68,57.85],[11.81,58.12],[11.47,58.07],[11.4,58.16],[11.5,58.28],[11.21,58.35],[11.28,58.65],[11.11,58.99]]],[[[18.09,57.26],[18.19,57.39],[18.11,57.53],[18.46,57.82],[18.89,57.93],[19.1,57.82],[18.81,57.73],[18.76,57.51],[18.92,57.4],[18.42,57.15],[18.31,56.94],[18.13,56.91],[18.29,57.07],[18.09,57.26]]],[[[16.37,56.53],[16.96,57.29],[17.13,57.36],[16.4,56.2],[16.37,56.53]]]]}},{"type":"Feature","properties":{"iso3":"TKM","name":"Turkmenistan"},"geometry":{"type":"Polygon","coordinates":[[[52.45,41.76],[52.99,42.13],[54.22,42.38],[54.89,41.96],[55.45,41.27],[57.04,41.24],[56.99,41.9],[57.3,42.14],[57.85,42.17],[58.06,42.54],[58.36,42.43],[58.15,42.63],[58.58,42.65],[58.63,42.8],[59.44,42.29],[60.0,42.24],[60.04,42.02],[59.93,41.98],[60.33,41.77],[60.05,41.75],[60.18,41.62],[60.08,41.44],[60.23,41.34],[60.5,41.22],[61.04,41.27],[61.24,41.15],[61.46,41.3],[61.89,41.11],[62.12,40.56],[62.34,40.43],[62.47,39.96],[65.54,38.29],[65.91,38.28],[66.64,37.99],[66.58,37.47],[66.53,37.34],[66.31,37.32],[65.75,37.55],[65.53,37.24],[64.77,37.12],[64.8,36.92],[64.53,36.3],[64.09,36.13],[64.07,36.0],[63.12,35.86],[63.25,35.69],[63.1,35.62],[63.1,35.42],[62.31,35.13],[62.06,35.43],[61.59,35.44],[61.23,35.65],[61.25,35.89],[61.12,35.96],[61.23,36.16],[61.14,36.64],[60.35,36.63],[60.04,37.02],[59.56,37.13],[59.35,37.53],[58.83,37.69],[58.39,37.63],[58.2,37.78],[57.52,37.92],[57.35,37.99],[57.22,38.28],[57.07,38.18],[56.45,38.26],[56.34,38.08],[55.46,38.09],[54.84,37.75],[54.67,37.44],[53.98,37.34],[53.81,37.91],[53.84,38.57],[54.01,38.95],[53.41,39.39],[53.21,39.38],[53.18,39.22],[53.1,39.43],[53.29,39.7],[53.25,39.55],[53.67,39.51],[53.42,39.8],[53.6,39.94],[54.09,39.82],[53.63,40.02],[52.93,40.0],[52.95,39.86],[52.76,40.01],[52.74,40.48],[52.95,41.0],[52.45,41.76]],[[52.77,41.68],[52.88,41.67],[52.81,41.37],[53.04,40.82],[53.01,40.72],[53.54,40.74],[53.6,40.89],[53.73,40.62],[54.52,40.7],[54.58,40.77],[54.33,40.73],[54.31,40.85],[54.62,40.81],[54.79,40.95],[54.74,41.14],[54.09,41.49],[53.85,42.13],[53.16,42.11],[52.77,41.68]]]}},{"type":"Feature","properties":{"iso3":"ARM","name":"Armenia"},"geometry":{"type":"Polygon","coordinates":[[[43.45,41.09],[45.02,41.3],[45.21,41.15],[45.09,41.07],[45.44,41.02],[45.6,40.88],[45.38,40.7],[45.45,40.5],[45.98,40.22],[45.84,39.99],[45.61,39.98],[46.18,39.59],[46.58,39.55],[46.38,39.44],[46.63,39.23],[46.44,39.17],[46.53,38.87],[46.14,38.84],[45.78,39.58],[45.48,39.49],[45.17,39.59],[45.08,39.78],[44.75,39.71],[44.35,40.03],[43.68,40.1],[43.55,40.48],[43.75,40.73],[43.45,41.09]]]}},{"type":"Feature","properties":{"iso3":"BLR","name":"Belarus"},"geometry":{"type":"Polygon","coordinates":[[[23.18,52.28],[23.47,52.55],[23.94,52.72],[23.91,53.16],[23.51,53.96],[24.44,53.9],[24.82,54.0],[24.81,54.14],[25.5,54.31],[25.54,54.16],[25.76,54.16],[25.53,54.34],[25.76,54.58],[25.74,54.82],[26.82,55.28],[26.44,55.35],[26.64,55.7],[27.13,55.85],[27.61,55.79],[27.65,55.93],[28.14,56.17],[28.33,56.06],[28.68,56.1],[28.75,55.97],[29.42,55.97],[29.36,55.77],[29.48,55.71],[30.17,55.88],[30.77,55.59],[30.93,55.62],[30.82,55.29],[31.03,55.06],[30.76,54.8],[31.2,54.66],[31.1,54.51],[31.32,54.25],[31.9,54.08],[31.77,53.8],[32.46,53.74],[32.48,53.55],[32.77,53.46],[32.75,53.33],[32.24,53.1],[31.42,53.2],[31.29,53.02],[31.59,52.79],[31.61,52.31],[31.8,52.12],[30.95,52.09],[30.57,51.7],[30.65,51.38],[30.54,51.26],[30.19,51.51],[29.79,51.44],[29.71,51.53],[29.32,51.38],[29.15,51.65],[28.82,51.56],[28.75,51.41],[28.64,51.57],[28.35,51.54],[28.24,51.67],[28.05,51.57],[27.84,51.62],[27.74,51.47],[27.71,51.61],[27.24,51.6],[27.19,51.77],[25.26,51.97],[24.37,51.88],[24.0,51.58],[23.63,51.63],[23.63,51.5],[23.53,51.73],[23.65,52.07],[23.18,52.28]]]}},{"type":"Feature","properties":{"iso3":"GEO","name":"Georgia"},"geometry":{"type":"Polygon","coordinates":[[[40.01,43.39],[40.11,43.57],[40.66,43.56],[41.62,43.22],[42.86,43.18],[43.19,42.94],[43.8,42.74],[43.73,42.62],[43.94,42.55],[44.55,42.77],[44.81,42.62],[44.89,42.75],[45.16,42.71],[45.34,42.53],[45.78,42.49],[45.65,42.19],[46.4,41.94],[46.2,41.63],[46.74,41.28],[46.49,41.06],[45.31,41.47],[44.96,41.26],[44.82,41.29],[44.88,41.2],[44.19,41.24],[43.75,41.11],[43.23,41.17],[42.81,41.59],[42.6,41.58],[42.52,41.44],[41.63,41.49],[41.55,41.53],[41.77,41.8],[41.76,41.99],[41.45,42.73],[40.01,43.39]]]}},{"type":"Feature","properties":{"iso3":"TUR","name":"T\u00fcrkiye"},"geometry":{"type":"Polygon","coordinates":[[[26.03,40.73],[26.34,40.95],[26.32,41.25],[26.63,41.35],[26.59,41.6],[26.36,41.71],[26.37,41.82],[27.24,42.1],[27.55,41.92],[28.03,41.98],[27.98,41.83],[28.15,41.59],[29.12,41.2],[30.27,41.21],[30.96,41.07],[31.34,41.14],[31.4,41.32],[32.58,41.83],[33.34,42.02],[34.73,41.95],[34.95,42.1],[35.19,42.04],[35.09,41.92],[35.29,41.71],[36.05,41.69],[36.4,41.25],[36.65,41.38],[37.51,41.03],[37.68,41.13],[38.36,40.91],[39.42,41.11],[40.18,40.91],[41.06,41.22],[41.55,41.52],[42.47,41.44],[42.6,41.58],[42.84,41.59],[42.81,41.49],[43.21,41.31],[43.23,41.18],[43.45,41.18],[43.47,41.03],[43.68,40.93],[43.75,40.68],[43.56,40.48],[43.66,40.11],[44.35,40.03],[44.8,39.68],[44.6,39.77],[44.42,39.41],[44.04,39.37],[44.31,38.81],[44.31,38.4],[44.51,38.34],[44.23,37.9],[44.59,37.76],[44.58,37.45],[44.82,37.28],[44.78,37.14],[44.63,37.19],[44.31,36.96],[44.18,37.1],[44.27,37.24],[44.12,37.32],[43.83,37.2],[42.79,37.37],[42.57,37.14],[42.36,37.11],[42.19,37.3],[41.52,37.08],[40.77,37.13],[39.82,36.76],[39.21,36.67],[38.74,36.71],[38.24,36.92],[37.47,36.63],[37.09,36.63],[36.67,36.83],[36.54,36.48],[36.69,36.24],[36.4,36.21],[36.38,36.01],[36.15,35.81],[35.92,35.92],[35.98,36.02],[35.78,36.3],[36.21,36.64],[36.02,36.93],[35.61,36.73],[35.71,36.71],[35.57,36.56],[35.34,36.54],[34.65,36.81],[33.96,36.23],[33.87,36.31],[33.69,36.14],[32.8,36.02],[32.38,36.17],[32.02,36.54],[31.33,36.81],[30.68,36.88],[30.41,36.21],[30.19,36.31],[29.68,36.13],[29.1,36.39],[29.12,36.54],[29.01,36.54],[29.09,36.68],[28.93,36.75],[28.85,36.59],[28.44,36.87],[28.26,36.84],[28.3,36.73],[28.03,36.56],[27.96,36.6],[28.08,36.64],[27.96,36.68],[28.12,36.8],[27.36,36.68],[27.64,36.81],[28.04,36.79],[28.02,36.92],[28.28,37.04],[27.26,36.96],[27.26,37.13],[27.48,37.09],[27.61,37.27],[27.46,37.25],[27.41,37.41],[27.19,37.35],[27.22,37.59],[27.0,37.66],[27.25,37.74],[27.25,37.97],[26.87,38.03],[26.76,38.22],[26.59,38.1],[26.23,38.27],[26.51,38.42],[26.39,38.45],[26.41,38.68],[26.63,38.53],[26.68,38.32],[26.71,38.43],[27.15,38.44],[26.95,38.44],[26.72,38.65],[27.05,38.89],[26.8,38.95],[26.88,39.09],[26.61,39.28],[26.95,39.56],[26.06,39.48],[26.18,39.99],[26.75,40.4],[27.29,40.47],[27.44,40.32],[27.76,40.31],[27.86,40.37],[27.69,40.47],[27.78,40.53],[28.03,40.48],[27.96,40.35],[29.05,40.36],[29.13,40.45],[28.78,40.53],[29.77,40.74],[29.35,40.76],[29.0,41.03],[27.53,40.98],[27.3,40.69],[26.71,40.46],[26.19,40.04],[26.22,40.32],[26.84,40.6],[26.15,40.59],[26.03,40.73]]]}},{"type":"Feature","properties":{"iso3":"UKR","name":"Ukraine"},"geometry":{"type":"Polygon","coordinates":[[[22.14,48.41],[22.55,49.08],[22.88,49.01],[22.71,49.17],[22.64,49.53],[23.28,50.1],[24.07,50.5],[23.96,50.79],[24.12,50.87],[23.65,51.29],[23.68,51.65],[24.0,51.58],[24.39,51.88],[25.78,51.95],[27.2,51.77],[27.26,51.61],[27.72,51.6],[27.73,51.48],[27.84,51.62],[28.05,51.57],[28.26,51.68],[28.76,51.43],[29.12,51.66],[29.33,51.38],[29.71,51.53],[29.79,51.44],[30.18,51.51],[30.54,51.26],[30.65,51.38],[30.51,51.6],[30.95,52.09],[32.09,52.03],[32.33,52.13],[32.38,52.34],[32.9,52.25],[33.19,52.38],[33.84,52.36],[34.05,52.2],[34.1,52.01],[34.44,51.74],[34.13,51.67],[34.31,51.52],[34.24,51.26],[35.15,51.22],[35.17,51.07],[35.41,51.05],[35.34,50.95],[35.5,50.68],[35.4,50.57],[35.63,50.35],[36.07,50.45],[36.64,50.22],[37.49,50.46],[37.64,50.18],[38.05,49.91],[38.31,50.09],[38.41,49.98],[38.69,50.01],[38.94,49.8],[39.18,49.89],[39.81,49.56],[40.14,49.62],[40.03,49.46],[40.22,49.25],[39.67,49.02],[40.08,48.87],[39.71,48.72],[39.68,48.61],[39.94,48.39],[39.87,48.32],[40.02,48.25],[39.74,47.83],[38.88,47.87],[38.77,47.69],[38.31,47.57],[38.22,47.32],[38.33,47.26],[38.14,47.05],[37.58,47.1],[37.31,46.87],[37.23,46.95],[36.96,46.85],[36.76,46.63],[36.82,46.71],[36.7,46.78],[36.27,46.61],[35.89,46.65],[35.44,46.43],[35.2,46.16],[35.15,46.13],[34.98,46.08],[35.22,46.19],[35.26,46.37],[34.84,46.21],[34.89,45.91],[35.31,45.41],[35.53,45.28],[35.85,45.47],[35.98,45.37],[36.6,45.44],[36.43,45.29],[36.45,45.1],[35.84,45.0],[35.51,45.12],[35.08,44.8],[34.72,44.81],[33.97,44.39],[33.38,44.58],[33.51,44.61],[33.61,44.88],[33.44,45.18],[33.26,45.15],[33.02,45.36],[32.48,45.4],[33.17,45.81],[33.67,45.86],[33.74,45.94],[33.62,45.94],[33.6,46.15],[33.51,46.03],[33.2,46.16],[32.6,46.08],[33.08,46.01],[32.92,46.01],[32.5,46.07],[32.05,46.17],[32.24,46.16],[31.91,46.31],[31.78,46.27],[32.05,46.4],[31.7,46.43],[31.53,46.56],[32.36,46.46],[32.61,46.6],[32.14,46.56],[31.93,46.84],[31.8,46.61],[30.75,46.55],[30.56,46.15],[29.69,45.57],[29.61,45.39],[29.24,45.45],[28.72,45.23],[28.35,45.32],[28.25,45.51],[28.5,45.5],[28.52,45.74],[29.0,46.04],[28.98,46.49],[29.24,46.56],[29.25,46.41],[29.45,46.5],[29.6,46.35],[29.74,46.47],[29.87,46.36],[30.14,46.4],[29.88,46.54],[29.97,46.75],[29.88,46.88],[29.56,46.96],[29.57,47.36],[29.43,47.29],[29.16,47.46],[29.26,47.79],[29.18,47.99],[28.93,47.96],[28.83,48.13],[28.57,48.18],[28.49,48.07],[28.31,48.14],[28.35,48.24],[28.09,48.24],[27.58,48.49],[27.29,48.37],[26.78,48.42],[26.82,48.3],[26.34,48.18],[26.18,47.99],[25.31,47.91],[24.88,47.72],[24.58,47.97],[23.49,47.97],[23.16,48.12],[22.9,47.95],[22.82,48.11],[22.59,48.11],[22.14,48.41]],[[35.1,45.6],[35.08,45.37],[35.45,45.28],[35.45,45.3],[35.3,45.4],[35.1,45.6]],[[34.64,46.17],[34.54,45.81],[34.66,45.87],[34.79,45.9],[34.67,45.81],[34.99,45.69],[34.68,46.1],[34.79,46.16],[34.64,46.17]]]}},{"type":"Feature","properties":{"iso3":"BGR","name":"Bulgaria"},"geometry":{"type":"Polygon","coordinates":[[[22.36,43.81],[22.68,44.22],[23.04,44.07],[22.88,43.98],[22.88,43.83],[25.38,43.62],[25.78,43.71],[26.15,43.99],[27.04,44.14],[27.74,43.95],[27.92,44.01],[28.0,43.84],[28.58,43.74],[28.61,43.54],[28.47,43.36],[28.09,43.37],[27.92,43.19],[27.9,42.7],[27.73,42.71],[27.47,42.48],[27.73,42.41],[28.04,41.98],[27.56,41.9],[27.24,42.1],[26.62,41.98],[26.36,41.71],[26.07,41.7],[26.2,41.44],[25.88,41.3],[25.28,41.24],[24.61,41.42],[24.53,41.56],[24.26,41.57],[23.18,41.32],[22.93,41.34],[23.03,41.73],[22.87,42.02],[22.36,42.31],[22.56,42.47],[22.44,42.57],[22.44,42.82],[22.74,42.89],[23.0,43.18],[22.53,43.47],[22.36,43.81]]]}},{"type":"Feature","properties":{"iso3":"EST","name":"Estonia"},"geometry":{"type":"MultiPolygon","coordinates":[[[[23.45,58.76],[23.51,59.23],[24.09,59.28],[24.04,59.39],[24.79,59.44],[24.79,59.57],[25.43,59.49],[25.54,59.54],[25.5,59.65],[25.67,59.56],[25.7,59.67],[25.81,59.56],[25.98,59.63],[27.8,59.39],[28.04,59.47],[28.21,59.37],[27.36,58.79],[27.55,58.37],[27.49,58.22],[27.82,57.89],[27.55,57.83],[27.35,57.52],[26.92,57.63],[26.52,57.52],[26.04,57.85],[25.3,58.08],[25.3,57.99],[25.11,58.08],[24.35,57.88],[24.57,58.34],[24.32,58.38],[24.12,58.23],[23.75,58.34],[23.5,58.57],[23.52,58.74],[23.73,58.77],[23.45,58.76]]],[[[21.83,58.28],[21.99,58.38],[21.84,58.5],[22.1,58.42],[22.54,58.64],[23.32,58.46],[22.74,58.22],[22.28,58.19],[22.2,57.98],[22.03,57.91],[22.22,58.15],[21.83,58.28]]],[[[22.04,58.93],[22.65,59.09],[23.07,58.84],[22.49,58.7],[22.4,58.89],[22.04,58.93]]]]}},{"type":"Feature","properties":{"iso3":"IRQ","name":"Iraq"},"geometry":{"type":"Polygon","coordinates":[[[38.79,33.37],[40.98,34.4],[41.23,34.78],[41.22,35.26],[41.38,35.63],[41.28,36.35],[41.4,36.52],[41.82,36.59],[42.79,37.38],[43.83,37.2],[44.12,37.32],[44.27,37.25],[44.19,37.1],[44.3,36.97],[44.76,37.17],[44.91,37.01],[44.84,36.79],[45.07,36.69],[45.01,36.53],[45.27,36.39],[45.36,35.98],[45.56,36.0],[45.76,35.81],[46.34,35.82],[46.01,35.68],[46.19,35.11],[45.93,35.08],[45.7,34.81],[45.74,34.54],[45.53,34.58],[45.45,34.44],[45.58,34.15],[45.42,33.96],[45.78,33.62],[45.91,33.64],[45.89,33.49],[46.01,33.51],[46.19,33.26],[46.05,33.11],[46.16,33.07],[46.1,32.98],[46.45,32.93],[47.17,32.46],[47.47,32.39],[47.87,31.78],[47.68,31.39],[47.68,31.01],[48.03,31.0],[48.03,30.48],[48.61,29.92],[47.37,30.1],[47.13,29.97],[46.87,29.44],[46.42,29.06],[44.72,29.2],[42.08,31.11],[40.41,31.95],[39.2,32.15],[39.26,32.34],[39.04,32.3],[38.99,32.48],[39.08,32.52],[38.79,33.37]]]}},{"type":"Feature","properties":{"iso3":"LTU","name":"Lithuania"},"geometry":{"type":"Polygon","coordinates":[[[21.25,55.48],[21.06,56.07],[21.33,56.22],[22.02,56.43],[22.97,56.41],[23.09,56.31],[23.76,56.37],[24.13,56.25],[24.89,56.45],[25.09,56.19],[25.67,56.15],[26.38,55.71],[26.63,55.68],[26.48,55.35],[26.84,55.29],[25.75,54.82],[25.76,54.58],[25.54,54.34],[25.79,54.16],[25.53,54.16],[25.49,54.31],[24.84,54.15],[24.87,54.03],[24.74,53.97],[23.79,53.9],[23.54,53.94],[23.38,54.23],[22.79,54.36],[22.68,54.59],[22.88,54.82],[22.59,55.07],[22.08,55.02],[21.19,55.34],[21.25,55.48]]]}},{"type":"Feature","properties":{"iso3":"LVA","name":"Latvia"},"geometry":{"type":"Polygon","coordinates":[[[20.98,56.22],[21.06,56.84],[21.37,57.0],[21.42,57.29],[21.72,57.58],[22.61,57.76],[22.61,57.6],[23.13,57.36],[23.24,57.11],[23.66,56.96],[24.41,57.27],[24.35,57.88],[25.21,58.08],[26.06,57.85],[26.53,57.52],[26.91,57.63],[27.56,57.54],[27.53,57.42],[27.87,57.29],[27.67,56.85],[27.97,56.84],[27.91,56.75],[28.14,56.57],[28.24,56.28],[27.65,55.93],[27.62,55.79],[27.13,55.85],[26.6,55.67],[25.67,56.15],[25.09,56.19],[24.88,56.45],[24.45,56.26],[22.12,56.43],[21.5,56.3],[21.2,56.08],[20.98,56.22]]]}},{"type":"Feature","properties":{"iso3":"MDA","name":"Moldova"},"geometry":{"type":"Polygon","coordinates":[[[26.62,48.27],[26.82,48.3],[26.72,48.41],[27.28,48.37],[27.59,48.49],[28.1,48.24],[28.36,48.24],[28.47,48.08],[28.58,48.18],[28.84,48.13],[28.92,47.96],[29.18,47.99],[29.28,47.8],[29.13,47.54],[29.41,47.3],[29.57,47.37],[29.51,47.12],[29.61,47.1],[29.6,46.96],[29.97,46.83],[29.9,46.53],[30.16,46.41],[29.89,46.35],[29.75,46.46],[29.6,46.35],[29.35,46.5],[29.24,46.38],[29.23,46.55],[29.02,46.49],[28.98,46.0],[28.52,45.73],[28.52,45.5],[28.19,45.47],[28.09,46.01],[28.25,46.61],[28.09,46.98],[27.58,47.33],[27.02,48.13],[26.62,48.27]]]}},{"type":"Feature","properties":{"iso3":"POL","name":"Poland"},"geometry":{"type":"Polygon","coordinates":[[[14.12,52.84],[14.44,53.26],[14.29,53.74],[14.59,53.6],[14.73,54.02],[16.1,54.27],[16.53,54.54],[17.25,54.73],[18.3,54.84],[18.68,54.7],[18.8,54.64],[18.4,54.74],[18.77,54.36],[19.64,54.46],[19.27,54.27],[19.8,54.44],[21.45,54.32],[23.01,54.38],[23.49,54.15],[23.55,53.77],[23.91,53.16],[23.94,52.71],[23.47,52.55],[23.19,52.29],[23.65,52.07],[23.54,51.64],[23.7,51.42],[23.65,51.3],[24.15,50.87],[23.97,50.8],[24.09,50.56],[24.0,50.41],[23.73,50.39],[23.28,50.1],[22.65,49.54],[22.89,49.01],[22.22,49.15],[21.63,49.45],[21.12,49.44],[20.93,49.3],[20.73,49.41],[20.34,49.4],[20.09,49.18],[19.78,49.2],[19.79,49.4],[19.47,49.61],[18.98,49.4],[18.56,49.92],[17.78,50.02],[17.59,50.16],[17.76,50.21],[17.71,50.32],[17.35,50.26],[16.91,50.45],[17.03,50.23],[16.69,50.1],[16.2,50.43],[16.4,50.53],[16.34,50.66],[16.02,50.6],[15.81,50.75],[15.37,50.78],[15.24,51.0],[14.99,51.01],[15.0,50.87],[14.82,50.87],[15.04,51.27],[14.59,51.82],[14.75,52.06],[14.53,52.4],[14.63,52.57],[14.12,52.84]]]}},{"type":"Feature","properties":{"iso3":"ROU","name":"Romania"},"geometry":{"type":"Polygon","coordinates":[[[20.26,46.11],[21.18,46.31],[22.05,47.54],[23.17,48.12],[23.49,47.97],[24.58,47.97],[25.04,47.73],[25.23,47.89],[26.18,47.99],[26.33,48.18],[26.81,48.25],[27.17,47.99],[27.62,47.32],[28.1,46.98],[28.26,46.44],[28.09,46.08],[28.16,45.51],[28.35,45.32],[29.62,44.88],[29.08,44.75],[28.63,44.32],[28.58,43.74],[27.99,43.84],[27.91,44.0],[27.04,44.14],[26.15,43.99],[25.78,43.71],[25.4,43.62],[23.42,43.85],[23.06,43.8],[22.84,43.88],[23.03,44.08],[22.69,44.21],[22.46,44.46],[22.74,44.58],[22.44,44.71],[22.13,44.48],[21.99,44.63],[21.4,44.78],[21.37,44.86],[21.55,44.9],[21.36,45.02],[21.51,45.17],[20.77,45.48],[20.82,45.77],[20.7,45.75],[20.26,46.11]]]}},{"type":"Feature","properties":{"iso3":"SYR","name":"Syrian Arab Republic"},"geometry":{"type":"Polygon","coordinates":[[[35.72,35.58],[35.8,35.85],[36.01,35.94],[36.16,35.83],[36.38,36.01],[36.38,36.22],[36.69,36.25],[36.54,36.49],[36.67,36.83],[37.0,36.77],[37.08,36.64],[37.47,36.63],[38.24,36.92],[38.74,36.71],[39.21,36.67],[39.82,36.76],[40.77,37.13],[41.52,37.08],[42.22,37.32],[42.34,37.23],[42.37,37.07],[41.89,36.64],[41.4,36.52],[41.28,36.35],[41.38,35.63],[41.22,35.26],[41.23,34.78],[40.98,34.4],[36.84,32.31],[36.4,32.38],[35.76,32.75],[35.9,32.95],[35.77,33.33],[36.05,33.56],[35.97,33.72],[36.37,33.83],[36.28,33.92],[36.61,34.2],[36.55,34.42],[36.34,34.5],[36.45,34.63],[35.98,34.63],[35.86,34.91],[35.91,35.41],[35.72,35.58]]]}},{"type":"Feature","properties":{"iso3":"ALB","name":"Albania"},"geometry":{"type":"Polygon","coordinates":[[[19.29,40.42],[19.49,40.36],[19.31,40.66],[19.52,41.25],[19.39,41.41],[19.51,41.49],[19.45,41.58],[19.6,41.62],[19.59,41.81],[19.34,41.9],[19.48,42.05],[19.36,42.24],[19.72,42.66],[19.77,42.5],[20.08,42.56],[20.52,42.21],[20.63,41.96],[20.46,41.52],[20.51,41.23],[20.73,40.91],[20.97,40.91],[21.06,40.62],[20.79,40.43],[20.68,40.1],[20.33,39.99],[20.41,39.82],[20.23,39.65],[19.98,39.69],[20.02,39.86],[19.87,40.02],[19.29,40.42]]]}},{"type":"Feature","properties":{"iso3":"BIH","name":"Bosnia and Herzegovina"},"geometry":{"type":"Polygon","coordinates":[[[15.73,44.83],[15.84,45.23],[16.29,45.0],[16.52,45.22],[16.93,45.28],[17.85,45.05],[18.01,45.15],[18.67,45.09],[18.85,44.85],[19.37,44.89],[19.11,44.37],[19.62,44.05],[19.24,43.99],[19.51,43.59],[18.93,43.52],[19.08,43.3],[18.86,43.35],[18.67,43.2],[18.66,43.04],[18.52,43.02],[18.45,42.81],[18.55,42.58],[18.24,42.6],[17.83,42.91],[17.65,42.89],[17.56,42.93],[17.7,42.99],[17.34,43.26],[17.28,43.47],[16.18,44.21],[16.05,44.63],[15.73,44.83]]]}},{"type":"Feature","properties":{"iso3":"CZE","name":"Czech Republic"},"geometry":{"type":"Polygon","coordinates":[[[12.09,50.25],[12.18,50.32],[12.32,50.17],[12.51,50.4],[12.95,50.41],[13.53,50.7],[14.38,50.9],[14.3,51.05],[14.51,51.04],[14.77,50.82],[15.17,51.02],[15.38,50.79],[15.82,50.76],[16.03,50.61],[16.34,50.66],[16.44,50.58],[16.21,50.42],[16.63,50.11],[17.0,50.25],[16.91,50.45],[17.44,50.25],[17.69,50.33],[17.76,50.21],[17.61,50.15],[17.78,50.02],[18.57,49.92],[18.86,49.55],[18.18,49.29],[17.89,48.93],[17.53,48.81],[17.19,48.87],[16.94,48.62],[16.54,48.81],[16.1,48.75],[15.03,49.02],[14.98,48.77],[14.82,48.77],[14.71,48.59],[14.33,48.55],[14.07,48.6],[12.66,49.43],[12.4,49.75],[12.54,49.92],[12.09,50.25]]]}},{"type":"Feature","properties":{"iso3":"DNK","name":"Denmark"},"geometry":{"type":"MultiPolygon","coordinates":[[[[8.07,55.56],[8.18,55.77],[8.12,56.54],[8.36,56.96],[8.6,57.13],[9.4,57.16],[9.95,57.59],[10.65,57.74],[10.43,57.6],[10.55,57.23],[10.27,56.87],[10.32,56.59],[10.84,56.53],[10.91,56.34],[10.51,56.1],[10.35,56.19],[10.42,56.29],[10.22,56.14],[10.2,55.84],[9.95,55.87],[10.03,55.7],[9.71,55.68],[9.87,55.51],[10.31,55.62],[10.61,55.52],[10.62,55.62],[10.84,55.3],[10.99,55.34],[10.84,55.29],[10.8,55.3],[10.77,55.1],[10.64,55.06],[10.72,54.95],[10.96,55.15],[10.74,54.74],[10.6,54.84],[10.7,54.95],[10.08,55.08],[10.15,55.15],[9.98,55.13],[9.67,55.52],[9.61,55.36],[9.72,55.25],[9.47,55.02],[9.77,55.08],[10.06,54.87],[9.34,54.8],[8.64,54.91],[8.62,55.42],[8.07,55.56]]],[[[10.87,55.74],[11.27,55.73],[11.52,55.87],[11.28,56.01],[11.78,55.98],[11.67,55.9],[11.82,55.68],[11.96,55.85],[11.84,55.97],[12.28,56.13],[12.62,56.04],[12.53,55.93],[12.68,55.59],[12.24,55.54],[12.21,55.44],[12.45,55.29],[12.1,55.13],[12.2,54.97],[12.26,55.06],[12.55,54.97],[12.15,54.88],[11.97,54.56],[11.85,54.67],[11.5,54.59],[11.0,54.76],[11.07,54.94],[11.56,54.82],[11.89,54.98],[11.62,55.08],[11.76,55.06],[11.75,55.15],[11.24,55.21],[11.09,55.35],[11.21,55.4],[11.08,55.51],[11.15,55.59],[10.87,55.74]]],[[[14.69,55.09],[14.78,55.3],[15.16,55.08],[15.07,54.99],[14.69,55.09]]]]}},{"type":"Feature","properties":{"iso3":"FIN","name":"Finland"},"geometry":{"type":"Polygon","coordinates":[[[20.55,69.06],[21.06,69.04],[21.0,69.22],[21.63,69.28],[22.38,68.72],[23.17,68.63],[23.87,68.84],[24.89,68.56],[25.24,68.84],[25.66,68.91],[25.77,69.02],[25.7,69.25],[25.97,69.61],[25.89,69.67],[26.47,69.94],[27.04,69.91],[27.96,70.09],[28.4,69.82],[29.13,69.7],[29.34,69.48],[28.83,69.22],[28.93,69.05],[28.44,68.92],[28.8,68.87],[28.44,68.53],[28.65,68.2],[29.33,68.07],[30.02,67.67],[29.03,66.93],[30.09,65.85],[30.14,65.67],[29.76,65.64],[29.86,65.56],[29.61,65.26],[29.89,65.21],[29.9,65.11],[29.6,64.99],[29.74,64.79],[30.09,64.77],[30.05,64.4],[30.48,64.26],[30.55,64.13],[30.26,63.82],[30.0,63.75],[31.24,63.22],[31.59,62.91],[30.95,62.31],[28.66,60.95],[27.74,60.58],[27.74,60.48],[27.11,60.54],[26.53,60.34],[26.07,60.43],[26.1,60.32],[25.89,60.24],[25.24,60.26],[24.41,59.96],[24.34,60.09],[23.19,59.83],[22.89,59.81],[23.16,59.92],[22.81,59.98],[23.02,59.99],[23.01,60.12],[22.39,60.0],[22.47,60.26],[22.19,60.19],[22.08,60.46],[22.03,60.34],[21.83,60.36],[21.7,60.46],[21.83,60.62],[21.59,60.49],[21.33,60.7],[21.37,60.82],[21.18,60.87],[21.28,61.01],[21.39,60.96],[21.3,61.08],[21.45,61.11],[21.33,61.19],[21.52,61.24],[21.45,61.43],[21.58,61.45],[21.45,61.51],[21.59,61.51],[21.47,61.6],[21.63,61.62],[21.28,61.99],[21.4,62.22],[21.11,62.49],[21.18,62.61],[21.05,62.62],[21.12,62.8],[21.48,62.97],[21.33,63.04],[21.57,63.11],[21.17,63.19],[21.08,63.31],[21.26,63.4],[21.24,63.24],[21.51,63.21],[21.7,63.34],[21.96,63.26],[22.01,63.4],[22.34,63.3],[22.2,63.47],[22.32,63.59],[22.45,63.48],[22.43,63.6],[22.68,63.7],[22.7,63.84],[23.02,63.83],[23.38,63.93],[23.4,64.08],[23.62,64.05],[23.68,64.22],[24.35,64.55],[24.54,64.82],[25.09,64.92],[25.31,64.83],[25.37,64.9],[25.19,64.98],[25.46,64.97],[25.23,65.13],[25.31,65.48],[24.88,65.67],[24.52,65.66],[24.45,65.78],[24.16,65.75],[23.92,66.16],[23.67,66.26],[23.65,66.45],[23.99,66.82],[23.55,67.17],[23.76,67.33],[23.74,67.43],[23.39,67.49],[23.56,67.61],[23.48,67.84],[23.65,67.96],[23.15,68.14],[23.05,68.31],[22.05,68.48],[20.55,69.06]]]}},{"type":"Feature","properties":{"iso3":"GRC","name":"Greece"},"geometry":{"type":"MultiPolygon","coordinates":[[[[20.01,39.69],[20.27,39.68],[20.41,39.82],[20.31,39.99],[20.67,40.1],[20.79,40.43],[21.04,40.56],[20.98,40.85],[21.6,40.87],[22.06,41.16],[22.59,41.12],[22.74,41.16],[22.8,41.34],[23.63,41.38],[24.26,41.57],[25.28,41.24],[26.13,41.35],[26.18,41.53],[26.06,41.69],[26.17,41.75],[26.59,41.61],[26.64,41.38],[26.32,41.25],[26.36,40.95],[26.08,40.73],[25.12,41.01],[24.8,40.85],[24.51,40.96],[24.09,40.72],[23.74,40.76],[23.71,40.67],[23.92,40.53],[23.86,40.42],[24.01,40.45],[24.4,40.16],[23.73,40.35],[23.76,40.2],[24.0,40.11],[23.95,39.94],[23.65,40.22],[23.41,40.28],[23.36,40.15],[23.75,39.92],[23.36,39.96],[23.3,40.23],[22.81,40.48],[22.96,40.53],[22.93,40.63],[22.6,40.47],[22.59,40.01],[23.35,39.19],[23.07,39.09],[23.22,39.19],[22.95,39.36],[22.82,39.2],[23.06,39.02],[22.57,38.83],[23.61,38.47],[23.2,38.83],[22.83,38.83],[23.32,39.04],[23.6,38.77],[24.16,38.65],[24.26,38.21],[24.59,38.15],[24.56,37.98],[24.37,37.96],[24.05,38.39],[23.64,38.4],[24.07,38.2],[23.98,38.1],[24.07,37.68],[23.94,37.67],[23.57,38.04],[22.99,37.88],[23.18,37.8],[23.16,37.62],[23.33,37.53],[23.4,37.64],[23.52,37.44],[23.17,37.29],[23.12,37.45],[22.72,37.56],[23.2,36.44],[22.63,36.8],[22.48,36.39],[22.14,37.02],[21.94,36.98],[21.88,36.72],[21.7,36.81],[21.57,37.16],[21.67,37.4],[21.11,37.85],[21.37,38.22],[21.61,38.14],[21.85,38.34],[22.88,37.93],[22.97,37.97],[22.85,38.03],[23.17,38.16],[22.66,38.37],[22.56,38.28],[22.43,38.43],[22.38,38.33],[21.94,38.41],[21.48,38.3],[21.35,38.41],[21.14,38.3],[20.86,38.79],[20.55,38.57],[20.76,38.94],[20.01,39.69]]],[[[23.52,35.3],[23.6,35.63],[23.71,35.51],[23.74,35.69],[23.81,35.54],[24.17,35.59],[24.12,35.48],[24.29,35.35],[25.77,35.34],[25.71,35.17],[25.8,35.11],[26.31,35.32],[26.32,35.18],[26.11,35.0],[24.73,34.92],[24.74,35.08],[24.39,35.19],[23.52,35.3]]],[[[25.83,39.19],[26.34,39.39],[26.61,39.02],[26.17,39.01],[25.83,39.19]]],[[[27.69,36.16],[27.88,36.32],[28.22,36.46],[28.09,36.05],[27.86,35.93],[27.72,35.94],[27.69,36.16]]],[[[25.83,38.54],[26.16,38.55],[26.16,38.31],[26.01,38.15],[25.87,38.24],[25.99,38.38],[25.83,38.54]]],[[[20.34,38.18],[20.54,38.47],[20.81,38.12],[20.51,38.1],[20.44,38.27],[20.44,38.16],[20.34,38.18]]],[[[19.63,39.75],[19.95,39.78],[19.86,39.65],[20.12,39.36],[19.87,39.46],[19.63,39.75]]],[[[25.04,39.99],[25.3,39.94],[25.45,40.03],[25.35,39.78],[25.26,39.91],[25.22,39.8],[25.05,39.83],[25.04,39.99]]]]}},{"type":"Feature","properties":{"iso3":"HRV","name":"Croatia"},"geometry":{"type":"MultiPolygon","coordinates":[[[[13.49,45.49],[14.33,45.47],[14.57,45.67],[14.82,45.46],[15.35,45.46],[15.28,45.61],[15.39,45.67],[15.26,45.73],[15.69,45.84],[15.65,46.22],[16.28,46.38],[16.24,46.5],[16.37,46.55],[17.86,45.77],[18.44,45.74],[18.66,45.92],[18.91,45.92],[18.91,45.57],[19.1,45.51],[19.0,45.37],[19.45,45.2],[19.09,45.14],[19.16,44.95],[19.02,44.86],[18.85,44.85],[18.6,45.1],[18.0,45.15],[17.85,45.04],[16.93,45.27],[16.52,45.22],[16.35,45.0],[15.98,45.23],[15.77,45.17],[15.74,44.81],[16.05,44.63],[16.22,44.21],[17.28,43.47],[17.34,43.26],[17.71,42.97],[17.55,42.92],[17.84,42.9],[18.53,42.39],[17.87,42.79],[17.01,43.01],[17.53,42.93],[16.89,43.4],[16.42,43.55],[15.95,43.51],[15.93,43.67],[15.02,44.3],[15.47,44.27],[14.99,44.57],[14.84,45.11],[14.61,45.22],[14.82,44.97],[14.53,45.02],[14.43,45.09],[14.57,45.28],[14.33,45.35],[14.17,44.98],[13.92,44.77],[13.63,45.07],[13.49,45.49]]],[[[14.27,45.12],[14.36,45.16],[14.48,44.96],[14.55,44.63],[14.39,44.63],[14.53,44.48],[14.37,44.56],[14.3,44.94],[14.39,44.96],[14.27,45.12]]]]}},{"type":"Feature","properties":{"iso3":"HUN","name":"Hungary"},"geometry":{"type":"Polygon","coordinates":[[[16.11,46.87],[16.5,47.05],[16.45,47.41],[16.7,47.53],[16.45,47.7],[17.08,47.71],[17.01,47.86],[17.2,48.02],[17.78,47.74],[18.66,47.76],[18.82,47.83],[18.83,48.05],[19.46,48.09],[19.63,48.25],[19.93,48.13],[20.33,48.28],[20.51,48.53],[20.84,48.58],[21.12,48.49],[21.44,48.59],[21.77,48.34],[22.21,48.43],[22.6,48.11],[22.88,48.05],[22.78,47.84],[22.33,47.76],[22.03,47.52],[21.53,46.72],[21.31,46.61],[21.3,46.41],[21.07,46.24],[20.78,46.28],[20.64,46.13],[19.57,46.18],[19.3,45.99],[18.66,45.91],[18.45,45.74],[17.34,45.94],[17.16,46.17],[16.52,46.51],[16.34,46.85],[16.11,46.87]]]}},{"type":"Feature","properties":{"iso3":"ITA","name":"Italy"},"geometry":{"type":"MultiPolygon","coordinates":[[[[6.63,45.1],[7.08,45.21],[7.17,45.39],[6.8,45.82],[7.55,45.99],[7.87,45.92],[8.15,46.15],[8.09,46.27],[8.44,46.46],[8.46,46.25],[8.85,46.08],[8.8,45.99],[9.02,45.82],[9.01,46.04],[9.25,46.24],[9.28,46.5],[9.46,46.51],[9.55,46.3],[9.95,46.38],[10.13,46.23],[10.04,46.54],[10.24,46.64],[10.47,46.55],[10.38,46.68],[10.47,46.85],[11.01,46.77],[11.32,46.99],[12.19,47.09],[12.16,46.91],[12.44,46.69],[13.71,46.52],[13.38,46.29],[13.66,46.18],[13.49,46.0],[13.64,45.98],[13.59,45.81],[13.92,45.63],[13.84,45.58],[13.72,45.59],[13.55,45.79],[13.39,45.67],[13.13,45.76],[13.1,45.64],[12.43,45.43],[12.49,45.56],[12.18,45.39],[12.3,45.08],[12.5,44.99],[12.25,44.76],[12.39,44.21],[13.63,43.55],[14.06,42.62],[14.74,42.09],[15.14,41.93],[16.15,41.91],[16.19,41.77],[15.9,41.61],[15.96,41.46],[18.02,40.64],[18.52,40.11],[18.35,39.79],[18.05,39.93],[17.86,40.28],[17.51,40.3],[17.12,40.52],[16.9,40.44],[16.49,39.76],[17.16,39.4],[17.11,39.11],[17.2,39.02],[17.09,38.89],[16.61,38.81],[16.57,38.43],[16.06,37.92],[15.71,37.94],[15.63,38.22],[15.9,38.44],[15.84,38.65],[16.18,38.75],[16.22,38.9],[15.63,40.07],[15.27,40.02],[14.91,40.24],[15.0,40.4],[14.79,40.67],[14.32,40.57],[14.46,40.74],[14.04,40.79],[13.77,41.24],[13.05,41.23],[11.83,42.03],[11.62,42.3],[11.1,42.39],[11.16,42.56],[10.73,42.8],[10.76,42.91],[10.5,42.93],[10.53,43.24],[10.09,44.01],[8.75,44.43],[8.08,43.89],[7.53,43.78],[7.67,44.16],[7.36,44.12],[7.01,44.24],[6.86,44.53],[7.06,44.69],[7.02,44.83],[6.75,44.91],[6.63,45.1]]],[[[12.43,37.8],[12.73,38.19],[12.91,38.03],[13.31,38.22],[13.75,37.97],[15.65,38.27],[15.09,37.49],[15.34,37.01],[15.11,36.85],[15.08,36.65],[14.49,36.79],[14.29,37.04],[13.75,37.15],[13.17,37.49],[12.66,37.57],[12.43,37.8]]],[[[8.16,40.56],[8.2,40.97],[8.52,40.82],[9.14,41.25],[9.57,41.12],[9.66,40.99],[9.57,40.91],[9.72,40.84],[9.83,40.53],[9.63,40.25],[9.74,40.08],[9.52,39.1],[9.1,39.22],[9.02,38.98],[8.64,38.87],[8.47,39.05],[8.37,39.38],[8.57,39.86],[8.4,39.9],[8.48,40.29],[8.3,40.59],[8.16,40.56]]]]}},{"type":"Feature","properties":{"iso3":"MKD","name":"North Macedonia"},"geometry":{"type":"Polygon","coordinates":[[[20.45,41.52],[20.56,41.86],[20.73,41.87],[20.78,42.08],[22.29,42.37],[22.87,42.02],[23.03,41.72],[22.97,41.35],[22.77,41.32],[22.73,41.15],[22.06,41.16],[21.59,40.87],[20.73,40.91],[20.45,41.52]]]}},{"type":"Feature","properties":{"iso3":"MNE","name":"Montenegro"},"geometry":{"type":"Polygon","coordinates":[[[18.43,42.48],[18.57,42.65],[18.49,42.96],[18.66,43.04],[18.69,43.25],[19.07,43.3],[18.91,43.5],[19.0,43.56],[20.35,42.91],[20.25,42.76],[20.03,42.76],[20.11,42.66],[20.0,42.51],[19.81,42.47],[19.72,42.66],[19.38,42.28],[19.11,42.26],[19.38,42.08],[19.34,41.87],[18.88,42.28],[18.43,42.48]]]}},{"type":"Feature","properties":{"iso3":"SRB","name":"Serbia"},"geometry":{"type":"Polygon","coordinates":[[[18.85,45.81],[19.1,46.04],[19.28,45.99],[19.57,46.18],[20.18,46.16],[20.7,45.75],[20.82,45.78],[20.78,45.48],[21.51,45.17],[21.38,45.01],[21.56,44.89],[21.37,44.86],[21.4,44.78],[21.99,44.64],[22.13,44.48],[22.45,44.71],[22.74,44.57],[22.47,44.46],[22.68,44.22],[22.36,43.81],[22.53,43.47],[23.01,43.19],[22.74,42.89],[22.45,42.83],[22.52,42.4],[21.59,42.26],[21.53,42.37],[21.78,42.66],[21.4,42.75],[21.43,42.87],[21.13,43.12],[20.82,43.27],[20.62,43.21],[20.67,43.04],[20.35,42.83],[19.22,43.48],[19.26,43.61],[19.48,43.57],[19.53,43.67],[19.24,44.01],[19.52,43.96],[19.62,44.05],[19.11,44.35],[19.37,44.88],[19.02,44.86],[19.0,44.92],[19.15,44.95],[19.05,44.98],[19.09,45.15],[19.44,45.2],[18.97,45.38],[19.09,45.51],[18.9,45.57],[18.97,45.75],[18.85,45.81]]]}},{"type":"Feature","properties":{"iso3":"SVK","name":"Slovak Republic"},"geometry":{"type":"Polygon","coordinates":[[[16.83,48.38],[17.11,48.83],[17.88,48.93],[18.18,49.29],[18.57,49.51],[19.15,49.4],[19.47,49.61],[19.79,49.41],[19.78,49.21],[20.07,49.18],[20.33,49.4],[20.72,49.42],[20.93,49.3],[21.12,49.44],[21.63,49.45],[22.57,49.09],[22.13,48.38],[21.72,48.35],[21.45,48.58],[20.55,48.54],[20.33,48.27],[19.93,48.13],[19.63,48.25],[19.46,48.08],[18.84,48.05],[18.76,47.88],[18.85,47.82],[18.66,47.76],[17.71,47.76],[17.07,48.03],[16.83,48.38]]]}},{"type":"Feature","properties":{"iso3":"XKX","name":"Kosovo"},"geometry":{"type":"Polygon","coordinates":[[[20.02,42.71],[20.52,42.87],[20.69,43.09],[20.6,43.21],[20.82,43.27],[21.43,42.87],[21.4,42.75],[21.79,42.65],[21.53,42.36],[21.58,42.26],[21.38,42.24],[21.32,42.11],[21.12,42.21],[20.79,42.08],[20.78,41.92],[20.62,41.86],[20.52,42.21],[20.24,42.33],[20.02,42.71]]]}},{"type":"Feature","properties":{"iso3":"AUT","name":"Austria"},"geometry":{"type":"Polygon","coordinates":[[[9.53,47.27],[9.67,47.39],[9.55,47.55],[9.78,47.6],[10.23,47.39],[10.23,47.27],[10.47,47.43],[10.43,47.58],[11.27,47.4],[11.64,47.59],[12.18,47.61],[12.26,47.74],[12.5,47.63],[12.78,47.67],[13.01,47.47],[13.08,47.68],[12.91,47.72],[13.0,47.85],[12.76,48.13],[13.33,48.32],[13.51,48.59],[13.73,48.52],[13.84,48.77],[14.07,48.6],[14.7,48.59],[14.81,48.78],[14.95,48.78],[15.02,49.02],[16.09,48.75],[16.54,48.81],[16.9,48.72],[16.84,48.36],[17.16,48.01],[17.03,47.85],[17.09,47.71],[16.44,47.69],[16.71,47.54],[16.45,47.39],[16.51,47.0],[16.0,46.83],[16.04,46.66],[15.05,46.65],[14.56,46.37],[12.44,46.69],[12.14,46.91],[12.19,47.09],[11.18,46.97],[11.02,46.77],[10.47,46.85],[10.39,47.0],[10.11,46.84],[9.61,47.06],[9.53,47.27]]]}},{"type":"Feature","properties":{"iso3":"BEL","name":"Belgium"},"geometry":{"type":"Polygon","coordinates":[[[2.55,51.09],[3.21,51.36],[3.9,51.2],[4.42,51.36],[4.38,51.45],[4.77,51.51],[4.92,51.4],[5.04,51.49],[5.25,51.26],[5.52,51.3],[5.86,51.14],[5.69,50.77],[6.27,50.64],[6.2,50.52],[6.41,50.32],[6.14,50.13],[5.97,50.17],[5.77,49.96],[5.87,49.57],[5.47,49.5],[5.27,49.69],[4.85,49.79],[4.88,50.15],[4.51,49.95],[4.14,49.98],[4.21,50.27],[3.71,50.3],[3.61,50.49],[3.29,50.53],[3.15,50.79],[2.79,50.72],[2.6,50.85],[2.55,51.09]]]}},{"type":"Feature","properties":{"iso3":"CHE","name":"Switzerland"},"geometry":{"type":"Polygon","coordinates":[[[5.96,46.13],[6.16,46.36],[6.06,46.42],[6.11,46.58],[7.04,47.33],[6.88,47.35],[6.99,47.49],[7.25,47.42],[7.59,47.59],[8.45,47.57],[8.41,47.67],[8.57,47.81],[9.55,47.55],[9.67,47.38],[9.5,47.05],[9.88,47.02],[10.11,46.84],[10.35,46.99],[10.49,46.94],[10.39,46.68],[10.45,46.53],[10.23,46.63],[10.05,46.54],[10.17,46.41],[10.07,46.22],[9.96,46.38],[9.62,46.29],[9.46,46.49],[9.28,46.5],[9.01,45.82],[8.79,45.99],[8.84,46.08],[8.44,46.25],[8.44,46.46],[8.1,46.28],[8.15,46.15],[7.86,45.92],[7.56,45.99],[7.1,45.86],[6.8,46.14],[6.81,46.42],[6.68,46.45],[6.34,46.4],[6.23,46.32],[6.3,46.23],[5.96,46.13]]]}},{"type":"Feature","properties":{"iso3":"DEU","name":"Germany"},"geometry":{"type":"Polygon","coordinates":[[[5.87,51.05],[6.15,51.15],[6.07,51.24],[6.23,51.37],[5.95,51.82],[6.73,51.9],[6.82,51.98],[6.69,52.07],[7.05,52.24],[7.0,52.46],[6.68,52.55],[7.05,52.65],[7.22,53.01],[7.24,53.32],[7.02,53.34],[7.04,53.54],[7.29,53.68],[8.02,53.71],[8.17,53.55],[8.07,53.47],[8.26,53.4],[8.28,53.61],[8.56,53.55],[8.57,53.84],[9.09,53.87],[8.84,54.03],[8.98,54.06],[8.81,54.17],[8.84,54.28],[8.58,54.3],[9.01,54.49],[8.81,54.47],[8.88,54.59],[8.64,54.91],[9.91,54.8],[10.04,54.69],[9.9,54.46],[10.7,54.31],[11.1,54.39],[11.06,54.53],[11.23,54.5],[11.31,54.4],[11.13,54.4],[11.09,54.2],[10.76,54.05],[11.45,53.91],[11.38,54.0],[12.1,54.18],[12.52,54.49],[13.03,54.44],[13.13,54.28],[13.22,54.64],[13.66,54.58],[13.57,54.45],[13.77,54.34],[13.71,54.27],[13.57,54.35],[13.3,54.22],[13.46,54.1],[13.81,54.17],[14.23,53.93],[13.89,53.83],[14.27,53.75],[14.45,53.26],[14.13,52.84],[14.64,52.57],[14.54,52.39],[14.76,52.07],[14.6,51.82],[14.73,51.53],[14.95,51.47],[15.04,51.27],[14.8,50.82],[14.31,51.05],[14.39,50.9],[13.55,50.71],[12.95,50.4],[12.52,50.4],[12.33,50.17],[12.12,50.31],[12.21,50.1],[12.55,49.92],[12.41,49.75],[12.66,49.43],[13.84,48.77],[13.73,48.51],[13.51,48.59],[13.33,48.32],[12.76,48.12],[13.0,47.85],[12.92,47.73],[13.08,47.69],[13.05,47.49],[12.75,47.67],[12.24,47.73],[12.2,47.61],[11.64,47.59],[11.27,47.4],[10.46,47.55],[10.44,47.38],[10.17,47.27],[10.22,47.38],[10.1,47.36],[9.97,47.54],[8.89,47.65],[8.59,47.8],[8.41,47.68],[8.61,47.67],[8.58,47.6],[7.6,47.58],[7.51,47.7],[7.58,48.12],[7.84,48.64],[8.21,48.96],[7.42,49.18],[6.74,49.16],[6.37,49.47],[6.51,49.8],[6.11,50.06],[6.37,50.44],[5.97,50.8],[6.09,50.92],[5.87,51.05]]]}},{"type":"Feature","properties":{"iso3":"DZA","name":"Algeria"},"geometry":{"type":"Polygon","coordinates":[[[-8.67,27.32],[-8.66,28.72],[-7.62,29.37],[-7.15,29.52],[-6.78,29.46],[-5.8,29.62],[-5.57,29.49],[-5.28,29.91],[-4.32,30.53],[-3.63,30.71],[-3.55,31.05],[-3.78,31.12],[-3.79,31.24],[-3.67,31.63],[-2.83,31.8],[-2.91,32.12],[-1.16,32.11],[-1.3,32.17],[-1.25,32.33],[-1.01,32.52],[-1.38,32.74],[-1.67,33.28],[-1.59,33.53],[-1.74,33.7],[-1.7,34.49],[-1.85,34.62],[-1.75,34.74],[-2.21,35.08],[-1.77,35.12],[-1.29,35.36],[-1.02,35.68],[-0.62,35.72],[-0.47,35.89],[-0.09,35.79],[0.35,36.2],[1.34,36.55],[2.56,36.59],[2.9,36.81],[3.49,36.77],[3.9,36.92],[4.79,36.89],[5.31,36.64],[6.49,37.08],[6.93,36.88],[7.23,36.97],[7.17,37.08],[7.79,36.97],[7.84,36.84],[8.64,36.94],[8.68,36.84],[8.17,36.49],[8.41,36.42],[8.26,35.76],[8.39,35.49],[8.31,35.32],[8.48,35.24],[8.25,34.92],[8.32,34.73],[7.54,34.07],[7.53,33.8],[7.81,33.21],[8.14,33.08],[8.32,32.82],[8.36,32.5],[9.08,32.09],[9.56,30.23],[9.4,30.17],[9.41,30.04],[9.78,29.43],[9.9,28.76],[9.84,28.29],[9.97,27.88],[9.78,27.26],[9.91,26.65],[9.4,26.19],[10.03,25.35],[10.04,24.96],[10.22,24.65],[10.36,24.53],[10.9,24.55],[11.42,24.2],[11.6,24.27],[12.0,23.52],[7.46,20.85],[5.81,19.44],[3.36,18.97],[3.12,19.15],[3.26,19.46],[3.25,19.84],[2.68,20.07],[2.38,20.02],[2.22,20.31],[1.79,20.3],[1.6,20.6],[1.17,20.73],[1.15,21.13],[-4.83,25.0],[-8.67,27.32]]]}},{"type":"Feature","properties":{"iso3":"FRA","name":"France"},"geometry":{"type":"MultiPolygon","coordinates":[[[[-4.79,48.41],[-4.54,48.64],[-3.97,48.73],[-3.86,48.63],[-3.23,48.87],[-3.01,48.82],[-2.7,48.51],[-2.32,48.69],[-2.18,48.59],[-1.94,48.7],[-1.48,48.64],[-1.61,48.83],[-1.61,49.21],[-1.94,49.72],[-1.27,49.7],[-1.3,49.54],[-1.17,49.36],[-0.11,49.29],[0.23,49.43],[0.07,49.51],[0.19,49.71],[1.63,50.19],[1.54,50.28],[1.58,50.87],[2.55,51.09],[2.6,50.85],[2.8,50.72],[3.15,50.79],[3.29,50.53],[3.61,50.5],[3.7,50.31],[4.21,50.27],[4.17,49.97],[4.69,50.0],[4.82,50.17],[4.88,49.8],[5.27,49.7],[5.48,49.5],[6.43,49.48],[6.74,49.16],[7.45,49.18],[8.23,48.97],[7.84,48.64],[7.58,48.12],[7.58,47.58],[7.39,47.43],[7.0,47.49],[6.9,47.37],[7.06,47.33],[6.44,46.94],[6.45,46.77],[6.13,46.58],[6.12,46.25],[5.97,46.2],[6.14,46.14],[6.3,46.23],[6.25,46.36],[6.52,46.46],[6.82,46.43],[6.8,46.14],[7.04,45.92],[6.81,45.73],[7.19,45.4],[7.08,45.21],[6.63,45.1],[7.08,44.69],[6.86,44.53],[6.89,44.36],[7.36,44.12],[7.68,44.18],[7.71,44.07],[7.49,43.75],[6.74,43.41],[6.65,43.17],[6.15,43.03],[5.34,43.21],[5.31,43.36],[4.58,43.36],[4.01,43.55],[3.13,43.13],[3.05,42.56],[3.18,42.44],[2.87,42.47],[2.67,42.34],[2.26,42.44],[2.02,42.35],[1.73,42.49],[1.72,42.62],[0.71,42.86],[0.67,42.69],[-0.02,42.69],[-0.31,42.85],[-0.57,42.78],[-0.76,42.97],[-1.3,43.11],[-1.44,43.05],[-1.39,43.25],[-1.79,43.37],[-1.45,43.64],[-1.26,44.54],[-1.03,44.67],[-1.16,44.76],[-1.26,44.63],[-1.09,45.56],[-0.64,45.08],[-0.82,45.48],[-1.23,45.67],[-1.08,45.91],[-1.06,46.05],[-1.23,46.15],[-1.13,46.31],[-1.81,46.49],[-2.14,46.82],[-1.99,47.03],[-2.24,47.13],[-2.18,47.28],[-2.29,47.23],[-2.55,47.29],[-2.5,47.52],[-2.82,47.49],[-2.92,47.55],[-2.71,47.58],[-2.85,47.62],[-3.12,47.57],[-3.13,47.47],[-3.21,47.64],[-3.95,47.9],[-4.37,47.8],[-4.45,47.98],[-4.74,48.04],[-4.28,48.16],[-4.55,48.17],[-4.58,48.34],[-4.79,48.41]]],[[[8.54,42.24],[8.68,42.27],[8.55,42.37],[8.71,42.58],[9.31,42.69],[9.34,42.99],[9.46,42.99],[9.56,42.14],[9.22,41.37],[8.79,41.56],[8.9,41.69],[8.66,41.74],[8.79,41.9],[8.61,41.91],[8.74,42.06],[8.54,42.24]]]]}},{"type":"Feature","properties":{"iso3":"LIE","name":"Liechtenstein"},"geometry":{"type":"Polygon","coordinates":[[[9.64,47.09],[9.52,47.1],[9.53,47.27],[9.64,47.09]]]}},{"type":"Feature","properties":{"iso3":"LUX","name":"Luxembourg"},"geometry":{"type":"Polygon","coordinates":[[[5.74,49.9],[5.97,50.17],[6.1,50.17],[6.18,49.96],[6.52,49.72],[6.37,49.46],[5.98,49.45],[5.81,49.54],[5.9,49.66],[5.74,49.9]]]}},{"type":"Feature","properties":{"iso3":"MLT","name":"Malta"},"geometry":{"type":"Polygon","coordinates":[[[14.32,35.97],[14.52,35.91],[14.56,35.82],[14.38,35.85],[14.32,35.97]]]}},{"type":"Feature","properties":{"iso3":"SMR","name":"San Marino"},"geometry":{"type":"Polygon","coordinates":[[[12.49,43.9],[12.44,43.96],[12.51,43.99],[12.49,43.9]]]}},{"type":"Feature","properties":{"iso3":"SVN","name":"Slovenia"},"geometry":{"type":"Polygon","coordinates":[[[13.38,46.3],[13.71,46.52],[14.56,46.39],[15.04,46.65],[16.03,46.66],[15.99,46.83],[16.24,46.88],[16.6,46.48],[16.36,46.55],[16.25,46.5],[16.3,46.38],[15.65,46.21],[15.71,45.85],[15.28,45.74],[15.41,45.65],[15.28,45.6],[15.38,45.49],[15.17,45.42],[14.82,45.46],[14.58,45.67],[14.32,45.47],[13.6,45.47],[13.91,45.64],[13.6,45.81],[13.64,45.98],[13.48,46.01],[13.65,46.17],[13.38,46.3]]]}},{"type":"Feature","properties":{"iso3":"TUN","name":"Tunisia"},"geometry":{"type":"Polygon","coordinates":[[[7.52,33.91],[7.65,34.2],[7.79,34.21],[7.86,34.41],[8.31,34.73],[8.25,34.92],[8.46,35.23],[8.31,35.31],[8.38,35.49],[8.26,35.76],[8.4,36.42],[8.16,36.5],[8.45,36.62],[8.43,36.76],[9.22,37.24],[9.67,37.34],[10.28,37.18],[10.18,37.05],[10.41,36.72],[11.07,37.05],[11.12,36.84],[10.81,36.46],[10.55,36.38],[10.47,36.14],[10.65,35.81],[11.05,35.63],[11.04,35.34],[11.16,35.23],[10.73,34.65],[10.02,34.15],[10.33,33.71],[10.73,33.7],[10.75,33.47],[10.94,33.57],[10.74,33.72],[10.74,33.89],[11.06,33.82],[10.92,33.67],[11.29,33.28],[11.13,33.31],[11.17,33.21],[11.56,33.17],[11.48,32.66],[11.61,32.46],[10.29,31.68],[10.13,31.46],[10.3,30.9],[9.94,30.38],[9.56,30.23],[9.08,32.08],[8.36,32.5],[8.32,32.82],[8.12,33.09],[7.81,33.21],[7.52,33.91]]]}},{"type":"Feature","properties":{"iso3":"VAT","name":"Vatican City"},"geometry":{"type":"Polygon","coordinates":[[[12.45,41.9],[12.45,41.91],[12.46,41.9],[12.45,41.9]]]}},{"type":"Feature","properties":{"iso3":"AND","name":"Andorra"},"geometry":{"type":"Polygon","coordinates":[[[1.41,42.54],[1.48,42.65],[1.79,42.57],[1.55,42.43],[1.41,42.54]]]}},{"type":"Feature","properties":{"iso3":"ESP","name":"Spain"},"geometry":{"type":"MultiPolygon","coordinates":[[[[-9.3,43.06],[-8.84,43.34],[-8.22,43.35],[-8.32,43.57],[-7.69,43.79],[-7.24,43.57],[-5.85,43.66],[-4.51,43.38],[-3.59,43.51],[-3.16,43.35],[-2.75,43.46],[-2.13,43.28],[-1.79,43.39],[-1.38,43.25],[-1.44,43.05],[-1.27,43.12],[-0.75,42.97],[-0.57,42.79],[-0.31,42.85],[-0.05,42.69],[0.66,42.69],[0.71,42.86],[1.36,42.72],[1.46,42.44],[1.73,42.5],[2.02,42.35],[2.26,42.44],[2.53,42.33],[2.95,42.48],[3.32,42.32],[3.12,42.22],[3.23,41.95],[2.94,41.72],[2.1,41.28],[0.99,41.04],[0.71,40.81],[0.88,40.72],[0.54,40.57],[-0.32,39.52],[-0.15,38.99],[0.23,38.73],[-0.5,38.33],[-0.75,37.9],[-0.72,37.61],[-1.32,37.56],[-1.67,37.36],[-2.12,36.73],[-2.36,36.84],[-2.7,36.68],[-4.39,36.72],[-4.64,36.51],[-5.18,36.41],[-5.61,36.0],[-6.03,36.18],[-6.52,36.98],[-6.96,37.25],[-6.95,37.17],[-7.41,37.2],[-7.52,37.55],[-7.26,37.98],[-7.01,38.02],[-6.96,38.14],[-7.33,38.44],[-7.26,38.72],[-6.95,39.02],[-7.24,39.21],[-7.3,39.46],[-7.54,39.66],[-7.01,39.68],[-6.87,40.01],[-7.03,40.19],[-6.78,40.36],[-6.81,40.87],[-6.93,41.03],[-6.2,41.58],[-6.55,41.69],[-6.59,41.96],[-7.14,41.99],[-7.43,41.81],[-7.9,41.92],[-8.14,41.81],[-8.22,41.91],[-8.09,42.04],[-8.21,42.15],[-8.87,41.87],[-8.9,42.11],[-8.69,42.27],[-8.87,42.25],[-8.86,42.31],[-8.67,42.42],[-8.93,42.45],[-8.83,42.46],[-8.83,42.66],[-9.04,42.52],[-8.96,42.77],[-9.27,42.88],[-9.3,43.06]]],[[[2.35,39.56],[2.78,39.86],[3.22,39.96],[3.09,39.9],[3.2,39.89],[3.15,39.77],[3.48,39.71],[3.08,39.27],[2.79,39.37],[2.68,39.56],[2.52,39.46],[2.35,39.56]]],[[[-16.92,28.36],[-16.51,28.42],[-16.32,28.58],[-16.12,28.56],[-16.54,28.03],[-16.7,28.0],[-16.92,28.36]]],[[[-14.51,28.07],[-14.22,28.22],[-14.02,28.72],[-13.87,28.75],[-13.92,28.26],[-14.51,28.07]]],[[[-15.83,27.97],[-15.71,28.17],[-15.41,28.18],[-15.36,27.94],[-15.6,27.74],[-15.83,27.97]]],[[[-13.88,28.88],[-13.82,29.03],[-13.42,29.2],[-13.48,29.0],[-13.88,28.88]]],[[[3.79,40.02],[4.1,40.09],[4.33,39.88],[3.83,39.92],[3.79,40.02]]],[[[-18.01,28.76],[-17.78,28.84],[-17.84,28.45],[-18.01,28.76]]],[[[1.23,38.87],[1.3,39.03],[1.6,39.09],[1.41,38.83],[1.23,38.87]]]]}},{"type":"Feature","properties":{"iso3":"GBR","name":"United Kingdom"},"geometry":{"type":"MultiPolygon","coordinates":[[[[-6.79,57.42],[-6.61,57.45],[-6.63,57.61],[-6.41,57.51],[-6.31,57.71],[-6.14,57.58],[-6.1,57.31],[-5.75,57.27],[-5.63,57.36],[-5.87,57.47],[-5.7,57.57],[-5.82,57.64],[-5.69,57.72],[-5.81,57.85],[-5.63,57.78],[-5.62,57.92],[-5.19,57.93],[-5.46,58.08],[-5.28,58.09],[-5.4,58.24],[-5.14,58.27],[-5.01,58.62],[-4.65,58.55],[-4.7,58.48],[-4.59,58.58],[-3.02,58.64],[-3.11,58.37],[-3.98,57.97],[-4.06,57.82],[-3.77,57.87],[-4.22,57.49],[-3.34,57.73],[-2.01,57.7],[-1.77,57.5],[-2.54,56.57],[-2.84,56.47],[-2.59,56.27],[-3.39,56.0],[-2.63,56.05],[-2.14,55.92],[-1.65,55.58],[-1.52,55.15],[-1.16,54.64],[-0.57,54.48],[-0.08,54.12],[-0.21,54.0],[0.15,53.6],[-0.29,53.72],[0.15,53.49],[0.36,53.19],[0.02,52.9],[0.36,52.79],[0.53,52.97],[0.99,52.98],[1.7,52.72],[1.76,52.48],[1.58,52.09],[1.14,51.78],[0.89,51.79],[0.85,51.56],[0.53,51.5],[0.89,51.34],[1.45,51.38],[1.4,51.16],[1.01,51.03],[0.98,50.91],[0.24,50.73],[-0.24,50.83],[-0.79,50.72],[-0.95,50.84],[-1.32,50.85],[-1.55,50.71],[-1.89,50.71],[-1.96,50.59],[-2.42,50.63],[-2.46,50.51],[-2.91,50.73],[-3.42,50.61],[-3.66,50.22],[-4.14,50.36],[-4.7,50.34],[-5.19,49.96],[-5.48,50.13],[-5.68,50.03],[-5.67,50.17],[-5.25,50.28],[-5.04,50.55],[-4.57,50.78],[-4.53,51.02],[-4.33,50.99],[-4.23,51.19],[-3.02,51.22],[-2.98,51.39],[-2.71,51.5],[-2.75,51.58],[-3.56,51.4],[-3.84,51.62],[-4.32,51.56],[-4.15,51.65],[-4.39,51.77],[-5.06,51.62],[-5.25,51.73],[-5.13,51.86],[-5.32,51.86],[-4.09,52.4],[-4.15,52.91],[-4.77,52.79],[-4.35,53.04],[-4.57,53.4],[-4.29,53.42],[-4.04,53.31],[-4.11,53.23],[-3.33,53.36],[-3.08,53.24],[-3.2,53.39],[-3.04,53.45],[-3.1,53.55],[-2.94,53.72],[-3.05,53.92],[-2.88,53.96],[-2.8,54.13],[-3.04,54.19],[-3.23,54.09],[-3.64,54.51],[-3.26,54.97],[-3.58,55.01],[-3.59,54.87],[-3.98,54.77],[-4.4,54.9],[-4.36,54.69],[-4.85,54.87],[-4.96,54.8],[-4.85,54.64],[-4.97,54.66],[-5.19,54.98],[-5.02,54.92],[-5.0,55.14],[-4.63,55.49],[-4.91,55.7],[-4.8,55.97],[-4.89,56.06],[-4.98,55.86],[-5.19,55.93],[-5.2,55.83],[-5.44,56.01],[-5.31,55.78],[-5.48,55.65],[-5.52,55.36],[-5.8,55.3],[-5.59,55.75],[-5.71,55.97],[-5.55,56.14],[-5.65,56.3],[-5.23,56.7],[-5.73,56.51],[-5.65,56.42],[-5.83,56.31],[-6.39,56.29],[-6.13,56.45],[-6.3,56.48],[-6.21,56.51],[-6.32,56.61],[-6.13,56.66],[-5.91,56.53],[-6.23,56.73],[-5.89,56.76],[-5.78,56.87],[-5.92,56.89],[-5.64,57.15],[-6.0,57.02],[-5.96,57.17],[-6.32,57.16],[-6.49,57.39],[-6.79,57.42]]],[[[-8.18,54.46],[-7.71,54.61],[-7.92,54.7],[-7.56,54.74],[-7.44,54.93],[-7.05,55.05],[-6.96,55.19],[-6.48,55.25],[-6.03,55.17],[-5.98,54.98],[-5.69,54.8],[-5.9,54.64],[-5.59,54.68],[-5.43,54.49],[-5.61,54.25],[-5.83,54.24],[-6.06,54.02],[-6.28,54.11],[-6.62,54.04],[-6.65,54.18],[-7.03,54.42],[-7.28,54.12],[-7.55,54.12],[-8.18,54.46]]],[[[-7.11,57.99],[-7.05,58.23],[-6.77,58.19],[-6.8,58.3],[-6.18,58.47],[-6.16,58.34],[-6.34,58.23],[-6.16,58.21],[-6.37,58.19],[-6.39,58.0],[-6.97,57.73],[-7.13,57.84],[-6.86,57.93],[-7.11,57.99]]],[[[-1.7,60.25],[-1.34,60.34],[-1.63,60.48],[-1.44,60.62],[-1.31,60.63],[-1.32,60.5],[-1.16,60.4],[-1.05,60.45],[-1.27,59.85],[-1.39,59.91],[-1.32,60.21],[-1.7,60.25]]],[[[-6.52,55.69],[-6.46,55.85],[-6.1,55.86],[-5.69,56.13],[-6.06,55.8],[-6.09,55.64],[-6.34,55.59],[-6.3,55.78],[-6.52,55.69]]],[[[-3.36,59.05],[-3.2,59.15],[-2.71,58.92],[-2.92,58.74],[-3.04,58.82],[-2.92,58.86],[-2.97,58.96],[-3.2,58.91],[-3.36,59.05]]],[[[-7.46,57.24],[-7.41,57.47],[-7.2,57.48],[-7.29,57.39],[-7.23,57.1],[-7.46,57.24]]],[[[-5.4,55.61],[-5.18,55.69],[-5.08,55.46],[-5.31,55.46],[-5.4,55.61]]]]}},{"type":"Feature","properties":{"iso3":"JEY","name":"Jersey (U.K.)"},"geometry":{"type":"Polygon","coordinates":[[[-2.24,49.18],[-2.09,49.25],[-2.02,49.2],[-2.24,49.18]]]}},{"type":"Feature","properties":{"iso3":"MCO","name":"Monaco"},"geometry":{"type":"Polygon","coordinates":[[[7.44,43.75],[7.43,43.75],[7.44,43.75],[7.44,43.75]]]}},{"type":"Feature","properties":{"iso3":"NLD","name":"Netherlands"},"geometry":{"type":"Polygon","coordinates":[[[3.43,51.53],[3.84,51.61],[4.21,51.44],[3.68,51.69],[4.05,51.84],[4.03,51.99],[4.39,52.2],[4.73,52.96],[4.88,52.89],[5.21,53.02],[5.05,52.92],[5.11,52.77],[5.26,52.75],[5.3,52.69],[5.36,52.68],[5.46,52.59],[5.48,52.55],[5.64,52.61],[5.67,52.85],[5.36,52.89],[5.33,53.08],[5.59,53.3],[6.81,53.46],[7.21,53.24],[7.06,52.64],[6.74,52.64],[6.69,52.54],[7.07,52.37],[7.06,52.23],[6.69,52.07],[6.83,51.97],[5.96,51.82],[6.22,51.47],[6.07,51.22],[6.18,51.16],[5.88,51.05],[6.09,50.92],[6.02,50.75],[5.64,50.85],[5.84,51.16],[5.24,51.26],[5.04,51.48],[4.92,51.39],[4.78,51.5],[4.48,51.48],[4.34,51.36],[3.43,51.53]],[[5.01,52.37],[5.12,52.33],[5.46,52.59],[5.29,52.69],[5.03,52.63],[5.01,52.37]],[[4.61,51.81],[4.06,51.83],[4.33,51.7],[4.63,51.71],[4.61,51.81]]]}},{"type":"Feature","properties":{"iso3":"BEN","name":"Benin"},"geometry":{"type":"Polygon","coordinates":[[[0.78,10.38],[0.8,10.72],[0.98,11.09],[1.1,11.05],[1.15,11.28],[1.34,11.3],[1.45,11.48],[2.02,11.43],[2.3,11.67],[2.46,11.98],[2.37,12.24],[2.84,12.41],[3.56,11.77],[3.5,11.3],[3.72,11.13],[3.84,10.59],[3.78,10.41],[3.62,10.41],[3.68,10.17],[3.56,9.9],[3.35,9.82],[3.15,9.5],[3.09,9.1],[2.78,9.05],[2.71,6.38],[1.84,6.29],[1.61,6.61],[1.62,9.05],[1.36,9.48],[1.35,9.99],[0.78,10.38]]]}},{"type":"Feature","properties":{"iso3":"BFA","name":"Burkina Faso"},"geometry":{"type":"Polygon","coordinates":[[[-5.51,10.43],[-5.41,10.85],[-5.49,11.08],[-5.34,11.14],[-5.2,11.43],[-5.26,11.76],[-5.4,11.83],[-4.74,12.0],[-4.41,12.32],[-4.48,12.73],[-4.23,12.73],[-4.34,13.14],[-4.26,13.24],[-3.97,13.51],[-3.95,13.38],[-3.44,13.16],[-3.44,13.28],[-3.24,13.3],[-3.26,13.71],[-2.88,13.65],[-2.84,14.05],[-2.47,14.3],[-2.01,14.19],[-1.98,14.47],[-1.07,14.78],[-0.72,15.08],[0.24,14.91],[0.16,14.53],[0.44,13.96],[0.62,13.7],[1.28,13.36],[1.0,13.37],[0.99,13.1],[1.86,12.61],[1.98,12.74],[2.16,12.69],[2.28,12.43],[2.07,12.35],[2.4,11.87],[2.02,11.42],[1.39,11.45],[1.33,11.29],[1.15,11.27],[1.11,11.03],[0.5,10.93],[-0.26,11.17],[-0.62,10.91],[-0.8,11.01],[-2.82,11.0],[-2.94,10.62],[-2.77,10.42],[-2.76,9.41],[-3.2,9.91],[-4.13,9.84],[-4.31,9.6],[-4.53,9.75],[-4.69,9.68],[-4.97,9.89],[-5.12,10.3],[-5.36,10.28],[-5.51,10.43]]]}},{"type":"Feature","properties":{"iso3":"CIV","name":"C\u00f4te d'Ivoire"},"geometry":{"type":"Polygon","coordinates":[[[-8.6,6.51],[-8.28,7.01],[-8.47,7.56],[-8.2,7.55],[-8.06,8.04],[-7.94,8.03],[-8.0,8.19],[-8.24,8.23],[-8.24,8.46],[-7.93,8.51],[-7.65,8.39],[-7.69,8.64],[-7.97,8.83],[-7.76,9.09],[-7.91,9.19],[-7.86,9.41],[-8.04,9.4],[-8.14,9.53],[-8.16,9.95],[-7.63,10.46],[-7.03,10.15],[-6.92,10.36],[-6.65,10.36],[-6.64,10.67],[-6.43,10.56],[-6.42,10.7],[-6.25,10.74],[-6.18,10.23],[-5.99,10.2],[-5.66,10.46],[-5.37,10.29],[-5.11,10.31],[-4.96,9.89],[-4.69,9.68],[-4.52,9.75],[-4.31,9.61],[-4.13,9.85],[-3.19,9.94],[-2.82,9.45],[-2.69,9.49],[-2.78,9.06],[-2.62,8.92],[-2.49,8.21],[-2.78,7.93],[-3.26,6.63],[-3.02,5.72],[-2.76,5.6],[-2.76,5.1],[-3.14,5.15],[-3.18,5.37],[-3.29,5.13],[-3.99,5.26],[-5.77,5.05],[-7.53,4.36],[-7.6,4.9],[-7.37,5.34],[-7.43,5.84],[-7.76,5.95],[-7.9,6.28],[-8.18,6.28],[-8.6,6.51]]]}},{"type":"Feature","properties":{"iso3":"GHA","name":"Ghana"},"geometry":{"type":"Polygon","coordinates":[[[-3.26,6.62],[-2.78,7.95],[-2.49,8.21],[-2.62,8.92],[-2.78,9.06],[-2.67,9.25],[-2.79,10.42],[-2.94,10.62],[-2.83,11.01],[-0.62,10.92],[-0.28,11.17],[-0.0,11.11],[-0.06,10.64],[0.4,10.31],[0.38,9.59],[0.23,9.47],[0.57,9.41],[0.46,9.04],[0.53,8.88],[0.39,8.74],[0.73,8.34],[0.6,8.2],[0.63,7.71],[0.52,7.46],[0.66,7.32],[0.54,6.83],[0.75,6.44],[1.2,6.11],[0.92,5.79],[0.06,5.69],[-0.82,5.21],[-1.62,5.02],[-2.09,4.74],[-2.28,4.9],[-3.11,5.09],[-2.75,5.11],[-2.72,5.38],[-2.78,5.62],[-3.03,5.71],[-3.26,6.62]]]}},{"type":"Feature","properties":{"iso3":"MLI","name":"Mali"},"geometry":{"type":"Polygon","coordinates":[[[-12.24,14.76],[-11.83,14.86],[-11.71,15.54],[-11.52,15.64],[-10.91,15.13],[-10.72,15.44],[-9.42,15.44],[-9.33,15.7],[-9.32,15.5],[-5.5,15.51],[-5.34,16.33],[-5.61,16.5],[-6.57,25.0],[-4.83,25.0],[1.15,21.13],[1.17,20.74],[1.6,20.6],[1.79,20.3],[2.21,20.31],[2.39,20.04],[2.67,20.09],[3.25,19.84],[3.26,19.45],[3.12,19.15],[3.3,19.0],[4.27,19.15],[4.2,16.4],[3.89,15.72],[3.51,15.37],[1.32,15.28],[0.97,14.98],[0.24,14.91],[-0.72,15.08],[-1.07,14.78],[-1.98,14.47],[-2.0,14.19],[-2.48,14.3],[-2.84,14.05],[-2.88,13.65],[-3.25,13.7],[-3.23,13.29],[-3.43,13.28],[-3.44,13.16],[-3.96,13.38],[-3.96,13.48],[-4.25,13.24],[-4.34,13.12],[-4.23,12.73],[-4.48,12.71],[-4.4,12.31],[-4.74,12.0],[-5.35,11.82],[-5.2,11.43],[-5.49,11.08],[-5.46,10.56],[-5.51,10.43],[-5.79,10.43],[-5.98,10.2],[-6.22,10.26],[-6.24,10.74],[-6.43,10.56],[-6.65,10.66],[-6.64,10.36],[-6.94,10.35],[-7.03,10.14],[-7.38,10.25],[-7.51,10.46],[-7.97,10.16],[-7.98,10.34],[-8.23,10.42],[-8.32,10.59],[-8.29,11.02],[-8.67,10.96],[-8.37,11.38],[-8.85,11.65],[-8.78,11.98],[-9.16,12.49],[-9.39,12.47],[-9.34,12.25],[-9.63,12.18],[-9.71,12.03],[-10.32,12.22],[-10.66,11.9],[-10.93,12.23],[-11.23,11.99],[-11.35,12.05],[-11.5,12.21],[-11.35,12.48],[-11.45,12.55],[-11.35,12.97],[-11.6,13.36],[-11.83,13.31],[-12.04,13.62],[-11.98,14.18],[-12.2,14.41],[-12.24,14.76]]]}},{"type":"Feature","properties":{"iso3":"NER","name":"Niger"},"geometry":{"type":"Polygon","coordinates":[[[0.16,14.53],[0.24,14.99],[0.96,14.98],[1.31,15.28],[3.01,15.34],[3.03,15.43],[3.49,15.36],[3.88,15.71],[4.2,16.4],[4.27,19.15],[5.81,19.45],[7.46,20.84],[12.0,23.52],[13.53,23.16],[14.19,22.65],[15.0,23.0],[15.2,21.5],[15.5,20.97],[15.42,20.81],[15.62,20.54],[16.0,20.36],[15.76,19.94],[15.6,18.89],[15.53,16.75],[14.39,15.74],[13.87,15.05],[13.7,14.56],[13.48,14.46],[13.63,13.71],[13.34,13.72],[13.2,13.51],[12.88,13.49],[12.47,13.06],[11.46,13.38],[10.66,13.36],[10.01,13.18],[9.66,12.81],[8.98,12.83],[7.85,13.34],[6.94,13.0],[6.28,13.67],[5.53,13.88],[5.25,13.74],[4.87,13.78],[4.14,13.47],[4.1,12.99],[3.65,12.52],[3.61,11.69],[2.84,12.41],[2.39,12.25],[2.4,11.9],[2.07,12.35],[2.27,12.44],[2.16,12.69],[1.99,12.74],[1.87,12.61],[0.99,13.1],[0.99,13.37],[1.21,13.39],[0.61,13.7],[0.16,14.53]]]}},{"type":"Feature","properties":{"iso3":"NGA","name":"Nigeria"},"geometry":{"type":"Polygon","coordinates":[[[2.68,7.88],[2.78,9.06],[3.09,9.11],[3.15,9.5],[3.34,9.82],[3.6,9.96],[3.62,10.42],[3.78,10.42],[3.84,10.58],[3.72,11.13],[3.49,11.3],[3.68,11.76],[3.65,12.52],[4.1,12.99],[4.14,13.48],[4.47,13.68],[5.25,13.74],[5.53,13.89],[6.43,13.6],[6.94,13.0],[7.85,13.34],[8.98,12.83],[9.65,12.81],[10.01,13.18],[10.66,13.36],[11.46,13.38],[12.47,13.06],[12.87,13.5],[13.2,13.52],[13.34,13.72],[13.63,13.71],[14.08,13.08],[14.18,12.41],[14.48,12.35],[14.68,12.17],[14.62,11.52],[14.19,11.24],[13.98,11.31],[13.73,11.0],[13.5,10.21],[13.26,10.03],[13.23,9.58],[12.87,9.38],[12.78,8.75],[12.26,8.43],[11.88,7.1],[11.62,6.98],[11.52,6.62],[11.1,6.52],[11.09,6.68],[10.92,6.71],[10.58,7.13],[10.49,6.9],[10.22,6.89],[10.14,7.03],[9.78,6.79],[9.71,6.51],[9.47,6.45],[8.85,5.83],[8.92,5.56],[8.63,4.82],[8.41,4.79],[8.11,5.04],[8.28,4.54],[7.61,4.51],[6.82,4.85],[6.41,4.53],[6.18,4.59],[5.92,4.47],[5.88,4.65],[5.81,4.59],[5.84,4.85],[5.71,4.84],[5.7,4.95],[5.52,4.83],[5.38,5.13],[5.65,5.01],[5.93,5.15],[5.79,5.2],[5.46,5.99],[5.06,5.91],[5.04,5.8],[4.62,6.27],[4.35,6.37],[2.71,6.46],[2.8,7.47],[2.68,7.88]]]}},{"type":"Feature","properties":{"iso3":"TGO","name":"Togo"},"geometry":{"type":"Polygon","coordinates":[[[0.03,11.0],[-0.14,11.14],[0.5,11.01],[0.52,10.94],[0.92,11.0],[0.78,10.38],[1.35,9.99],[1.35,9.5],[1.62,9.06],[1.58,6.69],[1.81,6.29],[1.2,6.11],[0.75,6.44],[0.53,6.83],[0.66,7.32],[0.52,7.46],[0.63,7.72],[0.59,8.2],[0.73,8.34],[0.37,8.76],[0.53,8.87],[0.46,9.04],[0.57,9.4],[0.23,9.46],[0.38,9.6],[0.38,10.3],[-0.06,10.63],[0.03,11.0]]]}},{"type":"Feature","properties":{"iso3":"CMR","name":"Cameroon"},"geometry":{"type":"Polygon","coordinates":[[[8.59,4.79],[8.92,5.56],[8.84,5.83],[9.47,6.45],[9.7,6.52],[9.78,6.79],[10.15,7.04],[10.22,6.89],[10.5,6.9],[10.57,7.16],[10.92,6.71],[11.1,6.68],[11.1,6.53],[11.34,6.51],[11.55,6.66],[11.62,6.98],[11.87,7.08],[11.91,7.47],[12.21,7.98],[12.26,8.44],[12.79,8.76],[12.92,9.25],[12.85,9.37],[13.23,9.58],[13.25,10.04],[13.5,10.22],[13.73,11.0],[13.98,11.31],[14.19,11.25],[14.64,11.57],[14.55,11.72],[14.67,12.18],[14.17,12.41],[14.08,13.08],[14.47,13.08],[14.56,12.79],[14.83,12.63],[14.89,12.16],[15.08,12.0],[15.05,11.01],[15.15,10.54],[15.69,10.0],[14.22,10.01],[13.98,9.66],[14.49,9.06],[15.11,8.66],[15.59,7.77],[14.74,6.25],[14.42,6.03],[14.62,5.89],[14.53,5.28],[14.66,5.2],[14.73,4.61],[15.09,4.3],[15.18,4.06],[15.08,4.01],[15.25,3.71],[16.07,2.91],[16.19,2.22],[16.05,2.01],[16.14,1.69],[16.03,1.66],[15.75,1.92],[14.92,2.0],[14.6,2.19],[11.7,2.32],[11.38,2.29],[11.36,2.17],[9.91,2.2],[9.82,2.51],[9.97,3.09],[9.55,3.82],[9.68,3.65],[9.81,3.92],[9.48,4.13],[9.24,3.94],[8.98,4.1],[8.89,4.39],[8.96,4.64],[8.76,4.81],[8.59,4.79]]]}},{"type":"Feature","properties":{"iso3":"GGY","name":"Guernsey (U.K.)"},"geometry":{"type":"Polygon","coordinates":[[[-2.53,49.42],[-2.66,49.46],[-2.51,49.51],[-2.53,49.42]]]}},{"type":"Feature","properties":{"iso3":"GIB","name":"Gibraltar (U.K.)"},"geometry":{"type":"Polygon","coordinates":[[[-5.36,36.14],[-5.34,36.15],[-5.35,36.11],[-5.36,36.14]]]}},{"type":"Feature","properties":{"iso3":"GIN","name":"Guinea"},"geometry":{"type":"Polygon","coordinates":[[[-14.89,11.03],[-14.66,11.5],[-14.27,11.68],[-13.71,11.7],[-13.7,12.01],[-13.96,12.18],[-13.66,12.32],[-13.71,12.67],[-13.06,12.64],[-13.06,12.49],[-12.89,12.56],[-12.35,12.31],[-12.06,12.43],[-11.43,12.44],[-11.49,12.18],[-11.31,12.02],[-10.94,12.23],[-10.68,11.9],[-10.34,12.23],[-9.7,12.03],[-9.65,12.17],[-9.34,12.26],[-9.41,12.46],[-9.16,12.49],[-8.95,12.36],[-8.99,12.21],[-8.77,11.98],[-8.84,11.66],[-8.35,11.37],[-8.67,10.97],[-8.29,11.02],[-8.32,10.59],[-7.95,10.25],[-8.16,9.94],[-8.14,9.55],[-8.04,9.4],[-7.85,9.42],[-7.91,9.19],[-7.73,9.07],[-7.9,9.02],[-7.97,8.82],[-7.69,8.65],[-7.64,8.38],[-8.19,8.5],[-8.24,8.23],[-7.99,8.2],[-7.94,8.05],[-8.07,8.02],[-8.18,7.56],[-8.47,7.56],[-8.67,7.7],[-8.84,7.28],[-9.11,7.19],[-9.3,7.43],[-9.48,7.37],[-9.35,7.75],[-9.49,8.35],[-9.65,8.49],[-10.32,8.51],[-10.7,8.28],[-10.47,8.68],[-10.58,9.05],[-10.73,9.08],[-10.66,9.31],[-11.22,10.0],[-12.44,9.88],[-12.79,9.3],[-12.95,9.27],[-13.08,9.05],[-13.3,9.04],[-13.11,9.15],[-13.22,9.4],[-13.39,9.41],[-13.43,9.69],[-13.72,9.51],[-13.5,9.77],[-13.62,9.94],[-13.82,9.85],[-14.08,10.19],[-14.45,10.21],[-14.59,10.47],[-14.48,10.6],[-14.61,10.64],[-14.55,10.86],[-14.73,10.86],[-14.7,11.03],[-14.89,11.03]]]}},{"type":"Feature","properties":{"iso3":"IMN","name":"Isle of Man (U.K.)"},"geometry":{"type":"Polygon","coordinates":[[[-4.79,54.06],[-4.55,54.36],[-4.36,54.42],[-4.39,54.19],[-4.79,54.06]]]}},{"type":"Feature","properties":{"iso3":"IRL","name":"Ireland"},"geometry":{"type":"Polygon","coordinates":[[[-10.48,52.11],[-10.18,52.29],[-9.86,52.25],[-9.84,52.38],[-9.95,52.41],[-9.43,52.6],[-9.94,52.56],[-9.5,52.76],[-9.28,53.14],[-8.94,53.21],[-9.61,53.23],[-9.65,53.38],[-9.77,53.29],[-10.18,53.41],[-10.09,53.49],[-10.19,53.56],[-9.87,53.62],[-9.9,53.76],[-9.57,53.8],[-9.59,53.9],[-9.94,53.88],[-9.85,54.0],[-9.99,54.22],[-10.12,54.09],[-10.1,54.24],[-9.78,54.35],[-9.26,54.31],[-9.14,54.17],[-9.05,54.29],[-8.63,54.26],[-8.55,54.33],[-8.68,54.36],[-8.16,54.62],[-8.46,54.57],[-8.8,54.7],[-8.39,54.86],[-8.45,55.01],[-8.29,55.15],[-7.63,55.28],[-7.56,55.18],[-7.34,55.32],[-7.4,55.38],[-6.92,55.24],[-7.39,55.03],[-7.55,54.74],[-7.91,54.7],[-7.7,54.61],[-8.16,54.45],[-7.85,54.21],[-7.34,54.12],[-7.03,54.42],[-6.64,54.18],[-6.63,54.04],[-6.29,54.11],[-6.1,54.0],[-6.38,53.95],[-6.08,53.55],[-6.04,53.37],[-6.2,53.32],[-6.0,52.97],[-6.2,52.55],[-6.45,52.33],[-6.34,52.19],[-6.82,52.22],[-6.93,52.12],[-6.95,52.24],[-7.0,52.14],[-7.6,52.1],[-7.59,51.99],[-8.27,51.8],[-8.53,51.61],[-9.76,51.45],[-9.84,51.48],[-9.61,51.59],[-9.85,51.54],[-9.45,51.72],[-10.16,51.58],[-9.78,51.83],[-10.13,51.74],[-10.43,51.88],[-9.93,52.1],[-10.48,52.11]]]}},{"type":"Feature","properties":{"iso3":"LBR","name":"Liberia"},"geometry":{"type":"Polygon","coordinates":[[[-11.5,6.92],[-10.61,7.77],[-10.61,8.04],[-10.31,8.2],[-10.28,8.48],[-9.66,8.5],[-9.48,8.36],[-9.35,7.75],[-9.45,7.42],[-9.2,7.38],[-9.1,7.2],[-8.86,7.26],[-8.68,7.7],[-8.55,7.7],[-8.27,7.0],[-8.57,6.51],[-8.18,6.28],[-7.9,6.29],[-7.76,5.95],[-7.43,5.85],[-7.37,5.33],[-7.6,4.88],[-7.53,4.36],[-9.04,4.98],[-10.35,6.14],[-10.82,6.31],[-10.86,6.46],[-11.36,6.71],[-11.5,6.92]]]}},{"type":"Feature","properties":{"iso3":"MAR","name":"Morocco"},"geometry":{"type":"Polygon","coordinates":[[[-13.17,27.67],[-12.92,27.95],[-11.5,28.31],[-10.24,29.29],[-9.64,30.19],[-9.61,30.41],[-9.89,30.63],[-9.84,31.39],[-9.26,32.18],[-9.28,32.54],[-8.54,33.24],[-7.54,33.62],[-6.84,34.03],[-6.3,34.87],[-5.93,35.79],[-5.4,35.92],[-5.06,35.41],[-4.36,35.15],[-3.71,35.29],[-3.33,35.19],[-2.98,35.44],[-2.88,35.13],[-2.21,35.09],[-1.74,34.74],[-1.84,34.62],[-1.69,34.49],[-1.78,34.39],[-1.65,34.11],[-1.73,33.71],[-1.59,33.61],[-1.67,33.28],[-1.38,32.74],[-1.0,32.52],[-1.25,32.33],[-1.15,32.11],[-2.9,32.12],[-2.82,31.8],[-3.66,31.63],[-3.78,31.23],[-3.55,31.07],[-3.64,30.7],[-4.33,30.53],[-5.28,29.91],[-5.57,29.49],[-5.8,29.62],[-6.78,29.46],[-7.12,29.53],[-7.61,29.37],[-8.66,28.71],[-8.67,27.67],[-13.17,27.67]]]}},{"type":"Feature","properties":{"iso3":"MRT","name":"Mauritania"},"geometry":{"type":"Polygon","coordinates":[[[-17.05,20.77],[-16.95,21.33],[-13.01,21.34],[-13.11,22.94],[-12.0,23.46],[-12.0,26.0],[-8.68,26.0],[-8.67,27.32],[-4.83,25.0],[-6.57,24.99],[-5.61,16.51],[-5.33,16.33],[-5.5,15.5],[-9.33,15.5],[-9.33,15.7],[-9.44,15.6],[-9.4,15.44],[-10.71,15.43],[-10.9,15.11],[-11.48,15.64],[-11.7,15.53],[-11.8,14.89],[-12.06,14.72],[-12.85,15.2],[-12.97,15.49],[-13.23,15.61],[-13.38,16.06],[-13.85,16.11],[-14.35,16.64],[-14.98,16.69],[-15.7,16.47],[-16.26,16.52],[-16.39,16.21],[-16.46,16.39],[-16.51,16.06],[-16.44,16.62],[-16.02,17.98],[-16.19,18.93],[-16.53,19.37],[-16.27,19.74],[-16.2,20.22],[-16.49,20.72],[-16.53,20.56],[-16.68,20.68],[-16.91,21.17],[-17.05,20.77]]]}},{"type":"Feature","properties":{"iso3":"PRT","name":"Portugal"},"geometry":{"type":"MultiPolygon","coordinates":[[[[-9.5,38.78],[-9.34,39.23],[-9.41,39.37],[-9.08,39.58],[-8.65,40.97],[-8.86,41.87],[-8.2,42.15],[-8.08,42.05],[-8.21,41.92],[-8.14,41.81],[-7.91,41.93],[-7.42,41.82],[-7.14,41.99],[-6.59,41.97],[-6.55,41.69],[-6.19,41.57],[-6.92,41.02],[-6.78,40.36],[-7.03,40.19],[-6.86,40.01],[-7.02,39.67],[-7.53,39.65],[-7.29,39.46],[-7.24,39.21],[-6.95,39.02],[-7.31,38.51],[-7.09,38.17],[-6.93,38.21],[-7.5,37.6],[-7.4,37.17],[-7.97,36.99],[-8.62,37.12],[-9.0,37.02],[-8.79,37.53],[-8.89,37.95],[-8.78,38.26],[-8.91,38.49],[-8.76,38.41],[-8.73,38.51],[-8.89,38.52],[-9.22,38.41],[-9.22,38.69],[-9.5,38.78]]],[[[-25.85,37.86],[-25.17,37.86],[-25.14,37.77],[-25.7,37.74],[-25.85,37.86]]],[[[-17.27,32.81],[-16.9,32.84],[-16.68,32.74],[-16.94,32.63],[-17.27,32.81]]]]}},{"type":"Feature","properties":{"iso3":"SEN","name":"Senegal"},"geometry":{"type":"Polygon","coordinates":[[[-17.53,14.75],[-17.13,14.91],[-16.87,15.23],[-16.27,16.52],[-15.7,16.47],[-14.99,16.69],[-14.34,16.64],[-13.85,16.12],[-13.72,16.18],[-13.38,16.06],[-13.23,15.62],[-12.96,15.5],[-12.86,15.21],[-12.16,14.69],[-12.2,14.41],[-12.02,14.29],[-11.93,13.92],[-12.07,13.71],[-11.83,13.31],[-11.62,13.39],[-11.36,12.98],[-11.38,12.41],[-12.06,12.43],[-12.36,12.31],[-12.89,12.55],[-13.06,12.49],[-13.07,12.64],[-15.2,12.69],[-15.68,12.43],[-16.39,12.37],[-16.43,12.39],[-16.48,12.57],[-15.83,12.59],[-16.03,12.72],[-16.37,12.71],[-16.37,12.61],[-16.56,12.88],[-16.36,12.89],[-16.6,13.02],[-16.79,12.76],[-16.69,13.17],[-15.81,13.17],[-15.8,13.35],[-15.3,13.37],[-15.09,13.6],[-14.36,13.23],[-13.86,13.32],[-13.79,13.44],[-13.97,13.58],[-14.37,13.47],[-15.07,13.82],[-15.38,13.77],[-15.47,13.59],[-16.5,13.59],[-16.41,13.93],[-16.51,14.27],[-16.75,14.09],[-16.76,13.93],[-16.79,14.15],[-17.19,14.66],[-17.53,14.75]]]}},{"type":"Feature","properties":{"iso3":"ALA","name":"\u00c5land (Fin.)"},"geometry":{"type":"Polygon","coordinates":[[[19.47,60.24],[19.87,60.43],[20.28,60.28],[20.04,60.09],[20.3,60.11],[20.18,59.97],[19.47,60.24]]]}},{"type":"Feature","properties":{"iso3":"CPV","name":"Cabo Verde"},"geometry":{"type":"MultiPolygon","coordinates":[[[[-23.78,15.07],[-23.7,15.33],[-23.43,15.02],[-23.62,14.91],[-23.78,15.07]]],[[[-25.36,17.05],[-25.09,17.2],[-24.97,17.11],[-25.18,16.92],[-25.36,17.05]]],[[[-22.96,16.03],[-22.91,16.23],[-22.67,16.15],[-22.81,15.97],[-22.96,16.03]]]]}},{"type":"Feature","properties":{"iso3":"FRO","name":"Faroe Islands (Den.)"},"geometry":{"type":"Polygon","coordinates":[[[-7.26,62.18],[-7.16,62.31],[-6.73,61.94],[-7.04,62.11],[-7.26,62.18]]]}},{"type":"Feature","properties":{"iso3":"GAB","name":"Gabon"},"geometry":{"type":"Polygon","coordinates":[[[8.7,-0.64],[8.84,-0.83],[9.12,-0.7],[9.3,-0.37],[9.35,0.35],[9.48,0.04],[9.51,0.14],[9.84,-0.03],[9.92,0.06],[9.89,0.19],[9.65,0.23],[9.6,0.35],[9.5,0.29],[9.31,0.51],[9.44,0.64],[9.54,0.43],[9.67,0.46],[9.55,0.95],[9.67,1.06],[11.33,1.0],[11.39,2.3],[13.29,2.25],[13.14,1.7],[13.26,1.33],[13.17,1.24],[13.81,1.44],[14.18,1.4],[14.5,0.93],[14.38,0.64],[13.95,0.35],[13.94,-0.05],[13.82,-0.16],[14.13,-0.26],[14.18,-0.43],[14.53,-0.62],[14.42,-1.02],[14.52,-1.43],[14.39,-1.62],[14.43,-1.9],[14.26,-1.98],[14.18,-2.23],[14.26,-2.35],[14.1,-2.51],[13.88,-2.48],[13.93,-2.35],[13.77,-2.11],[13.49,-2.44],[13.0,-2.37],[12.81,-1.91],[12.58,-1.82],[12.46,-1.91],[12.51,-2.42],[11.97,-2.34],[11.72,-2.55],[11.53,-2.38],[11.54,-2.84],[11.8,-3.06],[11.67,-3.15],[11.96,-3.32],[11.9,-3.65],[11.66,-3.75],[11.46,-3.5],[11.17,-3.94],[9.63,-2.4],[8.7,-0.64]]]}},{"type":"Feature","properties":{"iso3":"GMB","name":"The Gambia"},"geometry":{"type":"Polygon","coordinates":[[[-16.81,13.34],[-16.68,13.48],[-16.58,13.31],[-16.34,13.22],[-16.05,13.25],[-16.2,13.31],[-16.15,13.43],[-15.34,13.42],[-15.57,13.55],[-16.22,13.5],[-16.41,13.33],[-16.55,13.49],[-16.5,13.59],[-15.48,13.59],[-15.38,13.77],[-15.07,13.83],[-14.37,13.47],[-13.97,13.58],[-13.79,13.41],[-14.36,13.23],[-15.09,13.59],[-15.3,13.37],[-15.79,13.35],[-15.8,13.17],[-16.67,13.17],[-16.75,13.06],[-16.81,13.34]]]}},{"type":"Feature","properties":{"iso3":"GNB","name":"Guinea-Bissau"},"geometry":{"type":"Polygon","coordinates":[[[-16.45,12.36],[-16.07,12.48],[-15.68,12.43],[-15.2,12.69],[-13.71,12.67],[-13.63,12.46],[-13.72,12.25],[-13.96,12.18],[-13.7,12.01],[-13.71,11.7],[-14.26,11.68],[-14.66,11.5],[-15.09,10.95],[-14.99,11.17],[-15.14,11.1],[-15.24,11.28],[-15.41,11.28],[-15.34,11.41],[-15.45,11.35],[-15.47,11.47],[-15.33,11.57],[-15.42,11.54],[-15.5,11.76],[-14.98,11.98],[-15.53,11.89],[-15.64,12.04],[-15.89,12.06],[-16.1,11.88],[-16.22,11.93],[-16.19,12.04],[-16.34,12.02],[-16.32,12.16],[-16.13,12.11],[-16.25,12.17],[-16.17,12.28],[-15.8,12.2],[-15.61,12.34],[-16.45,12.36]]]}},{"type":"Feature","properties":{"iso3":"GNQ","name":"Equatorial Guinea"},"geometry":{"type":"MultiPolygon","coordinates":[[[[9.34,1.17],[9.82,1.95],[9.78,2.33],[10.03,2.17],[11.34,2.17],[11.34,1.0],[9.81,1.01],[9.89,1.11],[9.69,1.08],[9.74,1.2],[9.59,1.03],[9.34,1.17]]],[[[8.42,3.36],[8.71,3.79],[8.9,3.77],[8.68,3.21],[8.42,3.36]]]]}},{"type":"Feature","properties":{"iso3":"SLE","name":"Sierra Leone"},"geometry":{"type":"Polygon","coordinates":[[[-13.3,9.04],[-13.08,9.06],[-12.95,9.28],[-12.79,9.31],[-12.44,9.88],[-11.21,10.0],[-10.66,9.31],[-10.73,9.09],[-10.57,9.05],[-10.46,8.67],[-10.68,8.36],[-10.54,8.31],[-10.32,8.51],[-10.3,8.2],[-10.6,8.04],[-10.61,7.77],[-11.51,6.93],[-12.53,7.38],[-12.29,7.57],[-12.44,7.62],[-12.47,7.85],[-12.7,7.71],[-12.96,7.91],[-12.8,7.92],[-12.95,8.16],[-12.9,8.28],[-13.16,8.17],[-13.3,8.5],[-13.11,8.41],[-12.9,8.56],[-13.11,8.63],[-13.16,8.52],[-13.24,8.83],[-13.07,8.8],[-12.97,8.97],[-13.3,9.04]]]}},{"type":"Feature","properties":{"iso3":"STP","name":"S\u00e3o Tom\u00e9 and Pr\u00edncipe"},"geometry":{"type":"Polygon","coordinates":[[[6.46,0.24],[6.61,0.41],[6.76,0.29],[6.52,0.02],[6.46,0.24]]]}},{"type":"Feature","properties":{"iso3":"AUS","name":"Australia"},"geometry":{"type":"MultiPolygon","coordinates":[[[[112.92,-25.61],[113.02,-25.5],[113.22,-26.17],[113.3,-26.02],[113.38,-26.21],[113.36,-26.02],[113.64,-26.6],[113.81,-26.6],[113.88,-26.34],[113.58,-26.1],[113.41,-25.72],[113.51,-25.5],[113.76,-25.88],[113.73,-26.2],[113.88,-25.94],[113.98,-26.35],[114.08,-26.46],[114.21,-26.38],[114.27,-25.86],[113.7,-25.08],[113.39,-24.23],[113.53,-23.78],[113.78,-23.48],[113.83,-22.95],[113.65,-22.58],[114.03,-21.85],[114.19,-21.81],[114.08,-22.16],[114.14,-22.54],[114.31,-22.43],[114.42,-22.56],[114.56,-22.13],[114.79,-21.88],[114.69,-21.83],[115.48,-21.55],[115.92,-21.08],[116.61,-20.75],[116.81,-20.53],[116.83,-20.71],[117.18,-20.59],[117.22,-20.78],[117.66,-20.75],[118.18,-20.34],[118.81,-20.3],[119.1,-19.96],[119.59,-20.08],[121.08,-19.58],[121.49,-19.12],[121.82,-18.45],[122.39,-18.12],[122.42,-17.97],[122.18,-17.97],[122.25,-17.12],[122.48,-16.9],[122.61,-16.97],[122.58,-16.76],[122.83,-16.78],[122.79,-16.58],[123.04,-16.36],[122.95,-16.59],[123.14,-16.69],[123.12,-16.92],[123.39,-17.27],[123.32,-17.43],[123.45,-17.36],[123.6,-17.58],[123.62,-17.3],[123.74,-17.29],[123.59,-17.03],[123.77,-17.21],[124.02,-17.1],[123.89,-16.94],[123.96,-16.85],[123.51,-16.66],[123.62,-16.55],[123.43,-16.51],[123.63,-16.5],[123.51,-16.38],[123.7,-16.37],[123.56,-16.18],[123.71,-16.13],[123.82,-16.33],[123.95,-16.35],[123.91,-16.21],[124.34,-16.42],[124.44,-16.07],[124.51,-16.2],[124.62,-16.12],[124.61,-15.89],[124.71,-15.84],[124.68,-15.74],[124.5,-16.0],[124.37,-15.68],[124.45,-15.5],[124.68,-15.49],[124.67,-15.26],[124.89,-15.34],[124.83,-15.16],[125.04,-15.1],[125.01,-14.98],[125.16,-15.17],[125.51,-15.17],[125.21,-14.97],[125.33,-14.89],[125.14,-14.75],[125.35,-14.51],[125.57,-14.56],[125.63,-14.23],[125.73,-14.28],[125.68,-14.52],[125.85,-14.46],[125.94,-14.66],[126.15,-14.18],[125.98,-14.04],[126.09,-13.9],[126.29,-14.22],[126.33,-14.05],[126.54,-13.93],[126.46,-14.1],[126.58,-14.23],[126.76,-14.06],[126.71,-13.97],[126.91,-13.99],[126.8,-13.93],[126.74,-13.79],[126.77,-13.78],[126.96,-13.74],[127.14,-13.98],[127.43,-13.94],[127.82,-14.47],[128.21,-14.71],[128.07,-14.86],[128.09,-15.28],[127.95,-15.37],[128.07,-15.58],[128.13,-15.43],[128.37,-15.44],[128.2,-15.1],[128.56,-15.07],[128.51,-14.78],[129.15,-15.23],[129.4,-14.99],[129.56,-15.2],[129.74,-15.22],[129.69,-14.91],[129.86,-14.88],[129.94,-14.71],[129.73,-14.78],[129.81,-14.51],[129.53,-14.55],[129.37,-14.33],[129.5,-14.13],[129.57,-14.23],[129.6,-14.01],[129.76,-13.99],[129.82,-13.5],[130.0,-13.54],[130.28,-13.33],[130.12,-13.17],[130.14,-12.93],[130.31,-12.93],[130.44,-12.64],[130.67,-12.71],[130.55,-12.63],[130.58,-12.41],[130.77,-12.44],[130.76,-12.62],[130.95,-12.64],[130.82,-12.41],[131.09,-12.38],[131.01,-12.16],[131.26,-12.23],[131.3,-12.38],[131.43,-12.28],[131.71,-12.37],[131.89,-12.22],[132.09,-12.33],[132.25,-12.17],[132.26,-12.35],[132.35,-12.2],[132.43,-12.32],[132.44,-12.18],[132.7,-12.14],[132.62,-12.02],[132.73,-11.85],[132.58,-11.79],[132.72,-11.57],[132.6,-11.64],[132.53,-11.43],[132.06,-11.52],[131.82,-11.22],[131.98,-11.23],[131.97,-11.13],[132.2,-11.41],[132.14,-11.12],[132.26,-11.22],[132.34,-11.12],[132.37,-11.3],[132.45,-11.22],[132.68,-11.52],[132.92,-11.33],[133.19,-11.73],[133.54,-11.76],[133.53,-11.85],[133.92,-11.74],[133.82,-11.85],[134.13,-11.9],[134.13,-12.18],[134.25,-11.98],[134.48,-12.1],[134.75,-11.95],[134.81,-12.14],[135.25,-12.33],[135.39,-12.18],[135.42,-12.2],[135.66,-12.04],[135.91,-11.95],[135.64,-12.21],[135.74,-12.32],[136.05,-12.06],[135.92,-12.45],[136.05,-12.5],[136.3,-12.4],[136.36,-12.19],[136.17,-12.16],[136.56,-11.88],[136.47,-11.99],[136.67,-12.29],[136.78,-12.16],[136.98,-12.35],[136.62,-12.84],[136.49,-12.8],[136.67,-13.0],[136.52,-13.0],[136.46,-13.25],[136.33,-13.32],[136.33,-13.03],[136.18,-13.28],[136.15,-13.12],[136.05,-13.31],[135.93,-13.25],[135.85,-13.73],[136.08,-13.65],[135.9,-14.19],[135.68,-14.26],[135.52,-14.63],[135.17,-14.57],[135.36,-14.78],[135.31,-14.97],[135.44,-14.91],[135.65,-15.08],[135.6,-15.26],[135.73,-15.13],[136.14,-15.39],[136.63,-15.99],[137.0,-15.88],[137.74,-16.25],[138.16,-16.68],[139.04,-16.91],[139.33,-17.38],[140.0,-17.71],[140.59,-17.6],[140.9,-17.39],[140.95,-17.01],[141.43,-16.08],[141.58,-15.2],[141.69,-15.2],[141.53,-14.49],[141.61,-14.16],[141.47,-13.88],[141.55,-13.51],[141.73,-13.4],[141.58,-12.99],[141.81,-12.68],[141.92,-12.7],[141.88,-12.58],[141.59,-12.55],[141.88,-11.95],[142.03,-12.07],[141.94,-11.97],[142.14,-11.43],[142.13,-10.96],[142.53,-10.69],[142.61,-10.75],[142.47,-10.99],[142.75,-10.99],[142.86,-11.85],[143.24,-11.97],[143.09,-12.36],[143.44,-12.61],[143.39,-12.98],[143.54,-12.84],[143.53,-13.79],[143.78,-14.4],[144.1,-14.57],[144.2,-14.26],[144.33,-14.32],[144.52,-14.17],[144.69,-14.58],[145.35,-14.95],[145.23,-15.15],[145.36,-15.28],[145.25,-15.45],[145.48,-16.08],[145.39,-16.44],[145.78,-16.92],[145.96,-16.9],[145.89,-17.04],[146.15,-17.65],[146.01,-18.23],[146.2,-18.53],[146.34,-18.55],[146.23,-18.87],[146.96,-19.34],[147.02,-19.19],[147.07,-19.5],[147.47,-19.43],[147.56,-19.77],[147.92,-19.94],[148.08,-19.88],[148.41,-20.19],[148.56,-20.07],[148.77,-20.24],[148.93,-20.54],[148.8,-20.44],[148.66,-20.57],[148.83,-20.89],[149.22,-21.06],[149.28,-21.55],[149.48,-21.53],[149.42,-21.84],[149.63,-22.3],[149.56,-22.38],[149.71,-22.39],[149.66,-22.51],[149.81,-22.38],[150.01,-22.6],[149.94,-22.29],[150.04,-22.13],[150.49,-22.59],[150.65,-22.55],[150.53,-22.4],[150.67,-22.35],[150.7,-22.63],[150.78,-22.53],[150.83,-22.68],[150.72,-22.94],[150.87,-23.48],[150.67,-23.6],[151.11,-23.66],[151.43,-24.07],[151.89,-24.15],[152.11,-24.6],[152.47,-24.82],[152.65,-25.25],[152.91,-25.29],[152.87,-25.69],[153.19,-25.93],[153.06,-26.31],[153.21,-27.09],[153.03,-27.16],[153.32,-27.58],[153.64,-28.63],[153.03,-30.5],[153.09,-30.92],[152.94,-31.47],[152.75,-31.85],[152.53,-31.91],[152.54,-32.44],[152.17,-32.76],[151.81,-32.88],[151.31,-33.56],[151.27,-33.97],[150.93,-34.32],[150.76,-34.82],[150.84,-35.06],[150.67,-35.02],[150.76,-35.17],[150.55,-35.21],[150.2,-35.72],[149.87,-37.09],[150.05,-37.26],[149.95,-37.28],[149.98,-37.5],[149.49,-37.77],[148.25,-37.82],[147.78,-37.96],[146.89,-38.63],[146.23,-38.69],[146.3,-38.9],[146.47,-38.78],[146.48,-39.06],[146.37,-39.13],[146.2,-38.87],[145.92,-38.91],[145.73,-38.64],[145.37,-38.54],[145.54,-38.39],[145.49,-38.23],[145.26,-38.22],[145.23,-38.41],[144.94,-38.5],[144.66,-38.31],[144.94,-38.34],[145.12,-38.14],[144.92,-37.84],[144.36,-38.1],[144.69,-38.12],[144.66,-38.27],[144.33,-38.32],[143.51,-38.86],[142.37,-38.35],[141.74,-38.25],[141.63,-38.41],[141.4,-38.39],[141.13,-38.12],[140.4,-37.92],[139.74,-37.18],[139.67,-36.95],[139.86,-36.69],[139.5,-36.02],[138.88,-35.56],[138.1,-35.63],[138.44,-35.35],[138.48,-34.78],[138.58,-34.79],[138.1,-34.14],[137.76,-35.11],[136.85,-35.28],[137.01,-34.9],[137.45,-34.91],[137.45,-34.14],[137.94,-33.55],[137.81,-33.27],[138.05,-33.11],[137.78,-32.53],[137.79,-33.0],[137.64,-32.96],[137.46,-33.13],[137.21,-33.66],[136.94,-33.67],[136.6,-33.9],[136.12,-34.36],[136.09,-34.54],[135.93,-34.53],[135.81,-34.79],[136.01,-34.74],[135.95,-35.01],[135.79,-34.86],[135.62,-34.94],[135.25,-34.55],[135.11,-34.59],[135.21,-34.43],[135.37,-34.62],[135.44,-34.62],[135.27,-34.02],[134.83,-33.63],[134.8,-33.33],[134.46,-33.15],[134.33,-33.2],[134.06,-32.91],[134.07,-32.72],[134.29,-32.69],[134.18,-32.48],[133.85,-32.54],[133.94,-32.37],[133.63,-32.09],[133.13,-32.21],[132.74,-31.95],[132.2,-32.03],[131.16,-31.47],[130.79,-31.61],[129.05,-31.67],[127.22,-32.28],[125.96,-32.29],[124.82,-32.87],[124.24,-33.02],[123.98,-33.56],[123.53,-33.94],[123.17,-34.01],[123.03,-33.86],[122.12,-34.02],[122.0,-33.83],[121.79,-33.91],[121.36,-33.81],[120.04,-33.93],[119.6,-34.14],[119.57,-34.39],[119.25,-34.53],[118.82,-34.51],[118.44,-34.77],[118.4,-34.92],[117.94,-35.01],[117.95,-35.13],[116.63,-35.06],[116.0,-34.84],[115.61,-34.44],[115.36,-34.32],[115.13,-34.38],[115.02,-34.25],[115.0,-33.53],[115.39,-33.63],[115.67,-33.31],[115.61,-32.68],[115.77,-32.63],[115.75,-31.84],[115.06,-30.51],[114.87,-29.12],[114.17,-28.11],[114.08,-27.45],[113.3,-26.4],[112.92,-25.61]],[[138.95,-35.52],[139.03,-35.59],[139.36,-35.46],[139.23,-35.32],[138.95,-35.52]]],[[[144.61,-41.01],[144.73,-40.64],[145.12,-40.83],[145.26,-40.71],[145.32,-40.85],[146.17,-41.16],[147.28,-40.94],[147.45,-41.0],[147.67,-40.82],[147.89,-40.88],[147.94,-40.74],[148.22,-40.85],[148.35,-40.99],[148.27,-41.81],[148.36,-42.2],[148.31,-42.28],[148.28,-42.12],[148.08,-42.11],[148.01,-42.51],[147.9,-42.56],[148.01,-43.22],[147.8,-43.24],[147.62,-43.07],[147.67,-42.94],[147.84,-43.06],[147.81,-42.9],[147.51,-42.86],[147.55,-42.99],[147.52,-43.02],[147.41,-43.05],[147.47,-42.92],[147.35,-42.87],[147.23,-43.28],[147.03,-43.22],[147.1,-43.29],[146.87,-43.63],[146.24,-43.49],[146.03,-43.57],[145.97,-43.23],[145.84,-43.31],[145.26,-42.62],[145.17,-42.2],[145.26,-42.11],[144.75,-41.42],[144.61,-41.01]]],[[[130.02,-11.78],[130.08,-11.67],[130.23,-11.73],[130.15,-11.48],[130.28,-11.34],[130.41,-11.4],[130.37,-11.17],[130.6,-11.3],[130.57,-11.4],[130.66,-11.34],[130.75,-11.56],[130.84,-11.5],[130.71,-11.38],[131.04,-11.37],[131.26,-11.2],[131.53,-11.4],[131.47,-11.61],[131.36,-11.58],[130.96,-11.94],[130.66,-11.75],[130.02,-11.78]]],[[[136.54,-35.9],[136.59,-35.75],[137.62,-35.56],[137.6,-35.72],[138.13,-35.84],[137.74,-35.86],[137.46,-36.07],[137.21,-35.98],[136.71,-36.06],[136.54,-35.9]]],[[[136.33,-14.24],[136.43,-14.15],[136.41,-13.83],[136.62,-13.79],[136.58,-13.69],[136.73,-13.65],[136.74,-13.85],[136.91,-13.77],[136.71,-14.16],[136.93,-14.14],[136.95,-14.3],[136.33,-14.24]]],[[[153.05,-25.8],[153.0,-25.22],[153.24,-24.96],[153.12,-24.81],[153.27,-24.7],[153.36,-25.01],[153.05,-25.8]]],[[[147.75,-39.88],[147.95,-39.72],[148.29,-39.96],[148.33,-40.21],[148.05,-40.25],[147.75,-39.88]]],[[[143.83,-39.91],[143.93,-39.6],[144.11,-39.67],[144.1,-40.05],[143.93,-40.16],[143.83,-39.91]]],[[[139.15,-16.63],[139.55,-16.39],[139.71,-16.53],[139.55,-16.5],[139.31,-16.73],[139.15,-16.63]]]]}},{"type":"Feature","properties":{"iso3":"BRN","name":"Brunei Darussalam"},"geometry":{"type":"MultiPolygon","coordinates":[[[[114.08,4.59],[114.43,4.66],[115.09,5.04],[114.78,4.73],[114.88,4.42],[114.7,4.03],[114.32,4.26],[114.26,4.51],[114.08,4.59]]],[[[115.04,4.74],[115.24,4.8],[115.34,4.3],[115.09,4.38],[115.04,4.74]]]]}},{"type":"Feature","properties":{"iso3":"FSM","name":"Federated States of Micronesia"},"geometry":{"type":"Polygon","coordinates":[[[158.12,6.92],[158.32,6.93],[158.3,6.79],[158.16,6.82],[158.12,6.92]]]}},{"type":"Feature","properties":{"iso3":"KIR","name":"Kiribati"},"geometry":{"type":"Polygon","coordinates":[[[-157.56,1.87],[-157.4,1.89],[-157.49,2.05],[-157.31,1.98],[-157.34,1.85],[-157.17,1.7],[-157.56,1.87]]]}},{"type":"Feature","properties":{"iso3":"MHL","name":"Marshall Islands"},"geometry":{"type":"Polygon","coordinates":[[[171.03,7.15],[171.23,7.06],[171.38,7.09],[171.23,7.05],[171.03,7.15]]]}},{"type":"Feature","properties":{"iso3":"NRU","name":"Naoero"},"geometry":{"type":"Polygon","coordinates":[[[166.93,-0.55],[166.94,-0.5],[166.96,-0.52],[166.93,-0.55]]]}},{"type":"Feature","properties":{"iso3":"PNG","name":"Papua New Guinea"},"geometry":{"type":"MultiPolygon","coordinates":[[[[140.84,-6.61],[141.0,-6.31],[141.0,-2.6],[142.53,-3.23],[143.5,-3.44],[144.0,-3.81],[144.54,-3.82],[144.57,-3.99],[145.03,-4.35],[145.32,-4.39],[145.81,-4.85],[145.76,-5.48],[146.46,-5.61],[146.99,-5.94],[147.34,-5.92],[147.57,-6.06],[147.81,-6.32],[147.86,-6.63],[146.97,-6.75],[146.95,-6.97],[147.07,-7.01],[147.19,-7.46],[147.47,-7.59],[147.74,-7.96],[148.13,-8.06],[148.22,-8.56],[148.44,-8.68],[148.61,-9.1],[149.3,-9.02],[149.17,-9.36],[149.23,-9.5],[150.05,-9.67],[149.72,-9.82],[149.86,-10.02],[150.61,-10.28],[150.87,-10.23],[150.63,-10.35],[150.35,-10.33],[150.69,-10.57],[150.2,-10.7],[149.85,-10.55],[150.04,-10.53],[150.12,-10.42],[149.92,-10.49],[149.76,-10.34],[148.96,-10.29],[148.72,-10.1],[148.4,-10.21],[148.18,-10.08],[148.0,-10.16],[147.91,-10.03],[147.72,-10.1],[147.32,-9.54],[147.01,-9.39],[147.03,-9.05],[146.88,-9.11],[146.59,-9.0],[146.64,-8.76],[146.34,-8.54],[146.12,-8.06],[145.83,-8.03],[145.8,-7.88],[145.42,-7.95],[145.17,-7.79],[145.15,-7.51],[144.95,-7.78],[144.79,-7.43],[144.46,-7.33],[144.25,-7.37],[144.12,-7.78],[143.75,-7.54],[143.86,-8.04],[143.37,-7.91],[143.58,-8.24],[142.98,-8.34],[142.69,-8.27],[142.49,-8.33],[142.36,-8.15],[142.23,-8.17],[142.45,-8.37],[142.76,-8.31],[143.1,-8.45],[143.4,-8.76],[143.37,-9.01],[142.64,-9.33],[142.22,-9.15],[142.25,-8.97],[142.05,-8.87],[142.04,-9.17],[141.35,-9.14],[141.14,-9.24],[141.03,-9.14],[141.02,-6.91],[140.84,-6.61]]],[[[148.31,-5.66],[148.41,-5.44],[148.56,-5.54],[148.98,-5.46],[149.23,-5.59],[149.66,-5.45],[149.69,-5.54],[149.88,-5.52],[150.09,-5.0],[150.19,-5.06],[150.02,-5.29],[150.1,-5.52],[150.9,-5.49],[151.35,-4.91],[151.65,-4.93],[151.52,-4.19],[151.95,-4.34],[152.17,-4.13],[152.17,-4.29],[152.4,-4.33],[152.32,-4.85],[151.95,-4.99],[152.09,-5.45],[151.81,-5.59],[151.47,-5.52],[151.51,-5.68],[151.19,-5.95],[150.79,-6.03],[150.4,-6.27],[149.61,-6.29],[149.34,-6.06],[149.04,-6.16],[149.04,-6.02],[148.31,-5.66]]],[[[154.67,-5.44],[155.04,-5.53],[155.45,-6.15],[155.82,-6.36],[155.95,-6.77],[155.71,-6.88],[155.34,-6.73],[155.16,-6.52],[155.2,-6.3],[154.73,-5.92],[154.77,-5.55],[154.67,-5.44]]],[[[150.7,-2.73],[150.88,-2.69],[150.8,-2.55],[152.05,-3.24],[152.56,-3.81],[152.82,-3.86],[153.12,-4.37],[152.88,-4.85],[152.68,-4.55],[152.68,-4.18],[152.34,-3.64],[151.09,-2.84],[150.7,-2.73]]],[[[146.51,-2.21],[146.64,-1.97],[147.44,-2.03],[147.19,-2.2],[146.69,-2.12],[146.51,-2.21]]],[[[150.42,-9.37],[150.78,-9.4],[150.94,-9.67],[150.45,-9.64],[150.42,-9.37]]],[[[149.94,-2.48],[150.19,-2.36],[150.44,-2.48],[150.45,-2.65],[150.17,-2.68],[149.94,-2.48]]],[[[150.83,-9.75],[151.11,-10.04],[151.27,-9.92],[151.22,-10.19],[150.96,-10.1],[150.76,-9.8],[150.83,-9.75]]],[[[147.76,-5.61],[147.78,-5.46],[148.05,-5.58],[148.03,-5.81],[147.76,-5.61]]],[[[152.74,-9.26],[152.45,-8.94],[152.79,-9.0],[153.02,-9.16],[152.74,-9.26]]],[[[153.17,-11.37],[153.69,-11.52],[153.77,-11.62],[153.55,-11.65],[153.17,-11.37]]],[[[150.1,-9.34],[150.22,-9.2],[150.34,-9.27],[150.34,-9.52],[150.1,-9.34]]]]}},{"type":"Feature","properties":{"iso3":"SLB","name":"Solomon Islands"},"geometry":{"type":"MultiPolygon","coordinates":[[[[159.58,-9.5],[159.69,-9.25],[159.91,-9.43],[160.39,-9.42],[160.83,-9.86],[160.63,-9.95],[159.82,-9.8],[159.58,-9.5]]],[[[160.57,-8.33],[160.74,-8.32],[161.0,-8.64],[160.95,-8.83],[161.01,-8.84],[161.17,-8.99],[161.4,-9.59],[160.8,-9.06],[160.72,-8.55],[160.57,-8.33]]],[[[158.43,-7.51],[159.38,-7.98],[159.86,-8.35],[159.74,-8.4],[159.89,-8.57],[158.95,-8.03],[158.43,-7.51]]],[[[161.27,-10.34],[161.39,-10.2],[162.08,-10.47],[162.38,-10.84],[161.76,-10.74],[161.51,-10.57],[161.48,-10.37],[161.27,-10.34]]],[[[156.39,-6.65],[156.49,-6.59],[156.97,-6.86],[157.18,-7.16],[157.55,-7.37],[157.01,-7.3],[156.39,-6.65]]],[[[157.19,-8.27],[157.48,-7.96],[157.83,-8.32],[157.88,-8.58],[157.81,-8.68],[157.53,-8.25],[157.19,-8.27]]],[[[159.95,-11.5],[160.09,-11.49],[160.65,-11.84],[160.44,-11.83],[159.95,-11.5]]],[[[156.94,-7.96],[157.08,-7.84],[157.18,-8.1],[157.03,-8.11],[156.94,-7.96]]],[[[156.5,-7.65],[156.6,-7.56],[156.79,-7.73],[156.7,-7.96],[156.5,-7.65]]]]}},{"type":"Feature","properties":{"iso3":"TLS","name":"Timor-Leste"},"geometry":{"type":"MultiPolygon","coordinates":[[[[124.93,-9.03],[125.12,-8.64],[125.39,-8.56],[126.57,-8.48],[126.96,-8.33],[127.3,-8.39],[127.01,-8.68],[126.59,-8.8],[126.48,-8.95],[125.09,-9.46],[124.98,-9.19],[125.18,-9.17],[125.18,-9.03],[124.93,-9.03]]],[[[124.04,-9.34],[124.19,-9.25],[124.48,-9.18],[124.35,-9.49],[124.04,-9.34]]]]}},{"type":"Feature","properties":{"iso3":"TUV","name":"Tuvalu"},"geometry":{"type":"Polygon","coordinates":[[[178.69,-7.5],[178.7,-7.49],[178.69,-7.5],[178.69,-7.5]]]}},{"type":"Feature","properties":{"iso3":"UMI","name":"U.S. Minor Outlying Islands"},"geometry":{"type":"Polygon","coordinates":[[[166.6,19.3],[166.65,19.31],[166.66,19.27],[166.6,19.3]]]}},{"type":"Feature","properties":{"iso3":"FJI","name":"Fiji"},"geometry":{"type":"MultiPolygon","coordinates":[[[[177.24,-17.96],[177.52,-17.51],[178.17,-17.31],[178.58,-17.65],[178.58,-17.92],[178.7,-18.0],[178.57,-18.13],[177.89,-18.27],[177.32,-18.11],[177.24,-17.96]]],[[[178.48,-16.75],[178.94,-16.46],[180.0,-16.14],[179.47,-16.71],[179.56,-16.77],[179.92,-16.47],[179.89,-16.78],[179.3,-16.82],[179.35,-16.73],[179.2,-16.7],[179.07,-16.91],[178.86,-16.86],[178.71,-17.01],[178.48,-16.75]]]]}},{"type":"Feature","properties":{"iso3":"GUM","name":"Guam (U.S.)"},"geometry":{"type":"Polygon","coordinates":[[[144.62,13.44],[144.86,13.65],[144.96,13.6],[144.73,13.25],[144.62,13.44]]]}},{"type":"Feature","properties":{"iso3":"LBN","name":"Lebanon"},"geometry":{"type":"Polygon","coordinates":[[[35.1,33.09],[35.47,33.9],[35.63,34.0],[35.67,34.31],[35.98,34.52],[35.98,34.65],[36.45,34.64],[36.35,34.51],[36.56,34.41],[36.62,34.2],[36.29,33.93],[36.39,33.83],[36.06,33.81],[35.94,33.65],[36.05,33.57],[35.56,33.27],[35.5,33.09],[35.1,33.09]]]}},{"type":"Feature","properties":{"iso3":"MNP","name":"Northern Mariana Islands (U.S.)"},"geometry":{"type":"Polygon","coordinates":[[[145.75,15.09],[145.72,15.22],[145.81,15.29],[145.75,15.09]]]}},{"type":"Feature","properties":{"iso3":"NCL","name":"New Caledonia (Fr.)"},"geometry":{"type":"MultiPolygon","coordinates":[[[[164.0,-20.25],[164.0,-20.08],[165.26,-20.79],[165.64,-21.27],[166.89,-22.04],[167.0,-22.34],[166.77,-22.39],[166.5,-22.23],[166.45,-22.31],[166.42,-22.18],[166.11,-22.09],[166.16,-21.96],[165.28,-21.57],[165.13,-21.34],[164.95,-21.35],[164.83,-21.06],[164.38,-20.77],[164.13,-20.4],[164.19,-20.33],[164.0,-20.25]]],[[[167.01,-20.92],[167.18,-20.83],[167.05,-20.72],[167.3,-20.73],[167.41,-21.16],[167.01,-20.92]]],[[[167.8,-21.38],[168.13,-21.45],[168.11,-21.63],[167.85,-21.6],[167.8,-21.38]]]]}},{"type":"Feature","properties":{"iso3":"NFK","name":"Norfolk Island (Aus.)"},"geometry":{"type":"Polygon","coordinates":[[[167.94,-29.06],[167.96,-29.01],[167.99,-29.05],[167.94,-29.06]]]}},{"type":"Feature","properties":{"iso3":"NZL","name":"New Zealand"},"geometry":{"type":"MultiPolygon","coordinates":[[[[166.43,-45.9],[166.9,-45.74],[166.73,-45.73],[166.67,-45.58],[166.81,-45.31],[167.0,-45.33],[166.98,-45.14],[167.81,-44.59],[168.37,-44.01],[168.79,-43.98],[170.81,-42.88],[171.13,-42.58],[171.46,-41.75],[171.71,-41.72],[172.06,-41.39],[172.09,-40.91],[172.65,-40.51],[172.88,-40.51],[173.04,-40.56],[172.75,-40.52],[172.68,-40.73],[172.81,-40.83],[173.0,-40.78],[173.01,-41.15],[173.18,-41.33],[173.83,-40.92],[174.02,-40.91],[173.8,-41.07],[174.31,-41.0],[174.12,-41.22],[174.28,-41.27],[174.03,-41.44],[174.28,-41.74],[173.71,-42.43],[173.54,-42.47],[173.32,-42.89],[172.74,-43.25],[172.76,-43.57],[173.05,-43.65],[173.1,-43.83],[172.07,-43.94],[171.26,-44.36],[171.15,-44.92],[170.61,-45.72],[170.74,-45.88],[170.3,-45.96],[169.58,-46.58],[169.0,-46.67],[168.59,-46.55],[168.33,-46.63],[168.19,-46.39],[167.78,-46.39],[167.5,-46.15],[167.21,-46.26],[166.68,-46.21],[166.7,-46.06],[166.57,-46.09],[166.73,-45.95],[166.45,-46.0],[166.43,-45.9]]],[[[172.64,-34.48],[173.04,-34.41],[172.99,-34.54],[173.19,-34.87],[173.4,-34.78],[173.43,-34.98],[173.85,-34.99],[174.08,-35.12],[174.1,-35.3],[174.33,-35.17],[174.57,-35.72],[174.48,-35.99],[174.87,-36.36],[174.73,-36.4],[174.69,-36.59],[174.84,-36.6],[174.78,-36.79],[175.29,-36.99],[175.4,-37.22],[175.54,-37.16],[175.33,-36.48],[175.53,-36.54],[175.63,-36.72],[175.82,-36.72],[175.71,-36.82],[175.86,-36.93],[175.97,-37.64],[177.28,-38.0],[177.98,-37.54],[178.55,-37.69],[178.34,-38.01],[178.29,-38.53],[177.93,-38.72],[177.89,-39.03],[178.0,-39.11],[177.87,-39.26],[177.86,-39.08],[177.67,-39.05],[177.04,-39.2],[176.87,-39.45],[177.09,-39.64],[176.87,-40.13],[175.96,-41.25],[175.43,-41.57],[175.24,-41.6],[175.13,-41.39],[174.87,-41.41],[174.89,-41.23],[174.82,-41.34],[174.62,-41.29],[175.16,-40.66],[175.18,-40.15],[174.87,-39.88],[173.95,-39.54],[173.75,-39.28],[174.59,-38.82],[174.84,-37.8],[174.54,-37.05],[174.68,-37.15],[174.86,-37.02],[174.74,-36.93],[174.49,-37.04],[174.16,-36.47],[174.43,-36.62],[174.43,-36.38],[174.25,-36.38],[174.27,-36.25],[174.07,-36.17],[174.18,-36.34],[174.04,-36.39],[173.06,-35.19],[173.17,-35.14],[173.14,-34.97],[172.64,-34.48]]],[[[167.45,-47.28],[167.76,-46.91],[167.72,-46.72],[167.98,-46.72],[168.16,-46.9],[168.02,-46.95],[168.2,-46.93],[168.22,-47.1],[167.45,-47.28]]],[[[-176.89,-43.82],[-176.63,-43.69],[-176.19,-43.74],[-176.42,-43.92],[-176.32,-44.05],[-176.58,-44.13],[-176.68,-44.01],[-176.54,-43.94],[-176.58,-43.84],[-176.89,-43.82]]],[[[165.88,-50.77],[166.08,-50.67],[166.06,-50.53],[166.27,-50.53],[166.24,-50.85],[165.88,-50.77]]]]}},{"type":"Feature","properties":{"iso3":"PLW","name":"Palau"},"geometry":{"type":"Polygon","coordinates":[[[134.46,7.45],[134.63,7.64],[134.62,7.73],[134.65,7.63],[134.61,7.53],[134.64,7.49],[134.59,7.37],[134.46,7.45]]]}},{"type":"Feature","properties":{"iso3":"VUT","name":"Vanuatu"},"geometry":{"type":"MultiPolygon","coordinates":[[[[166.54,-14.85],[166.62,-14.64],[166.84,-15.16],[166.95,-15.16],[166.98,-14.95],[167.09,-14.95],[167.26,-15.52],[166.77,-15.65],[166.54,-14.85]]],[[[167.16,-16.09],[167.18,-15.9],[167.33,-15.92],[167.84,-16.47],[167.49,-16.59],[167.39,-16.18],[167.16,-16.09]]],[[[168.99,-18.88],[169.13,-18.63],[169.34,-18.95],[168.99,-18.88]]],[[[168.16,-17.71],[168.31,-17.52],[168.6,-17.69],[168.38,-17.82],[168.16,-17.71]]],[[[167.92,-16.22],[168.18,-16.11],[168.31,-16.33],[168.13,-16.37],[167.92,-16.22]]]]}},{"type":"Feature","properties":{"iso3":"CYP","name":"Cyprus"},"geometry":{"type":"Polygon","coordinates":[[[32.27,35.07],[32.89,35.17],[32.92,35.4],[33.65,35.36],[34.59,35.69],[33.94,35.3],[34.0,35.07],[33.66,35.04],[33.6,34.82],[33.32,34.72],[32.7,34.64],[32.4,34.75],[32.27,35.07]]]}},{"type":"Feature","properties":{"iso3":"EGY","name":"Arab Republic of Egypt"},"geometry":{"type":"Polygon","coordinates":[[[24.7,30.16],[25.02,30.78],[24.86,31.4],[25.13,31.67],[25.29,31.51],[25.9,31.63],[27.34,31.37],[27.45,31.22],[27.86,31.25],[27.93,31.1],[28.43,31.09],[29.04,30.82],[29.48,30.94],[30.07,31.33],[30.2,31.27],[30.36,31.46],[31.04,31.6],[31.56,31.44],[31.92,31.52],[32.32,31.28],[32.3,31.14],[32.36,31.23],[32.62,31.06],[33.09,31.18],[33.16,31.05],[33.66,31.12],[34.22,31.32],[34.91,29.48],[34.74,29.31],[34.41,28.32],[34.43,27.99],[34.25,27.72],[33.76,28.02],[33.24,28.56],[33.18,29.0],[32.72,29.45],[32.55,29.95],[32.34,29.59],[32.59,29.35],[32.62,28.98],[32.87,28.57],[33.58,27.85],[33.61,27.76],[33.47,27.82],[33.59,27.65],[33.5,27.64],[33.85,27.24],[34.0,26.85],[33.94,26.67],[35.14,24.51],[35.79,23.91],[35.47,23.92],[35.67,22.94],[35.91,22.7],[36.26,22.61],[36.88,22.0],[31.4,22.0],[31.47,22.22],[31.31,22.0],[25.0,22.0],[25.0,29.25],[24.7,30.16]]]}},{"type":"Feature","properties":{"iso3":"ISR","name":"Israel"},"geometry":{"type":"Polygon","coordinates":[[[34.27,31.22],[34.56,31.53],[34.49,31.6],[35.1,33.09],[35.43,33.07],[35.57,33.29],[35.68,33.24],[35.55,32.39],[35.22,32.55],[34.96,32.19],[34.96,31.83],[35.23,31.77],[34.95,31.6],[34.9,31.37],[35.48,31.46],[34.94,29.48],[34.27,31.22]]]}},{"type":"Feature","properties":{"iso3":"JOR","name":"Jordan"},"geometry":{"type":"Polygon","coordinates":[[[34.96,29.36],[35.2,30.58],[35.46,31.1],[35.56,32.65],[35.94,32.72],[36.08,32.52],[36.84,32.31],[38.79,33.37],[39.09,32.5],[38.99,32.47],[39.04,32.32],[39.26,32.36],[39.3,32.23],[39.01,32.0],[37.03,31.5],[38.01,30.5],[37.67,30.33],[37.52,30.0],[36.77,29.87],[36.53,29.51],[36.07,29.18],[34.96,29.36]]]}},{"type":"Feature","properties":{"iso3":"OMN","name":"Oman"},"geometry":{"type":"MultiPolygon","coordinates":[[[[52.0,19.0],[55.0,20.0],[55.67,22.0],[55.21,22.71],[55.22,23.03],[55.57,23.63],[55.49,23.94],[56.01,24.07],[55.95,24.22],[55.75,24.23],[55.85,24.97],[56.05,24.97],[55.99,24.87],[56.11,24.74],[56.37,24.98],[56.63,24.48],[57.18,23.94],[58.75,23.52],[59.29,22.77],[59.8,22.54],[59.81,22.23],[59.35,21.43],[58.86,21.07],[58.5,20.4],[58.21,20.4],[58.28,20.58],[58.15,20.67],[57.83,20.2],[57.68,19.71],[57.84,19.0],[56.8,18.74],[56.35,17.92],[55.43,17.82],[55.23,17.53],[55.26,17.24],[55.02,17.0],[54.05,16.99],[53.11,16.65],[52.0,19.0]]],[[[56.09,26.07],[56.38,26.38],[56.51,26.36],[56.4,26.27],[56.49,26.13],[56.34,26.16],[56.47,26.08],[56.27,25.61],[56.09,26.07]]],[[[58.63,20.35],[58.77,20.44],[58.91,20.69],[58.96,20.52],[58.64,20.17],[58.63,20.35]]]]}},{"type":"Feature","properties":{"iso3":"PSE","name":"West Bank and Gaza"},"geometry":{"type":"Polygon","coordinates":[[[34.88,31.39],[34.95,31.59],[35.24,31.75],[34.98,31.83],[35.07,32.46],[35.4,32.5],[35.56,32.38],[35.48,31.49],[34.88,31.39]]]}},{"type":"Feature","properties":{"iso3":"SAU","name":"Saudi Arabia"},"geometry":{"type":"Polygon","coordinates":[[[34.57,28.1],[34.8,28.52],[34.96,29.36],[36.07,29.18],[36.53,29.51],[36.77,29.87],[37.51,30.0],[37.67,30.33],[37.99,30.5],[37.01,31.5],[39.0,32.0],[39.2,32.15],[40.41,31.95],[42.08,31.11],[44.72,29.2],[47.47,29.0],[47.71,28.53],[48.5,28.49],[48.62,28.09],[48.88,27.83],[48.88,27.62],[49.25,27.53],[49.31,27.43],[49.19,27.41],[49.4,27.1],[49.52,27.19],[49.46,27.24],[49.49,27.34],[49.7,27.3],[49.49,27.31],[49.58,27.09],[49.7,27.1],[49.68,26.98],[49.95,26.85],[50.0,26.82],[50.16,26.64],[50.0,26.69],[50.05,26.5],[50.22,26.5],[50.32,26.19],[50.22,26.21],[50.13,26.03],[50.03,26.18],[50.0,26.01],[50.49,25.4],[50.77,24.73],[51.1,24.47],[51.5,24.57],[51.28,24.29],[51.59,24.25],[52.58,22.94],[55.13,22.63],[55.21,22.71],[55.67,22.0],[55.0,20.0],[52.0,19.0],[49.12,18.62],[48.18,18.17],[47.47,17.12],[47.18,16.95],[47.0,16.95],[46.75,17.28],[46.1,17.25],[45.21,17.43],[43.83,17.34],[43.35,17.56],[43.23,17.43],[43.34,17.3],[43.15,17.17],[43.23,16.64],[42.83,16.38],[42.4,17.17],[42.37,17.01],[42.32,17.44],[41.77,17.84],[41.26,18.61],[41.16,19.09],[40.78,19.75],[40.11,20.27],[39.73,20.39],[39.19,21.11],[39.17,21.5],[38.93,22.01],[39.1,22.28],[39.09,22.55],[38.46,23.78],[37.43,24.37],[37.16,24.83],[37.26,24.87],[37.24,25.19],[36.94,25.64],[36.64,25.85],[36.7,26.03],[36.49,26.12],[35.2,28.05],[34.57,28.1]]]}},{"type":"Feature","properties":{"iso3":"ARE","name":"United Arab Emirates"},"geometry":{"type":"Polygon","coordinates":[[[51.59,24.13],[51.6,24.38],[51.64,24.33],[51.65,24.32],[51.7,24.22],[51.78,24.27],[51.78,24.03],[51.92,23.96],[52.28,23.99],[52.59,24.21],[53.61,24.04],[54.04,24.1],[54.17,24.16],[54.02,24.19],[54.14,24.33],[54.22,24.2],[54.47,24.3],[54.47,24.4],[54.31,24.45],[54.32,24.48],[54.61,24.45],[54.71,24.81],[55.14,25.09],[55.58,25.61],[55.62,25.53],[55.86,25.72],[56.09,26.05],[56.19,25.97],[56.18,25.62],[56.35,25.6],[56.33,24.9],[56.11,24.74],[55.98,24.9],[56.05,24.95],[55.81,24.91],[55.76,24.24],[55.96,24.22],[56.02,24.07],[55.49,23.94],[55.57,23.63],[55.23,23.11],[55.14,22.63],[52.58,22.94],[51.59,24.13]]]}},{"type":"Feature","properties":{"iso3":"ERI","name":"Eritrea"},"geometry":{"type":"MultiPolygon","coordinates":[[[[36.43,15.17],[36.96,16.28],[36.86,16.53],[37.01,16.75],[37.01,17.1],[37.4,17.06],[37.51,17.34],[37.76,17.38],[37.79,17.5],[38.24,17.55],[38.58,18.02],[38.92,17.41],[39.24,16.07],[39.44,15.8],[39.46,15.53],[39.62,15.48],[39.71,15.09],[39.85,15.16],[39.78,15.4],[39.88,15.51],[40.09,15.33],[40.03,15.24],[40.21,14.95],[40.53,15.02],[40.78,14.71],[41.19,14.62],[41.69,13.94],[42.24,13.63],[42.39,13.21],[42.55,13.23],[42.78,12.86],[42.99,12.82],[42.92,12.96],[43.12,12.71],[42.7,12.36],[42.4,12.47],[40.94,14.08],[40.21,14.39],[40.12,14.55],[39.93,14.41],[39.59,14.61],[39.25,14.41],[39.14,14.65],[38.45,14.41],[37.91,14.88],[37.53,14.18],[37.31,14.45],[37.02,14.25],[36.56,14.26],[36.43,15.17]]],[[[39.92,15.72],[39.95,15.89],[40.17,15.63],[40.32,15.69],[40.42,15.56],[40.07,15.58],[39.92,15.72]]]]}},{"type":"Feature","properties":{"iso3":"ETH","name":"Ethiopia"},"geometry":{"type":"Polygon","coordinates":[[[33.0,7.94],[33.19,8.14],[33.22,8.44],[33.62,8.47],[33.77,8.37],[34.14,8.61],[34.1,9.56],[34.33,10.12],[34.29,10.58],[34.6,10.91],[34.86,10.73],[34.98,10.89],[34.93,11.24],[35.09,11.81],[35.7,12.67],[36.16,12.7],[36.56,14.28],[37.02,14.25],[37.31,14.45],[37.52,14.19],[37.91,14.89],[38.46,14.41],[39.15,14.65],[39.25,14.42],[39.59,14.61],[39.93,14.42],[40.13,14.55],[40.21,14.39],[40.94,14.08],[42.4,12.47],[41.83,11.73],[41.79,10.98],[42.05,10.93],[42.63,11.1],[42.97,11.0],[42.68,10.61],[42.85,10.22],[43.25,9.85],[43.46,9.42],[43.99,9.0],[47.0,8.0],[48.0,8.0],[44.97,4.91],[44.01,4.96],[43.64,4.85],[43.08,4.61],[42.84,4.28],[42.08,4.18],[41.83,3.95],[41.2,3.94],[40.76,4.28],[39.87,3.87],[39.55,3.4],[38.54,3.65],[38.13,3.61],[36.85,4.45],[36.05,4.46],[35.81,4.79],[35.85,5.32],[35.54,5.42],[35.32,5.33],[35.31,5.5],[35.13,5.62],[34.94,6.56],[34.19,7.04],[33.9,7.54],[33.51,7.74],[33.05,7.79],[33.0,7.94]]]}},{"type":"Feature","properties":{"iso3":"KWT","name":"Kuwait"},"geometry":{"type":"Polygon","coordinates":[[[46.55,29.1],[47.14,29.99],[47.71,30.1],[48.01,29.99],[48.06,29.78],[48.18,29.83],[48.15,29.98],[48.35,29.69],[47.71,29.37],[48.1,29.35],[48.43,28.53],[47.7,28.52],[47.46,29.0],[46.55,29.1]]]}},{"type":"Feature","properties":{"iso3":"SDN","name":"Sudan"},"geometry":{"type":"Polygon","coordinates":[[[21.82,12.82],[22.29,13.35],[22.07,13.78],[22.57,14.19],[22.38,14.51],[22.71,14.7],[22.67,14.86],[23.0,15.23],[22.93,15.56],[23.13,15.72],[24.0,15.71],[24.0,20.0],[25.0,20.01],[25.0,22.0],[31.3,22.0],[31.47,22.22],[31.42,22.0],[36.88,22.0],[36.9,21.65],[37.32,21.06],[37.25,21.0],[37.1,21.2],[37.24,20.54],[37.23,19.59],[37.41,18.87],[38.58,18.02],[38.24,17.55],[37.52,17.34],[37.4,17.05],[37.01,17.08],[37.01,16.75],[36.86,16.53],[36.96,16.28],[36.43,15.16],[36.56,14.26],[36.16,12.7],[35.69,12.67],[35.09,11.8],[34.94,11.25],[34.99,10.89],[34.87,10.73],[34.6,10.9],[34.3,10.59],[34.33,10.12],[34.11,9.5],[33.88,9.5],[33.97,10.14],[33.25,10.78],[33.14,11.63],[33.28,12.21],[32.75,12.24],[32.75,11.95],[32.12,11.94],[32.39,11.71],[32.47,11.04],[31.99,10.65],[31.29,9.76],[30.83,9.71],[30.0,10.29],[29.54,10.08],[29.54,9.75],[29.0,9.67],[28.99,10.17],[27.85,10.17],[27.91,9.61],[27.14,9.63],[26.7,9.49],[26.35,9.59],[25.89,10.4],[25.44,10.39],[25.09,10.3],[24.98,9.9],[24.74,9.73],[24.51,8.84],[24.22,8.64],[23.52,8.72],[23.59,9.0],[23.44,9.02],[23.66,9.29],[23.67,9.89],[22.88,10.9],[22.98,11.3],[22.56,11.63],[22.64,12.05],[22.48,12.03],[22.37,12.44],[22.47,12.63],[22.22,12.75],[21.95,12.63],[21.82,12.82]]]}},{"type":"Feature","properties":{"iso3":"SOM","name":"Federal Republic of Somalia"},"geometry":{"type":"Polygon","coordinates":[[[40.99,2.82],[42.08,4.18],[42.84,4.28],[43.13,4.63],[44.0,4.96],[44.97,4.92],[47.98,7.98],[47.0,8.0],[44.0,9.0],[43.3,9.61],[43.25,9.84],[43.08,9.91],[42.67,10.62],[43.26,11.46],[43.51,11.37],[43.52,11.19],[43.92,10.71],[44.29,10.43],[44.59,10.38],[44.96,10.41],[45.81,10.87],[46.44,10.68],[47.41,11.18],[48.14,11.13],[48.53,11.31],[48.96,11.24],[49.43,11.34],[50.4,11.66],[50.77,11.99],[51.29,11.83],[51.08,11.32],[51.18,11.14],[51.17,10.57],[51.0,10.45],[51.21,10.43],[51.2,10.53],[51.42,10.44],[50.9,10.31],[50.84,9.45],[50.13,8.19],[49.82,7.93],[48.99,6.07],[47.95,4.46],[46.02,2.44],[44.6,1.6],[43.53,0.68],[42.09,-0.84],[41.56,-1.66],[40.99,-0.83],[40.99,2.82]]]}},{"type":"Feature","properties":{"iso3":"SSD","name":"South Sudan"},"geometry":{"type":"Polygon","coordinates":[[[24.15,8.39],[24.22,8.64],[24.57,8.91],[24.55,9.23],[24.74,9.73],[24.98,9.91],[25.06,10.27],[25.21,10.36],[25.9,10.41],[25.93,10.18],[26.4,9.56],[26.7,9.49],[27.14,9.63],[27.91,9.61],[28.05,9.35],[28.73,9.35],[29.05,9.74],[29.53,9.75],[29.54,10.08],[29.94,10.29],[30.82,9.73],[31.29,9.76],[31.99,10.65],[32.47,11.04],[32.39,11.7],[32.1,11.95],[32.74,11.95],[32.73,12.24],[33.29,12.22],[33.14,11.63],[33.25,10.78],[33.97,10.15],[33.88,9.51],[34.11,9.5],[34.15,8.61],[33.77,8.37],[33.63,8.47],[33.22,8.44],[33.19,8.13],[33.0,7.87],[33.72,7.66],[34.3,6.94],[34.94,6.56],[35.13,5.62],[35.31,5.5],[35.32,5.34],[35.54,5.42],[35.86,5.32],[35.81,4.79],[35.95,4.63],[35.6,4.62],[35.56,4.91],[35.39,4.92],[35.4,5.03],[34.38,4.62],[33.51,3.75],[33.03,3.89],[32.41,3.74],[32.2,3.51],[31.95,3.59],[31.82,3.82],[31.55,3.65],[31.18,3.79],[30.85,3.49],[30.78,3.67],[30.56,3.62],[30.55,3.84],[30.22,3.93],[30.16,4.11],[29.8,4.38],[29.82,4.56],[29.62,4.66],[29.48,4.69],[29.22,4.34],[28.78,4.56],[28.42,4.28],[27.79,4.61],[27.77,4.79],[27.51,4.92],[27.28,5.27],[27.2,5.74],[26.45,6.07],[26.53,6.22],[26.29,6.4],[26.4,6.66],[25.19,7.49],[25.29,7.8],[24.86,8.18],[24.15,8.39]]]}},{"type":"Feature","properties":{"iso3":"YEM","name":"Republic of Yemen"},"geometry":{"type":"MultiPolygon","coordinates":[[[[42.6,15.24],[42.7,15.36],[42.81,15.28],[42.68,15.69],[42.84,16.02],[42.77,16.4],[42.93,16.4],[43.22,16.66],[43.15,17.17],[43.32,17.3],[43.24,17.48],[43.35,17.56],[43.84,17.34],[45.22,17.43],[46.1,17.25],[46.75,17.28],[47.0,16.95],[47.18,16.95],[47.47,17.12],[48.18,18.17],[49.12,18.62],[52.0,19.0],[53.11,16.65],[52.36,16.35],[52.15,15.97],[52.22,15.63],[51.66,15.34],[49.59,14.75],[49.09,14.52],[48.69,14.05],[47.97,14.05],[47.39,13.65],[46.69,13.42],[45.66,13.35],[45.12,12.97],[45.05,12.76],[44.59,12.82],[44.19,12.62],[43.6,12.75],[43.46,12.68],[43.49,12.83],[43.23,13.28],[43.29,13.69],[42.94,14.54],[42.94,14.92],[42.85,15.15],[42.6,15.24]]],[[[53.31,12.53],[53.52,12.71],[53.83,12.6],[54.11,12.7],[54.53,12.54],[53.68,12.31],[53.31,12.53]]]]}},{"type":"Feature","properties":{"iso3":"AGO","name":"Angola"},"geometry":{"type":"MultiPolygon","coordinates":[[[[11.73,-15.88],[12.0,-15.63],[12.29,-14.76],[12.53,-13.42],[12.98,-12.99],[12.94,-12.84],[13.47,-12.52],[13.65,-12.24],[13.86,-10.97],[13.31,-9.98],[13.0,-9.11],[13.14,-8.87],[13.4,-8.75],[13.39,-8.4],[12.8,-6.93],[12.56,-6.66],[12.4,-6.33],[12.28,-6.16],[12.28,-6.14],[12.63,-6.15],[12.6,-6.05],[13.22,-5.87],[16.58,-5.87],[16.95,-7.24],[17.18,-7.42],[17.59,-8.13],[18.53,-7.92],[19.37,-8.0],[19.55,-7.0],[20.63,-6.92],[20.56,-7.28],[21.79,-7.28],[21.85,-7.6],[21.75,-7.95],[21.95,-8.5],[21.79,-9.41],[22.19,-9.92],[22.33,-10.39],[22.33,-10.76],[22.17,-10.87],[22.26,-11.25],[22.57,-11.03],[23.2,-11.11],[23.43,-10.95],[23.86,-11.03],[24.0,-10.89],[24.09,-11.4],[23.96,-11.66],[23.98,-12.14],[24.08,-12.38],[23.9,-12.84],[24.06,-13.0],[22.0,-13.01],[22.0,-16.2],[22.8,-17.17],[23.43,-17.64],[20.83,-18.04],[20.32,-17.86],[18.9,-17.82],[18.42,-17.39],[13.96,-17.43],[13.46,-17.01],[13.17,-16.96],[12.56,-17.24],[12.08,-17.14],[11.8,-17.27],[11.73,-15.88]]],[[[12.02,-5.03],[12.39,-4.61],[12.77,-4.5],[12.72,-4.4],[13.1,-4.68],[12.47,-5.08],[12.53,-5.74],[12.2,-5.77],[12.23,-5.51],[12.02,-5.03]]]]}},{"type":"Feature","properties":{"iso3":"BDI","name":"Burundi"},"geometry":{"type":"Polygon","coordinates":[[[29.0,-2.81],[29.16,-2.6],[29.32,-2.64],[29.38,-2.83],[29.75,-2.81],[29.92,-2.7],[29.96,-2.33],[30.14,-2.44],[30.46,-2.32],[30.54,-2.41],[30.42,-2.66],[30.53,-2.67],[30.41,-2.86],[30.85,-2.98],[30.84,-3.25],[30.45,-3.56],[30.04,-4.28],[29.76,-4.47],[29.41,-4.44],[29.22,-3.77],[29.26,-3.06],[29.0,-2.81]]]}},{"type":"Feature","properties":{"iso3":"BHR","name":"Bahrain"},"geometry":{"type":"Polygon","coordinates":[[[50.32,26.19],[50.67,26.3],[50.56,25.8],[50.45,26.16],[50.32,26.19]]]}},{"type":"Feature","properties":{"iso3":"CAF","name":"Central African Republic"},"geometry":{"type":"Polygon","coordinates":[[[14.42,6.03],[14.74,6.25],[15.22,7.24],[15.49,7.53],[15.97,7.49],[16.59,7.89],[16.84,7.53],[17.66,7.98],[18.59,8.05],[19.11,8.67],[18.88,8.9],[20.44,9.15],[20.53,9.34],[20.92,9.52],[21.25,10.0],[21.71,10.29],[21.84,10.85],[22.52,11.02],[22.88,10.94],[23.67,9.89],[23.66,9.29],[23.44,9.02],[23.59,9.0],[23.52,8.73],[24.26,8.71],[24.18,8.33],[24.86,8.18],[24.97,7.98],[25.22,7.88],[25.3,7.69],[25.19,7.5],[26.41,6.66],[26.3,6.4],[26.53,6.23],[26.46,6.1],[27.2,5.74],[27.25,5.34],[27.46,5.09],[27.11,5.21],[26.87,5.04],[26.49,5.05],[26.15,5.26],[25.83,5.19],[25.55,5.38],[25.37,5.32],[25.33,5.04],[25.06,4.93],[24.72,4.89],[24.38,5.11],[24.27,4.94],[23.59,4.76],[23.42,4.59],[22.91,4.82],[22.59,4.47],[22.55,4.22],[22.3,4.11],[21.74,4.31],[20.58,4.42],[20.18,4.89],[19.81,5.1],[19.43,5.13],[19.1,4.93],[18.76,4.4],[18.55,4.33],[18.63,3.47],[18.49,3.65],[18.18,3.48],[17.47,3.71],[17.35,3.58],[16.64,3.53],[16.51,2.83],[16.19,2.22],[16.03,2.98],[15.25,3.71],[15.07,4.02],[15.08,4.3],[14.73,4.61],[14.67,5.19],[14.53,5.28],[14.62,5.89],[14.42,6.03]]]}},{"type":"Feature","properties":{"iso3":"COD","name":"Democratic Republic of Congo"},"geometry":{"type":"Polygon","coordinates":[[[12.2,-5.77],[12.53,-5.74],[12.46,-5.08],[13.12,-4.58],[13.4,-4.88],[13.69,-4.76],[13.73,-4.44],[13.94,-4.51],[14.4,-4.28],[14.4,-4.86],[14.66,-4.92],[15.19,-4.34],[15.46,-4.29],[15.55,-4.04],[15.91,-3.93],[16.21,-3.31],[16.21,-2.14],[16.51,-1.87],[16.9,-1.21],[17.29,-1.02],[17.71,-0.56],[17.68,-0.15],[17.96,0.38],[17.84,0.93],[18.07,1.54],[18.09,2.27],[18.65,3.22],[18.66,3.99],[18.54,4.32],[18.78,4.42],[19.11,4.94],[19.42,5.13],[19.69,5.14],[20.18,4.89],[20.58,4.42],[21.74,4.31],[22.3,4.11],[22.55,4.21],[22.59,4.48],[22.96,4.84],[23.39,4.59],[23.59,4.76],[24.26,4.95],[24.38,5.11],[24.72,4.9],[25.06,4.93],[25.32,5.04],[25.36,5.31],[25.53,5.39],[25.83,5.2],[26.14,5.27],[26.49,5.05],[26.87,5.04],[27.11,5.21],[27.77,4.79],[27.79,4.61],[28.39,4.29],[28.79,4.57],[29.22,4.34],[29.5,4.7],[29.62,4.66],[29.83,4.56],[29.8,4.37],[30.16,4.12],[30.22,3.94],[30.55,3.84],[30.57,3.62],[30.78,3.68],[30.94,3.51],[30.74,2.44],[31.2,2.29],[31.28,2.0],[29.99,0.84],[29.98,0.51],[29.72,0.07],[29.59,-1.39],[29.27,-1.63],[29.12,-2.25],[28.86,-2.52],[29.26,-3.07],[29.22,-3.77],[29.42,-4.49],[29.35,-4.93],[29.63,-5.72],[29.5,-5.99],[29.55,-6.29],[29.73,-6.63],[30.31,-7.14],[30.77,-8.2],[28.91,-8.48],[28.9,-8.79],[28.39,-9.25],[28.7,-9.8],[28.58,-10.23],[28.7,-10.67],[28.48,-11.1],[28.44,-11.81],[28.75,-11.98],[29.05,-12.38],[29.48,-12.46],[29.48,-12.25],[29.81,-12.15],[29.81,-13.44],[29.64,-13.43],[29.68,-13.24],[29.59,-13.21],[29.18,-13.45],[29.01,-13.42],[28.79,-12.95],[28.46,-12.73],[28.53,-12.64],[28.44,-12.52],[27.96,-12.36],[27.92,-12.24],[27.62,-12.27],[27.46,-11.93],[27.23,-11.78],[27.2,-11.58],[27.02,-11.61],[26.88,-11.99],[25.98,-11.95],[25.34,-11.63],[25.33,-11.2],[24.44,-11.47],[24.28,-11.39],[24.39,-11.1],[24.06,-10.89],[23.86,-11.04],[23.43,-10.95],[23.2,-11.11],[22.51,-11.04],[22.25,-11.26],[22.17,-10.87],[22.33,-10.76],[22.33,-10.38],[22.19,-9.92],[21.79,-9.42],[21.95,-8.5],[21.75,-7.94],[21.86,-7.56],[21.78,-7.29],[20.55,-7.28],[20.61,-6.92],[19.56,-7.0],[19.55,-7.45],[19.37,-7.59],[19.38,-8.0],[18.54,-7.92],[18.1,-8.1],[17.58,-8.13],[16.94,-7.24],[16.57,-5.87],[12.9,-5.84],[12.68,-6.0],[12.61,-5.91],[12.38,-5.97],[12.2,-5.77]]]}},{"type":"Feature","properties":{"iso3":"COG","name":"Congo"},"geometry":{"type":"Polygon","coordinates":[[[11.15,-3.96],[11.44,-3.5],[11.68,-3.73],[11.88,-3.65],[11.95,-3.41],[11.66,-3.15],[11.77,-3.02],[11.53,-2.84],[11.53,-2.37],[11.73,-2.54],[11.98,-2.34],[12.51,-2.42],[12.44,-1.88],[12.65,-1.81],[12.82,-1.9],[13.02,-2.32],[13.49,-2.43],[13.76,-2.09],[13.94,-2.35],[13.87,-2.47],[14.1,-2.5],[14.25,-2.35],[14.15,-2.23],[14.26,-1.98],[14.43,-1.89],[14.53,-0.62],[13.82,-0.15],[13.93,-0.05],[13.95,0.35],[14.37,0.63],[14.49,0.93],[14.18,1.4],[13.82,1.43],[13.15,1.24],[13.26,1.38],[13.13,1.58],[13.15,1.89],[13.29,2.17],[14.6,2.21],[14.92,2.0],[15.75,1.92],[16.06,1.66],[16.14,1.71],[16.08,2.19],[16.19,2.22],[16.51,2.83],[16.64,3.53],[17.03,3.52],[17.47,3.71],[18.18,3.48],[18.54,3.61],[18.65,3.22],[18.09,2.26],[18.07,1.54],[17.84,0.93],[17.96,0.38],[17.68,-0.15],[17.71,-0.56],[17.29,-1.02],[16.9,-1.21],[16.51,-1.87],[16.21,-2.15],[16.22,-3.3],[15.91,-3.92],[15.55,-4.05],[15.46,-4.29],[15.19,-4.34],[14.68,-4.91],[14.4,-4.86],[14.35,-4.55],[14.47,-4.44],[14.38,-4.28],[13.97,-4.5],[13.74,-4.44],[13.72,-4.71],[13.43,-4.92],[12.77,-4.4],[12.01,-5.03],[11.82,-4.6],[11.15,-3.96]]]}},{"type":"Feature","properties":{"iso3":"DJI","name":"Djibouti"},"geometry":{"type":"Polygon","coordinates":[[[41.77,11.5],[42.46,12.53],[42.71,12.36],[42.89,12.62],[43.14,12.71],[43.33,12.47],[43.37,11.99],[42.7,11.63],[43.15,11.62],[43.26,11.46],[42.97,11.0],[42.63,11.09],[42.06,10.93],[41.79,10.98],[41.77,11.5]]]}},{"type":"Feature","properties":{"iso3":"KEN","name":"Kenya"},"geometry":{"type":"Polygon","coordinates":[[[33.91,0.1],[34.53,1.11],[34.83,1.26],[34.77,1.42],[35.03,1.91],[34.94,2.51],[34.46,3.18],[34.46,3.67],[34.09,3.86],[33.99,4.22],[34.38,4.62],[35.95,4.63],[36.05,4.46],[36.84,4.45],[38.13,3.61],[38.54,3.66],[39.53,3.41],[39.87,3.87],[40.76,4.29],[41.19,3.94],[41.91,3.98],[40.99,2.82],[40.99,-0.83],[41.56,-1.66],[41.28,-1.99],[41.21,-1.91],[40.91,-2.03],[40.93,-2.22],[40.74,-2.26],[40.82,-2.39],[40.17,-2.75],[40.24,-2.99],[40.12,-3.29],[39.94,-3.35],[39.4,-4.65],[39.31,-4.56],[39.2,-4.67],[37.6,-3.52],[37.71,-3.31],[37.6,-3.01],[33.93,-1.0],[33.91,0.1]]]}},{"type":"Feature","properties":{"iso3":"LBY","name":"Libya"},"geometry":{"type":"Polygon","coordinates":[[[9.39,30.17],[9.9,30.35],[10.24,30.75],[10.28,31.09],[10.13,31.47],[10.29,31.68],[11.6,32.45],[11.48,32.65],[11.56,33.17],[12.35,32.82],[13.39,32.9],[15.2,32.38],[15.48,31.68],[15.74,31.4],[17.86,30.92],[19.05,30.27],[19.62,30.42],[20.07,30.86],[20.17,31.17],[19.92,31.74],[20.04,32.11],[20.57,32.55],[21.63,32.93],[22.15,32.94],[23.11,32.63],[23.1,32.32],[23.3,32.19],[24.98,31.97],[25.15,31.66],[24.86,31.4],[25.02,30.78],[24.7,30.16],[25.0,29.25],[25.0,20.0],[24.01,20.0],[24.0,19.5],[16.0,23.45],[14.19,22.64],[13.53,23.16],[12.0,23.52],[11.6,24.26],[11.42,24.2],[10.85,24.57],[10.36,24.53],[10.04,24.96],[10.03,25.36],[9.4,26.2],[9.91,26.64],[9.78,27.26],[9.97,27.88],[9.83,28.29],[9.9,28.76],[9.78,29.43],[9.39,30.17]]]}},{"type":"Feature","properties":{"iso3":"QAT","name":"Qatar"},"geometry":{"type":"Polygon","coordinates":[[[50.76,25.5],[50.97,25.6],[50.89,25.71],[50.99,25.98],[51.19,26.15],[51.61,25.93],[51.48,25.52],[51.63,25.02],[51.31,24.49],[51.0,24.5],[50.81,24.74],[50.76,25.5]]]}},{"type":"Feature","properties":{"iso3":"RWA","name":"Rwanda"},"geometry":{"type":"Polygon","coordinates":[[[28.86,-2.53],[29.12,-2.25],[29.14,-1.86],[29.36,-1.51],[29.82,-1.31],[29.93,-1.47],[30.47,-1.06],[30.84,-1.65],[30.9,-2.08],[30.78,-2.39],[30.41,-2.31],[30.13,-2.44],[29.96,-2.33],[29.92,-2.7],[29.71,-2.82],[29.37,-2.84],[29.32,-2.64],[29.16,-2.6],[29.04,-2.74],[28.86,-2.53]]]}},{"type":"Feature","properties":{"iso3":"SYC","name":"Seychelles"},"geometry":{"type":"Polygon","coordinates":[[[55.37,-4.64],[55.47,-4.58],[55.54,-4.8],[55.48,-4.7],[55.37,-4.64]]]}},{"type":"Feature","properties":{"iso3":"TCD","name":"Chad"},"geometry":{"type":"Polygon","coordinates":[[[13.47,14.46],[13.69,14.56],[13.87,15.05],[14.39,15.74],[15.53,16.75],[15.6,18.89],[15.76,19.95],[15.99,20.35],[15.62,20.54],[15.42,20.81],[15.5,20.97],[15.2,21.5],[15.0,23.0],[16.0,23.45],[24.0,19.5],[24.0,15.7],[23.13,15.72],[22.94,15.56],[23.0,15.23],[22.68,14.86],[22.72,14.7],[22.39,14.53],[22.58,14.19],[22.08,13.78],[22.29,13.35],[21.82,12.81],[21.95,12.63],[22.2,12.76],[22.48,12.63],[22.37,12.44],[22.48,12.05],[22.64,12.07],[22.56,11.63],[22.98,11.31],[22.88,10.94],[22.52,11.02],[21.84,10.85],[21.68,10.24],[21.25,9.99],[20.92,9.52],[20.53,9.33],[20.44,9.15],[18.99,8.98],[18.87,8.86],[19.12,8.67],[18.61,8.05],[17.67,7.98],[16.84,7.53],[16.58,7.88],[15.97,7.49],[15.49,7.53],[15.59,7.77],[15.15,8.61],[14.49,9.06],[13.98,9.65],[14.22,10.01],[15.66,10.01],[15.15,10.54],[15.05,11.02],[15.12,11.8],[15.04,12.1],[14.88,12.16],[14.84,12.63],[14.55,12.78],[14.47,13.08],[14.08,13.08],[13.63,13.71],[13.47,14.46]]]}},{"type":"Feature","properties":{"iso3":"TZA","name":"Tanzania"},"geometry":{"type":"MultiPolygon","coordinates":[[[[29.34,-4.8],[29.41,-4.44],[29.75,-4.47],[30.04,-4.27],[30.45,-3.56],[30.83,-3.25],[30.83,-2.99],[30.41,-2.86],[30.54,-2.41],[30.79,-2.38],[30.9,-2.08],[30.84,-1.65],[30.47,-1.06],[34.08,-1.02],[37.67,-3.06],[37.62,-3.51],[39.2,-4.67],[38.82,-5.84],[38.83,-6.39],[39.55,-6.99],[39.3,-7.41],[39.22,-7.85],[39.41,-7.95],[39.24,-8.28],[39.37,-8.72],[39.56,-8.92],[39.39,-8.87],[39.47,-9.15],[39.64,-9.18],[39.61,-9.41],[39.8,-9.85],[39.71,-9.98],[40.14,-10.27],[40.24,-10.21],[40.41,-10.49],[39.26,-11.17],[38.89,-11.17],[38.48,-11.42],[37.94,-11.26],[37.75,-11.55],[37.38,-11.69],[36.81,-11.57],[36.63,-11.74],[36.22,-11.71],[36.19,-11.56],[35.85,-11.41],[35.64,-11.56],[34.96,-11.57],[34.61,-11.05],[34.68,-10.76],[34.54,-10.06],[34.05,-9.5],[33.94,-9.72],[33.77,-9.59],[33.44,-9.61],[32.44,-9.12],[31.99,-9.08],[31.94,-8.93],[31.58,-8.84],[31.55,-8.69],[31.07,-8.62],[30.85,-8.37],[30.31,-7.14],[29.73,-6.63],[29.55,-6.3],[29.5,-5.99],[29.63,-5.72],[29.34,-4.8]]],[[[39.18,-5.91],[39.31,-5.72],[39.44,-6.18],[39.54,-6.19],[39.53,-6.47],[39.21,-6.25],[39.18,-5.91]]],[[[39.63,-5.41],[39.74,-5.16],[39.68,-4.87],[39.8,-4.97],[39.87,-4.89],[39.81,-5.37],[39.63,-5.41]]]]}},{"type":"Feature","properties":{"iso3":"UGA","name":"Uganda"},"geometry":{"type":"Polygon","coordinates":[[[29.59,-1.39],[29.72,0.07],[29.98,0.51],[29.99,0.85],[31.29,2.0],[31.2,2.28],[30.74,2.45],[30.89,2.85],[30.77,3.05],[30.94,3.4],[30.85,3.49],[30.98,3.7],[31.29,3.79],[31.55,3.65],[31.8,3.84],[31.96,3.59],[32.19,3.51],[32.42,3.74],[33.03,3.89],[33.51,3.75],[33.99,4.22],[34.1,3.87],[34.46,3.67],[34.46,3.18],[34.95,2.47],[35.03,1.91],[34.78,1.41],[34.81,1.23],[34.53,1.1],[33.91,0.11],[33.93,-1.0],[30.77,-0.98],[30.36,-1.06],[29.93,-1.48],[29.83,-1.32],[29.59,-1.39]]]}},{"type":"Feature","properties":{"iso3":"ATF","name":"French Southern and Antarctic Lands (Fr.)"},"geometry":{"type":"Polygon","coordinates":[[[68.64,-49.35],[68.85,-49.34],[68.73,-49.08],[68.85,-48.95],[68.78,-48.85],[69.03,-48.66],[69.18,-48.78],[69.1,-48.9],[69.17,-49.12],[69.62,-48.98],[69.65,-49.12],[69.44,-49.16],[69.54,-49.28],[69.8,-49.29],[70.32,-49.05],[70.55,-49.2],[70.32,-49.39],[70.44,-49.43],[69.8,-49.41],[69.8,-49.55],[69.94,-49.6],[70.32,-49.57],[70.1,-49.73],[69.86,-49.71],[69.72,-49.5],[69.68,-49.66],[69.2,-49.47],[69.09,-49.69],[68.81,-49.73],[68.9,-49.42],[68.64,-49.35]]]}},{"type":"Feature","properties":{"iso3":"BWA","name":"Botswana"},"geometry":{"type":"Polygon","coordinates":[[[20.0,-22.0],[21.0,-21.99],[21.0,-18.32],[23.3,-18.0],[23.62,-18.5],[24.2,-18.02],[24.42,-17.95],[24.57,-18.07],[24.74,-17.89],[25.16,-17.78],[25.98,-18.97],[26.17,-19.55],[26.73,-19.94],[27.21,-20.08],[27.3,-20.49],[27.72,-20.51],[27.69,-21.09],[28.02,-21.57],[29.0,-21.77],[29.06,-22.02],[29.38,-22.2],[29.04,-22.22],[28.92,-22.46],[28.34,-22.58],[27.74,-23.23],[27.15,-23.53],[26.97,-23.71],[26.84,-24.27],[26.41,-24.65],[25.85,-24.76],[25.51,-25.68],[24.68,-25.82],[23.93,-25.64],[23.46,-25.29],[23.05,-25.3],[22.85,-25.5],[22.72,-26.02],[22.05,-26.63],[21.79,-26.68],[21.7,-26.86],[20.9,-26.8],[20.69,-26.91],[20.6,-26.51],[20.86,-26.14],[20.84,-25.95],[20.39,-25.04],[20.0,-24.76],[20.0,-22.0]]]}},{"type":"Feature","properties":{"iso3":"HMD","name":"Heard Island and McDonald Islands (Aus.)"},"geometry":{"type":"Polygon","coordinates":[[[73.26,-52.98],[73.64,-53.04],[73.77,-53.12],[73.5,-53.19],[73.26,-52.98]]]}},{"type":"Feature","properties":{"iso3":"MDG","name":"Madagascar"},"geometry":{"type":"Polygon","coordinates":[[[43.22,-22.25],[43.5,-21.39],[43.76,-21.34],[43.9,-20.85],[44.07,-20.76],[44.11,-20.49],[44.52,-19.99],[44.47,-19.44],[44.06,-18.43],[43.94,-17.49],[44.49,-16.73],[44.45,-16.2],[44.86,-16.3],[45.26,-15.94],[45.25,-16.15],[45.42,-16.02],[45.35,-15.99],[45.54,-15.96],[45.51,-16.07],[45.63,-16.09],[45.67,-15.77],[45.97,-15.87],[46.16,-15.71],[46.27,-16.01],[46.62,-16.11],[46.3,-15.71],[46.95,-15.2],[47.07,-15.34],[46.88,-15.59],[47.0,-15.58],[46.96,-15.75],[47.16,-15.49],[47.28,-15.51],[47.05,-15.18],[47.38,-14.92],[47.28,-14.86],[47.46,-14.67],[47.41,-15.14],[47.57,-15.0],[47.75,-14.63],[47.72,-14.34],[47.94,-14.25],[47.89,-14.1],[48.0,-14.14],[47.96,-14.31],[48.04,-14.27],[47.89,-13.6],[48.06,-13.53],[48.28,-13.82],[48.4,-13.57],[48.82,-13.4],[48.96,-12.82],[48.72,-12.44],[48.94,-12.49],[49.27,-11.95],[49.37,-12.21],[49.22,-12.23],[49.52,-12.37],[49.54,-12.66],[49.93,-13.05],[50.14,-13.8],[50.18,-14.58],[50.49,-15.27],[50.46,-15.46],[50.16,-16.0],[49.9,-15.44],[49.61,-15.56],[49.7,-16.12],[49.86,-16.23],[49.72,-16.74],[49.84,-16.84],[49.58,-16.92],[49.42,-17.27],[49.52,-17.69],[49.43,-18.16],[47.1,-24.99],[46.72,-25.18],[46.23,-25.22],[45.5,-25.57],[45.16,-25.6],[44.81,-25.34],[44.35,-25.26],[44.04,-25.01],[43.93,-24.62],[43.68,-24.37],[43.64,-23.67],[43.76,-23.45],[43.36,-22.81],[43.22,-22.25]]]}},{"type":"Feature","properties":{"iso3":"MOZ","name":"Mozambique"},"geometry":{"type":"Polygon","coordinates":[[[30.22,-15.0],[33.24,-14.0],[33.66,-14.61],[33.72,-14.5],[34.39,-14.4],[34.54,-14.61],[34.6,-15.27],[34.26,-15.91],[34.43,-16.04],[34.43,-16.26],[35.16,-16.84],[35.11,-17.11],[35.3,-17.12],[35.29,-16.71],[35.14,-16.56],[35.41,-16.13],[35.82,-16.03],[35.79,-15.17],[35.91,-14.91],[35.87,-14.67],[35.09,-13.7],[34.87,-13.48],[34.61,-13.48],[34.38,-12.17],[34.62,-11.57],[35.52,-11.58],[35.84,-11.41],[36.18,-11.55],[36.22,-11.71],[36.63,-11.73],[36.8,-11.57],[37.39,-11.69],[37.76,-11.54],[37.94,-11.26],[38.46,-11.42],[38.89,-11.17],[39.26,-11.17],[40.4,-10.52],[40.63,-10.68],[40.49,-10.74],[40.61,-10.83],[40.36,-11.35],[40.47,-11.41],[40.39,-11.68],[40.55,-12.0],[40.44,-12.52],[40.63,-12.76],[40.4,-12.92],[40.47,-13.05],[40.59,-12.97],[40.52,-13.53],[40.63,-14.06],[40.51,-14.18],[40.6,-14.28],[40.72,-14.21],[40.66,-14.45],[40.83,-14.46],[40.83,-14.84],[40.66,-14.91],[40.74,-14.94],[40.77,-15.01],[40.52,-15.17],[40.68,-15.27],[40.03,-16.19],[39.81,-16.21],[39.71,-16.53],[39.29,-16.78],[39.22,-16.7],[39.14,-16.89],[38.94,-16.96],[39.11,-16.94],[39.07,-17.01],[38.7,-17.08],[38.67,-16.98],[37.42,-17.57],[36.98,-18.02],[36.88,-17.89],[36.69,-18.18],[36.75,-18.3],[36.42,-18.6],[36.24,-18.59],[36.24,-18.82],[35.99,-18.84],[35.69,-19.06],[35.14,-19.69],[34.88,-19.85],[34.62,-19.64],[34.78,-20.14],[34.67,-20.17],[34.59,-20.54],[35.09,-20.97],[34.98,-21.06],[35.27,-21.64],[35.34,-22.2],[35.55,-22.14],[35.6,-22.94],[35.32,-23.95],[35.54,-23.79],[35.5,-24.11],[35.06,-24.64],[33.51,-25.2],[32.84,-25.57],[32.75,-25.87],[32.71,-25.76],[32.58,-26.0],[32.67,-26.26],[32.82,-26.33],[32.96,-26.08],[32.89,-26.86],[32.13,-26.84],[32.09,-26.02],[31.93,-25.84],[31.99,-24.31],[31.56,-23.48],[31.31,-22.42],[32.46,-21.31],[32.36,-21.14],[32.52,-20.91],[32.5,-20.61],[32.67,-20.55],[32.87,-20.11],[33.03,-20.03],[33.06,-19.78],[32.83,-19.67],[32.78,-19.46],[32.88,-19.08],[32.7,-18.94],[32.94,-18.77],[32.88,-18.52],[33.06,-18.35],[32.94,-18.03],[33.05,-17.35],[32.83,-16.92],[32.98,-16.71],[31.91,-16.41],[31.28,-16.0],[30.42,-16.01],[30.38,-15.36],[30.22,-15.0]]]}},{"type":"Feature","properties":{"iso3":"MUS","name":"Mauritius"},"geometry":{"type":"Polygon","coordinates":[[[57.31,-20.46],[57.55,-20.0],[57.68,-20.01],[57.81,-20.23],[57.73,-20.44],[57.31,-20.46]]]}},{"type":"Feature","properties":{"iso3":"MWI","name":"Malawi"},"geometry":{"type":"Polygon","coordinates":[[[32.67,-13.62],[33.01,-13.21],[32.94,-12.77],[33.54,-12.37],[33.37,-12.35],[33.26,-12.14],[33.33,-11.79],[33.23,-11.42],[33.4,-11.16],[33.24,-10.9],[33.68,-10.59],[33.56,-10.23],[33.32,-10.06],[33.37,-9.87],[33.22,-9.63],[33.02,-9.64],[32.94,-9.42],[33.93,-9.71],[34.04,-9.49],[34.54,-10.07],[34.64,-11.12],[34.96,-11.55],[34.63,-11.58],[34.38,-12.17],[34.58,-13.4],[35.09,-13.7],[35.87,-14.68],[35.92,-14.9],[35.79,-15.17],[35.82,-16.03],[35.4,-16.13],[35.15,-16.56],[35.29,-16.71],[35.3,-17.13],[35.08,-17.11],[35.16,-16.84],[34.43,-16.26],[34.43,-16.05],[34.26,-15.92],[34.6,-15.28],[34.51,-14.55],[34.36,-14.39],[33.67,-14.62],[33.3,-14.03],[33.14,-13.94],[33.03,-14.05],[32.67,-13.62]]]}},{"type":"Feature","properties":{"iso3":"NAM","name":"Namibia"},"geometry":{"type":"Polygon","coordinates":[[[11.75,-17.25],[12.08,-17.14],[12.56,-17.24],[13.17,-16.96],[13.46,-17.01],[13.96,-17.43],[18.42,-17.39],[18.9,-17.82],[20.32,-17.86],[20.82,-18.04],[21.21,-17.93],[21.43,-18.03],[24.25,-17.47],[24.98,-17.55],[25.26,-17.79],[24.96,-17.79],[24.57,-18.07],[24.42,-17.95],[24.2,-18.02],[23.62,-18.5],[23.29,-18.0],[21.0,-18.33],[21.0,-22.0],[20.0,-22.01],[20.0,-28.43],[19.57,-28.53],[19.19,-28.95],[18.85,-28.84],[18.19,-28.92],[17.91,-28.76],[17.42,-28.72],[17.38,-28.3],[17.09,-28.04],[16.89,-28.09],[16.78,-28.44],[16.45,-28.63],[15.68,-27.95],[15.29,-27.31],[15.09,-26.73],[15.12,-26.45],[14.95,-26.31],[14.83,-25.75],[14.87,-25.08],[14.45,-24.03],[14.5,-23.32],[14.4,-23.01],[14.44,-22.88],[14.46,-22.99],[14.54,-22.9],[14.5,-22.54],[13.42,-20.88],[13.21,-20.24],[12.6,-19.14],[12.03,-18.49],[11.81,-17.99],[11.75,-17.25]]]}},{"type":"Feature","properties":{"iso3":"REU","name":"France"},"geometry":{"type":"Polygon","coordinates":[[[55.22,-21.04],[55.45,-20.87],[55.68,-20.94],[55.83,-21.16],[55.8,-21.35],[55.33,-21.28],[55.22,-21.04]]]}},{"type":"Feature","properties":{"iso3":"SWZ","name":"Eswatini"},"geometry":{"type":"Polygon","coordinates":[[[30.8,-26.82],[30.81,-26.47],[31.32,-25.74],[32.09,-26.01],[32.13,-26.84],[32.01,-26.82],[31.98,-27.32],[31.15,-27.2],[30.89,-26.8],[30.8,-26.82]]]}},{"type":"Feature","properties":{"iso3":"ZAF","name":"South Africa"},"geometry":{"type":"Polygon","coordinates":[[[16.46,-28.63],[16.77,-28.46],[16.88,-28.09],[17.08,-28.03],[17.21,-28.25],[17.34,-28.24],[17.43,-28.72],[18.18,-28.92],[18.73,-28.83],[19.19,-28.95],[19.57,-28.53],[19.99,-28.42],[20.0,-24.76],[20.39,-25.04],[20.84,-25.95],[20.86,-26.13],[20.62,-26.45],[20.64,-26.82],[21.7,-26.86],[21.79,-26.68],[22.05,-26.63],[22.24,-26.35],[22.56,-26.21],[23.01,-25.3],[23.47,-25.28],[23.92,-25.63],[24.68,-25.82],[25.51,-25.68],[25.88,-24.92],[25.85,-24.75],[26.41,-24.65],[26.84,-24.27],[26.97,-23.7],[27.13,-23.52],[27.75,-23.22],[28.34,-22.57],[28.92,-22.46],[29.04,-22.22],[29.66,-22.12],[30.29,-22.35],[31.27,-22.37],[31.56,-23.48],[31.99,-24.31],[31.98,-25.95],[31.31,-25.74],[30.83,-26.41],[30.81,-26.83],[30.89,-26.78],[31.15,-27.2],[31.5,-27.32],[31.97,-27.31],[32.02,-26.81],[32.89,-26.86],[32.39,-28.54],[31.34,-29.38],[29.91,-31.39],[29.43,-31.68],[28.88,-32.28],[27.9,-33.04],[26.5,-33.77],[25.85,-33.72],[25.63,-33.86],[25.7,-34.03],[25.03,-33.97],[24.84,-34.21],[23.65,-33.98],[23.41,-34.11],[22.56,-34.0],[22.16,-34.08],[21.84,-34.38],[20.49,-34.49],[20.0,-34.83],[19.29,-34.63],[19.38,-34.54],[19.28,-34.41],[18.83,-34.39],[18.77,-34.08],[18.47,-34.11],[18.5,-34.36],[18.4,-34.31],[18.31,-34.04],[18.49,-33.88],[18.44,-33.7],[17.85,-32.83],[17.97,-32.7],[18.15,-32.77],[18.31,-32.57],[18.28,-31.9],[17.27,-30.33],[16.82,-29.1],[16.46,-28.63]],[[27.06,-29.64],[27.41,-30.14],[27.38,-30.33],[27.74,-30.6],[28.1,-30.67],[28.26,-30.41],[28.21,-30.29],[28.4,-30.14],[29.16,-29.92],[29.16,-29.68],[29.46,-29.33],[29.32,-29.08],[28.65,-28.57],[27.76,-28.9],[27.36,-29.49],[27.06,-29.64]]]}},{"type":"Feature","properties":{"iso3":"ZMB","name":"Zambia"},"geometry":{"type":"Polygon","coordinates":[[[22.0,-16.21],[22.0,-13.0],[24.04,-13.0],[23.89,-12.84],[24.08,-12.38],[23.98,-12.14],[23.96,-11.66],[24.08,-11.4],[24.0,-10.89],[24.38,-11.08],[24.32,-11.38],[24.44,-11.47],[25.35,-11.19],[25.34,-11.63],[26.0,-11.95],[26.87,-11.98],[27.02,-11.62],[27.21,-11.56],[27.23,-11.78],[27.46,-11.93],[27.63,-12.27],[27.92,-12.24],[28.45,-12.52],[28.46,-12.74],[28.78,-12.94],[29.0,-13.42],[29.19,-13.44],[29.58,-13.2],[29.73,-13.46],[29.81,-13.42],[29.81,-12.16],[29.49,-12.25],[29.48,-12.46],[29.04,-12.38],[28.75,-11.98],[28.44,-11.82],[28.39,-11.59],[28.69,-10.67],[28.57,-10.23],[28.69,-9.81],[28.38,-9.25],[28.9,-8.79],[28.89,-8.48],[30.77,-8.2],[31.06,-8.62],[31.38,-8.59],[31.68,-8.91],[31.95,-8.94],[31.99,-9.07],[32.76,-9.29],[33.35,-9.83],[33.32,-10.07],[33.56,-10.23],[33.71,-10.57],[33.25,-10.89],[33.41,-11.16],[33.24,-11.44],[33.33,-11.8],[33.26,-12.14],[33.37,-12.34],[33.55,-12.37],[33.02,-12.66],[33.02,-13.21],[32.68,-13.61],[33.02,-14.04],[33.24,-14.0],[30.23,-15.0],[30.42,-15.62],[29.57,-15.64],[28.91,-15.96],[28.82,-16.49],[27.83,-16.96],[27.04,-17.96],[26.7,-18.08],[26.22,-17.89],[25.97,-18.0],[25.68,-17.81],[25.38,-17.85],[24.72,-17.5],[23.43,-17.64],[22.12,-16.49],[22.0,-16.21]]]}},{"type":"Feature","properties":{"iso3":"ZWE","name":"Zimbabwe"},"geometry":{"type":"Polygon","coordinates":[[[25.24,-17.91],[25.26,-17.79],[25.7,-17.81],[25.92,-18.0],[26.22,-17.88],[26.69,-18.07],[27.04,-17.96],[27.83,-16.96],[28.81,-16.49],[28.91,-15.96],[29.57,-15.64],[30.42,-15.62],[30.43,-16.01],[31.28,-16.01],[31.92,-16.41],[32.99,-16.7],[32.84,-16.93],[33.05,-17.35],[32.94,-18.03],[33.07,-18.35],[32.88,-18.52],[32.94,-18.77],[32.72,-18.82],[32.7,-18.95],[32.88,-19.1],[32.78,-19.45],[32.84,-19.67],[33.06,-19.78],[33.03,-20.03],[32.87,-20.11],[32.67,-20.56],[32.5,-20.61],[32.52,-20.91],[32.37,-21.14],[32.5,-21.34],[31.31,-22.42],[30.84,-22.29],[30.29,-22.36],[29.66,-22.13],[29.38,-22.2],[29.06,-22.03],[29.0,-21.77],[28.02,-21.58],[27.69,-21.09],[27.72,-20.51],[27.29,-20.5],[27.21,-20.09],[26.73,-19.94],[26.17,-19.55],[25.98,-18.97],[25.24,-17.91]]]}},{"type":"Feature","properties":{"iso3":"COM","name":"Comoros"},"geometry":{"type":"Polygon","coordinates":[[[43.23,-11.75],[43.27,-11.41],[43.4,-11.38],[43.52,-11.89],[43.23,-11.75]]]}},{"type":"Feature","properties":{"iso3":"LSO","name":"Lesotho"},"geometry":{"type":"Polygon","coordinates":[[[27.01,-29.66],[27.36,-29.48],[27.76,-28.9],[28.65,-28.57],[29.31,-29.08],[29.46,-29.34],[29.16,-29.68],[29.17,-29.92],[28.23,-30.26],[28.11,-30.68],[27.74,-30.6],[27.38,-30.34],[27.39,-30.15],[27.01,-29.66]]]}},{"type":"Feature","properties":{"iso3":"MYT","name":"France"},"geometry":{"type":"Polygon","coordinates":[[[45.04,-12.72],[45.23,-12.74],[45.2,-12.98],[45.08,-12.96],[45.04,-12.72]]]}},{"type":"Feature","properties":{"iso3":"SHN","name":"Saint Helena, Ascension and Tristan da Cunha (U.K.)"},"geometry":{"type":"Polygon","coordinates":[[[-5.75,-16.03],[-5.7,-15.91],[-5.63,-15.97],[-5.75,-16.03]]]}},{"type":"Feature","properties":{"iso3":"BVT","name":"Bouvet Island (Nor.)"},"geometry":{"type":"Polygon","coordinates":[[[3.34,-54.45],[3.38,-54.39],[3.43,-54.43],[3.34,-54.45]]]}},{"type":"Feature","properties":{"iso3":"SJM","name":"Svalbard and Jan Mayen (Nor.)"},"geometry":{"type":"MultiPolygon","coordinates":[[[[10.66,79.55],[11.34,79.62],[11.18,79.77],[11.6,79.83],[12.25,79.64],[12.32,79.69],[12.12,79.79],[12.19,79.84],[12.59,79.76],[13.77,79.88],[13.96,79.8],[12.39,79.53],[13.46,79.57],[13.23,79.46],[13.56,79.48],[13.91,79.28],[14.1,79.35],[13.81,79.53],[14.72,79.79],[15.28,79.61],[15.41,79.36],[15.76,79.23],[15.63,79.11],[15.82,79.17],[16.47,78.89],[15.94,79.29],[15.61,79.8],[16.04,79.87],[15.94,79.97],[16.24,80.06],[16.8,79.88],[17.39,79.93],[18.03,79.72],[17.75,79.6],[17.69,79.37],[18.28,79.62],[18.85,79.44],[18.86,79.32],[18.7,79.25],[18.91,79.22],[18.88,79.12],[19.8,79.15],[19.78,79.06],[20.09,78.98],[20.14,79.12],[20.86,79.1],[20.34,78.99],[20.54,78.87],[21.5,78.83],[21.36,78.67],[20.49,78.72],[18.92,78.52],[19.09,78.34],[18.89,78.33],[19.08,78.23],[18.93,78.18],[19.04,78.1],[18.41,78.03],[18.48,77.96],[18.25,77.9],[18.44,77.75],[18.29,77.54],[17.63,77.56],[17.68,77.46],[17.18,77.04],[17.27,76.94],[16.77,76.81],[17.14,76.73],[17.06,76.64],[16.27,76.56],[16.39,76.7],[15.5,76.89],[16.27,76.94],[16.62,77.05],[15.22,77.02],[15.08,77.16],[14.38,77.19],[13.89,77.49],[14.99,77.57],[16.16,77.43],[15.88,77.56],[14.73,77.66],[16.82,77.81],[16.75,77.89],[13.94,77.72],[13.71,77.76],[13.78,77.8],[13.63,77.84],[13.57,78.05],[13.95,78.1],[14.28,77.96],[14.17,78.1],[15.0,78.1],[15.77,78.34],[16.86,78.34],[17.27,78.44],[16.29,78.46],[16.74,78.65],[16.58,78.71],[15.96,78.49],[15.43,78.46],[15.17,78.59],[15.47,78.67],[15.44,78.82],[15.3,78.83],[15.16,78.75],[15.24,78.65],[14.93,78.59],[14.67,78.74],[14.5,78.68],[14.59,78.55],[14.3,78.49],[14.76,78.38],[14.09,78.43],[14.29,78.3],[12.98,78.2],[12.85,78.36],[12.35,78.49],[12.73,78.53],[11.46,78.73],[11.76,78.84],[11.32,78.96],[12.57,78.87],[12.43,78.95],[12.53,79.0],[11.64,79.07],[12.08,79.27],[11.81,79.22],[11.52,79.36],[11.66,79.16],[11.18,79.11],[10.84,79.35],[10.96,79.48],[10.66,79.55]]],[[[17.71,80.13],[18.71,80.21],[19.38,80.09],[19.01,80.34],[19.7,80.22],[19.77,80.38],[19.43,80.42],[19.65,80.51],[20.79,80.31],[20.88,80.2],[21.79,80.27],[21.84,80.19],[21.6,80.12],[22.05,80.14],[22.24,79.99],[22.46,80.05],[22.33,80.1],[22.51,80.3],[22.33,80.38],[22.66,80.33],[22.81,80.4],[22.77,80.51],[23.32,80.41],[23.21,80.39],[23.3,80.29],[23.0,80.18],[23.1,80.12],[23.58,80.12],[23.74,80.28],[24.14,80.26],[24.27,80.31],[24.11,80.34],[24.27,80.36],[24.59,80.31],[24.44,80.25],[24.81,80.34],[24.86,80.24],[27.23,80.05],[27.11,80.01],[27.12,79.84],[25.7,79.58],[25.9,79.5],[25.7,79.45],[23.6,79.2],[22.72,79.31],[22.84,79.38],[20.06,79.46],[19.65,79.59],[20.8,79.57],[20.47,79.67],[21.85,79.73],[21.57,79.82],[18.75,79.71],[18.08,79.9],[18.61,80.03],[17.71,80.13]]],[[[20.8,77.54],[21.14,77.61],[21.52,77.91],[20.83,78.12],[21.75,78.22],[22.82,78.26],[23.17,78.17],[23.12,78.1],[23.31,77.98],[24.32,77.9],[24.0,77.62],[22.67,77.24],[22.54,77.28],[22.67,77.36],[22.58,77.39],[22.79,77.48],[22.63,77.62],[21.06,77.44],[20.8,77.54]]],[[[20.16,78.48],[21.17,78.64],[21.94,78.58],[22.2,78.38],[22.05,78.26],[20.63,78.2],[20.77,78.28],[20.59,78.32],[20.58,78.43],[20.16,78.48]]],[[[31.42,80.09],[32.8,80.31],[33.52,80.23],[33.37,80.14],[31.42,80.09]]],[[[10.46,78.89],[11.0,78.83],[11.19,78.73],[11.05,78.71],[11.11,78.61],[11.9,78.45],[12.14,78.21],[11.06,78.46],[10.46,78.89]]],[[[-9.08,70.86],[-8.28,71.12],[-7.93,71.15],[-8.04,71.01],[-9.08,70.86]]],[[[27.81,78.86],[28.37,78.97],[29.64,78.9],[29.24,78.84],[27.81,78.86]]],[[[26.36,78.8],[26.52,78.84],[27.07,78.71],[26.74,78.64],[26.36,78.8]]],[[[18.76,74.47],[19.13,74.51],[19.27,74.46],[19.07,74.34],[18.76,74.47]]]]}},{"type":"Feature","properties":{"iso3":"BRA","name":"Brazil"},"geometry":{"type":"MultiPolygon","coordinates":[[[[-73.98,-7.53],[-73.95,-7.36],[-73.7,-7.31],[-73.8,-7.12],[-73.64,-6.75],[-73.13,-6.51],[-73.24,-6.05],[-72.96,-5.65],[-72.82,-5.1],[-71.91,-4.52],[-70.93,-4.38],[-70.76,-4.16],[-70.32,-4.14],[-70.19,-4.35],[-69.96,-4.3],[-69.4,-1.12],[-69.62,-0.75],[-69.61,-0.5],[-70.07,-0.16],[-70.05,0.56],[-69.48,0.73],[-69.28,0.6],[-69.13,0.66],[-69.25,1.06],[-69.85,1.08],[-69.85,1.71],[-68.2,1.73],[-68.28,1.83],[-68.2,2.04],[-67.92,1.81],[-67.78,2.03],[-67.65,2.0],[-67.39,2.23],[-67.31,1.92],[-67.13,1.78],[-67.09,1.17],[-66.84,1.22],[-66.31,0.75],[-65.59,1.0],[-65.53,0.65],[-65.33,0.94],[-65.19,0.93],[-65.16,1.12],[-64.8,1.32],[-64.74,1.24],[-64.39,1.53],[-64.34,1.37],[-64.08,1.65],[-64.06,1.92],[-63.43,2.13],[-63.36,2.27],[-63.41,2.45],[-64.06,2.5],[-64.0,2.77],[-64.23,3.14],[-64.12,3.47],[-64.76,4.05],[-64.81,4.28],[-64.61,4.11],[-64.13,4.11],[-63.97,3.88],[-63.69,3.91],[-63.68,4.02],[-63.51,3.85],[-63.25,3.97],[-62.96,3.62],[-62.74,3.69],[-62.75,4.04],[-62.57,4.03],[-62.44,4.18],[-62.14,4.08],[-61.56,4.26],[-61.32,4.53],[-61.0,4.52],[-60.59,4.93],[-60.73,5.22],[-60.22,5.27],[-59.97,5.06],[-60.16,4.52],[-59.67,4.38],[-59.73,4.19],[-59.52,3.95],[-59.86,3.58],[-59.81,3.36],[-59.99,2.88],[-59.9,2.36],[-59.72,2.28],[-59.75,1.87],[-59.25,1.39],[-58.92,1.32],[-58.82,1.17],[-58.71,1.29],[-58.5,1.27],[-58.51,1.46],[-58.33,1.6],[-58.01,1.51],[-57.99,1.66],[-57.55,1.69],[-57.31,2.0],[-57.09,2.03],[-56.8,1.86],[-56.45,1.95],[-55.97,1.84],[-55.91,2.04],[-56.14,2.26],[-55.96,2.53],[-55.72,2.4],[-55.38,2.42],[-54.94,2.63],[-54.87,2.43],[-54.7,2.46],[-54.7,2.33],[-54.33,2.15],[-54.1,2.11],[-53.77,2.38],[-52.91,2.19],[-52.56,2.52],[-52.33,3.17],[-51.65,4.05],[-51.5,4.44],[-51.19,4.08],[-51.17,3.84],[-51.08,3.89],[-51.04,3.14],[-50.73,2.22],[-50.52,1.85],[-49.92,1.68],[-49.87,1.39],[-49.97,1.24],[-49.87,1.18],[-50.28,0.86],[-50.78,0.19],[-51.0,0.11],[-50.99,-0.06],[-50.69,0.0],[-50.62,-0.09],[-50.88,-0.22],[-50.97,-0.37],[-50.79,-0.47],[-51.0,-0.59],[-50.85,-0.56],[-50.81,-0.66],[-50.99,-0.85],[-50.83,-0.92],[-50.91,-1.13],[-50.69,-1.77],[-50.78,-1.93],[-50.61,-1.81],[-50.43,-2.06],[-50.28,-1.89],[-50.0,-1.82],[-49.66,-1.92],[-49.27,-1.72],[-49.61,-2.62],[-49.53,-2.63],[-49.16,-1.87],[-49.0,-1.85],[-48.69,-1.47],[-48.5,-1.56],[-48.37,-1.48],[-48.51,-1.47],[-48.49,-1.29],[-48.33,-1.26],[-48.11,-0.74],[-48.03,-0.67],[-47.94,-0.83],[-47.76,-0.64],[-47.71,-0.81],[-47.54,-0.64],[-47.4,-0.89],[-47.47,-0.62],[-47.3,-0.6],[-47.08,-0.88],[-46.96,-0.86],[-47.02,-0.98],[-46.87,-0.84],[-46.49,-1.1],[-46.28,-1.06],[-46.27,-1.19],[-45.73,-1.24],[-45.78,-1.39],[-45.4,-1.51],[-45.34,-1.78],[-45.18,-1.7],[-45.21,-1.55],[-45.04,-1.51],[-44.58,-1.86],[-44.48,-1.99],[-44.58,-2.03],[-44.49,-2.04],[-44.78,-2.24],[-44.73,-2.42],[-44.49,-2.15],[-44.36,-2.34],[-44.53,-2.38],[-44.79,-3.31],[-44.37,-2.77],[-44.35,-2.88],[-44.2,-2.87],[-43.92,-2.56],[-43.61,-2.6],[-43.51,-2.48],[-43.43,-2.61],[-43.37,-2.34],[-42.47,-2.76],[-41.96,-2.87],[-42.01,-2.73],[-41.8,-2.75],[-41.25,-3.04],[-41.27,-2.89],[-39.99,-2.84],[-38.46,-3.71],[-37.16,-4.94],[-36.96,-4.92],[-36.69,-5.11],[-35.98,-5.04],[-35.49,-5.16],[-35.23,-5.58],[-34.98,-6.42],[-34.98,-6.79],[-34.86,-6.9],[-34.91,-7.09],[-34.83,-6.97],[-34.79,-7.15],[-34.82,-7.93],[-35.3,-9.19],[-36.39,-10.5],[-36.86,-10.74],[-37.17,-11.12],[-38.0,-12.58],[-38.47,-13.02],[-38.49,-12.74],[-38.72,-12.62],[-38.8,-13.14],[-39.06,-13.37],[-39.1,-13.56],[-38.96,-13.69],[-39.1,-13.93],[-38.98,-14.08],[-38.93,-13.91],[-39.06,-14.77],[-38.96,-15.73],[-38.85,-15.86],[-39.21,-17.16],[-39.14,-17.69],[-39.64,-18.24],[-39.81,-19.64],[-40.14,-19.94],[-40.43,-20.64],[-40.76,-20.87],[-41.07,-21.5],[-40.99,-22.0],[-41.96,-22.53],[-41.98,-22.72],[-41.86,-22.75],[-42.01,-22.99],[-43.05,-22.98],[-43.15,-22.88],[-43.55,-23.08],[-44.01,-23.09],[-43.57,-23.04],[-43.87,-22.91],[-44.19,-23.05],[-44.35,-22.95],[-44.67,-23.06],[-44.72,-23.22],[-44.51,-23.3],[-45.05,-23.42],[-45.41,-23.64],[-45.41,-23.82],[-45.9,-23.76],[-46.38,-23.87],[-46.29,-23.99],[-48.04,-25.01],[-48.01,-25.2],[-48.22,-25.46],[-48.22,-25.31],[-48.43,-25.23],[-48.47,-25.48],[-48.72,-25.41],[-48.35,-25.57],[-48.61,-26.01],[-48.49,-26.22],[-48.69,-26.68],[-48.59,-26.79],[-48.61,-27.11],[-48.47,-27.14],[-48.61,-27.22],[-48.53,-27.38],[-48.62,-27.55],[-48.36,-27.44],[-48.76,-28.54],[-49.71,-29.32],[-50.77,-31.11],[-52.22,-32.24],[-52.67,-33.17],[-53.4,-33.75],[-53.53,-33.68],[-53.52,-33.15],[-53.08,-32.74],[-53.58,-32.45],[-53.74,-32.08],[-54.1,-31.93],[-54.59,-31.46],[-55.24,-31.26],[-55.58,-30.84],[-56.01,-31.08],[-56.02,-30.79],[-56.81,-30.1],[-57.08,-30.09],[-57.22,-30.29],[-57.61,-30.19],[-56.81,-29.48],[-56.59,-29.12],[-56.42,-29.07],[-55.88,-28.36],[-55.69,-28.41],[-55.78,-28.25],[-55.04,-27.85],[-54.81,-27.53],[-54.28,-27.44],[-54.17,-27.25],[-53.82,-27.16],[-53.67,-26.9],[-53.76,-26.64],[-53.64,-26.25],[-53.9,-25.64],[-54.13,-25.52],[-54.43,-25.7],[-54.59,-25.59],[-54.26,-24.37],[-54.29,-24.06],[-54.66,-23.82],[-55.06,-23.99],[-55.41,-23.97],[-55.62,-22.66],[-55.84,-22.29],[-56.21,-22.28],[-56.4,-22.08],[-56.84,-22.3],[-57.99,-22.09],[-57.82,-20.96],[-58.17,-20.17],[-57.86,-19.97],[-58.13,-19.76],[-57.7,-19.02],[-57.77,-18.9],[-57.48,-18.22],[-57.79,-17.54],[-58.04,-17.49],[-58.4,-17.18],[-58.47,-16.71],[-58.32,-16.27],[-60.17,-16.27],[-60.24,-15.48],[-60.58,-15.1],[-60.25,-15.08],[-60.27,-14.63],[-60.49,-14.19],[-60.39,-13.99],[-60.48,-13.8],[-61.02,-13.49],[-61.86,-13.54],[-62.12,-13.16],[-62.78,-13.01],[-63.1,-12.64],[-63.3,-12.68],[-63.78,-12.43],[-64.3,-12.5],[-64.71,-12.1],[-65.03,-12.0],[-65.09,-11.71],[-65.26,-11.71],[-65.36,-11.25],[-65.25,-10.98],[-65.43,-10.49],[-65.29,-10.22],[-65.4,-9.69],[-65.56,-9.85],[-65.92,-9.75],[-66.61,-9.89],[-67.02,-10.26],[-67.41,-10.38],[-67.71,-10.71],[-68.03,-10.66],[-68.27,-10.99],[-68.54,-11.11],[-69.42,-10.93],[-69.93,-10.92],[-70.31,-11.07],[-70.52,-10.94],[-70.62,-11.0],[-70.52,-9.44],[-71.21,-9.97],[-72.18,-10.0],[-72.16,-9.8],[-72.36,-9.5],[-73.2,-9.41],[-72.94,-8.99],[-73.54,-8.35],[-73.77,-7.91],[-73.69,-7.77],[-73.98,-7.53]],[[-52.22,-31.79],[-52.1,-32.0],[-52.19,-32.05],[-52.06,-32.07],[-52.1,-31.83],[-51.86,-31.87],[-51.25,-31.47],[-51.17,-31.07],[-50.98,-31.04],[-50.96,-30.9],[-50.71,-30.76],[-50.73,-30.37],[-50.58,-30.48],[-50.59,-30.2],[-50.91,-30.33],[-50.91,-30.44],[-51.3,-30.01],[-51.3,-30.3],[-51.09,-30.36],[-51.28,-30.52],[-51.28,-30.81],[-51.37,-30.64],[-51.37,-30.87],[-51.5,-30.93],[-51.44,-31.09],[-51.62,-31.14],[-51.62,-31.27],[-51.93,-31.32],[-52.03,-31.69],[-52.06,-31.61],[-52.22,-31.79]]],[[[-50.73,-1.1],[-50.37,-0.97],[-50.4,-0.79],[-50.24,-0.6],[-50.33,-0.48],[-50.64,-0.54],[-50.7,-0.37],[-50.57,-0.2],[-50.46,-0.26],[-50.31,-0.1],[-49.42,-0.24],[-49.2,-0.13],[-48.39,-0.27],[-48.51,-0.88],[-48.83,-1.45],[-49.06,-1.54],[-49.17,-1.42],[-49.17,-1.62],[-49.45,-1.55],[-49.8,-1.82],[-50.31,-1.62],[-50.29,-1.78],[-50.44,-1.77],[-50.67,-1.47],[-50.63,-1.17],[-50.73,-1.1]]],[[[-50.55,0.26],[-50.34,0.64],[-50.37,0.22],[-49.55,0.35],[-50.0,-0.05],[-50.34,0.04],[-50.55,0.26]]],[[[-49.83,-0.1],[-49.59,0.09],[-49.36,-0.02],[-49.5,-0.13],[-49.83,-0.1]]],[[[-44.36,-2.76],[-44.36,-2.53],[-44.1,-2.42],[-44.04,-2.56],[-44.36,-2.76]]]]}},{"type":"Feature","properties":{"iso3":"BRB","name":"Barbados"},"geometry":{"type":"Polygon","coordinates":[[[-59.65,13.31],[-59.42,13.15],[-59.52,13.05],[-59.61,13.08],[-59.65,13.31]]]}},{"type":"Feature","properties":{"iso3":"GUF","name":"France"},"geometry":{"type":"Polygon","coordinates":[[[-54.6,2.34],[-54.22,2.76],[-54.21,3.15],[-54.01,3.43],[-53.99,3.61],[-54.36,4.05],[-54.48,4.9],[-53.95,5.75],[-52.85,5.35],[-52.02,4.71],[-51.95,4.43],[-51.91,4.67],[-51.81,4.62],[-51.66,4.06],[-52.33,3.16],[-52.66,2.37],[-52.99,2.17],[-53.28,2.19],[-53.34,2.35],[-53.53,2.25],[-53.77,2.37],[-54.11,2.11],[-54.6,2.34]]]}},{"type":"Feature","properties":{"iso3":"GUY","name":"Guyana"},"geometry":{"type":"Polygon","coordinates":[[[-61.41,5.97],[-61.14,6.2],[-61.23,6.57],[-61.14,6.72],[-60.72,6.76],[-60.31,7.04],[-60.36,7.18],[-60.62,7.21],[-60.72,7.54],[-60.54,7.82],[-60.03,8.04],[-59.75,8.31],[-59.82,8.39],[-59.16,8.06],[-58.49,7.36],[-58.61,6.51],[-58.42,6.86],[-58.05,6.81],[-57.54,6.29],[-57.19,6.12],[-57.16,5.63],[-57.32,5.34],[-57.18,5.17],[-57.3,5.17],[-57.29,5.02],[-57.88,4.88],[-57.84,4.64],[-58.07,4.13],[-57.67,3.39],[-57.31,3.39],[-57.2,2.83],[-56.69,2.02],[-56.47,1.95],[-56.8,1.85],[-57.09,2.03],[-57.31,2.0],[-57.56,1.69],[-57.98,1.65],[-58.0,1.5],[-58.33,1.57],[-58.51,1.46],[-58.49,1.27],[-58.7,1.29],[-58.82,1.17],[-59.25,1.39],[-59.75,1.85],[-59.73,2.27],[-59.9,2.36],[-59.97,2.59],[-59.96,3.08],[-59.81,3.37],[-59.87,3.58],[-59.52,3.95],[-59.73,4.18],[-59.68,4.38],[-60.16,4.52],[-59.97,5.06],[-60.22,5.26],[-60.74,5.2],[-61.41,5.97]]]}},{"type":"Feature","properties":{"iso3":"ISL","name":"Iceland"},"geometry":{"type":"Polygon","coordinates":[[[-24.53,65.5],[-24.31,65.64],[-24.0,65.58],[-24.1,65.81],[-23.54,65.61],[-23.41,65.66],[-23.53,65.72],[-23.24,65.74],[-23.87,65.89],[-23.55,65.88],[-23.82,66.04],[-23.55,66.04],[-23.67,66.12],[-23.47,66.2],[-22.81,65.93],[-22.68,66.05],[-22.57,65.98],[-22.63,65.84],[-22.52,65.98],[-22.4,65.87],[-22.44,66.08],[-22.98,66.22],[-22.58,66.28],[-23.2,66.35],[-22.94,66.47],[-22.42,66.46],[-22.2,66.27],[-21.74,66.18],[-21.72,66.06],[-21.32,66.01],[-21.34,65.74],[-21.68,65.69],[-21.29,65.6],[-21.37,65.48],[-21.19,65.43],[-21.13,65.25],[-21.1,65.45],[-20.93,65.36],[-20.99,65.48],[-20.89,65.61],[-20.62,65.67],[-20.64,65.56],[-20.49,65.49],[-20.33,65.62],[-20.26,65.73],[-20.41,66.09],[-20.1,66.12],[-19.65,65.75],[-19.42,65.72],[-19.44,66.05],[-18.78,66.19],[-18.09,65.69],[-18.06,65.84],[-18.31,66.16],[-17.38,66.01],[-17.14,66.21],[-16.48,66.2],[-16.42,66.28],[-16.57,66.48],[-16.2,66.54],[-15.7,66.4],[-15.69,66.23],[-15.39,66.14],[-15.34,66.26],[-14.53,66.38],[-14.98,66.28],[-14.94,66.19],[-15.13,66.11],[-14.61,65.99],[-14.83,65.72],[-14.33,65.79],[-14.31,65.64],[-13.61,65.51],[-13.78,65.3],[-13.58,65.26],[-13.65,65.12],[-13.49,65.08],[-14.06,65.04],[-13.69,64.91],[-14.05,64.78],[-13.99,64.74],[-14.38,64.73],[-14.26,64.65],[-14.58,64.58],[-14.47,64.54],[-14.54,64.4],[-14.85,64.38],[-14.96,64.24],[-15.95,64.14],[-16.64,63.8],[-17.05,63.78],[-17.02,63.89],[-17.07,63.78],[-17.68,63.71],[-18.16,63.46],[-19.13,63.4],[-20.34,63.6],[-20.69,63.84],[-21.23,63.94],[-22.7,63.8],[-22.69,64.08],[-22.53,63.97],[-22.04,64.04],[-22.04,64.15],[-21.78,64.16],[-21.91,64.23],[-21.59,64.39],[-22.09,64.31],[-21.93,64.54],[-22.24,64.49],[-22.46,64.81],[-23.8,64.73],[-24.04,64.86],[-23.19,65.01],[-23.11,64.92],[-22.73,65.08],[-22.64,64.99],[-21.8,65.03],[-21.74,65.2],[-22.56,65.17],[-21.93,65.39],[-21.98,65.5],[-22.2,65.43],[-22.74,65.62],[-22.71,65.5],[-22.87,65.54],[-22.79,65.59],[-22.83,65.62],[-23.86,65.41],[-24.53,65.5]]]}},{"type":"Feature","properties":{"iso3":"LCA","name":"Saint Lucia"},"geometry":{"type":"Polygon","coordinates":[[[-60.94,13.71],[-61.06,13.93],[-60.92,14.1],[-60.94,13.71]]]}},{"type":"Feature","properties":{"iso3":"MTQ","name":"France"},"geometry":{"type":"Polygon","coordinates":[[[-61.23,14.8],[-61.14,14.88],[-60.87,14.77],[-60.84,14.41],[-61.08,14.47],[-61.02,14.6],[-61.23,14.8]]]}},{"type":"Feature","properties":{"iso3":"SUR","name":"Suriname"},"geometry":{"type":"Polygon","coordinates":[[[-58.07,4.16],[-57.84,4.64],[-57.93,4.83],[-57.84,4.93],[-57.18,5.16],[-57.33,5.32],[-57.02,5.97],[-55.92,5.77],[-55.89,5.92],[-55.72,5.97],[-54.94,5.86],[-54.71,5.96],[-53.98,5.75],[-54.48,4.9],[-54.36,4.05],[-53.98,3.61],[-54.21,3.16],[-54.21,2.78],[-54.51,2.34],[-54.88,2.43],[-54.95,2.61],[-55.39,2.41],[-55.97,2.52],[-56.13,2.27],[-55.9,1.9],[-56.68,2.01],[-57.2,2.84],[-57.3,3.38],[-57.67,3.38],[-58.07,4.16]]]}},{"type":"Feature","properties":{"iso3":"VCT","name":"Saint Vincent and the Grenadines"},"geometry":{"type":"Polygon","coordinates":[[[-61.28,13.24],[-61.2,13.37],[-61.15,13.37],[-61.15,13.15],[-61.28,13.24]]]}},{"type":"Feature","properties":{"iso3":"CAN","name":"Canada"},"geometry":{"type":"MultiPolygon","coordinates":[[[[-141.0,60.31],[-141.0,69.65],[-139.15,69.5],[-138.46,69.2],[-138.38,69.3],[-137.21,68.93],[-136.13,68.87],[-135.33,68.66],[-136.01,69.2],[-135.77,69.31],[-135.27,69.28],[-135.34,69.4],[-135.17,69.45],[-134.61,69.45],[-134.44,69.62],[-134.5,69.7],[-134.19,69.64],[-134.14,69.52],[-133.79,69.57],[-133.91,69.33],[-133.7,69.32],[-132.96,69.42],[-132.93,69.64],[-132.52,69.74],[-132.0,69.7],[-131.98,69.75],[-131.47,69.89],[-131.46,69.95],[-131.32,69.97],[-131.12,69.88],[-130.94,70.09],[-130.48,70.15],[-129.98,70.04],[-129.68,70.25],[-129.39,70.1],[-130.8,69.65],[-130.98,69.48],[-130.89,69.3],[-130.34,69.68],[-129.15,69.84],[-129.13,69.69],[-128.82,69.75],[-128.31,69.94],[-128.34,70.12],[-127.96,70.07],[-128.15,70.15],[-127.64,70.21],[-128.21,70.38],[-128.01,70.56],[-127.18,70.24],[-126.71,69.75],[-126.31,69.54],[-125.47,69.31],[-125.49,69.4],[-125.14,69.41],[-125.65,69.42],[-125.3,69.51],[-125.51,69.58],[-125.12,69.73],[-125.3,69.81],[-125.08,69.78],[-124.84,69.96],[-125.22,70.01],[-124.53,70.2],[-124.34,70.0],[-124.49,69.73],[-124.04,69.68],[-124.49,69.37],[-123.4,69.41],[-122.96,69.83],[-121.88,69.82],[-120.0,69.35],[-118.7,69.23],[-117.16,68.9],[-115.98,68.81],[-116.33,68.96],[-115.6,68.98],[-114.54,68.73],[-114.11,68.53],[-114.06,68.39],[-113.89,68.4],[-114.0,68.24],[-115.16,68.18],[-115.22,68.04],[-115.09,68.01],[-115.54,67.92],[-115.0,67.79],[-111.94,67.69],[-111.19,67.84],[-111.03,67.76],[-110.04,68.01],[-109.6,67.71],[-109.02,67.72],[-108.88,67.54],[-108.98,67.46],[-108.83,67.36],[-108.65,67.64],[-108.47,67.35],[-108.37,67.45],[-107.96,67.28],[-107.85,67.04],[-108.57,67.12],[-108.16,66.97],[-108.13,66.8],[-107.96,66.84],[-107.56,66.53],[-107.54,66.63],[-107.79,66.77],[-107.67,66.77],[-107.73,67.02],[-107.62,66.97],[-107.62,67.08],[-107.47,66.89],[-107.43,66.99],[-107.13,66.89],[-107.7,67.4],[-107.59,67.51],[-108.02,67.78],[-107.66,67.92],[-107.75,67.99],[-107.68,68.05],[-106.75,68.1],[-106.78,68.23],[-106.62,68.18],[-106.43,68.34],[-105.74,68.41],[-105.7,68.61],[-106.37,68.54],[-106.52,68.29],[-106.77,68.41],[-107.22,68.26],[-107.85,68.31],[-107.56,68.17],[-108.36,68.12],[-108.37,68.29],[-108.81,68.26],[-108.26,68.63],[-106.17,68.95],[-105.45,68.75],[-105.5,68.66],[-105.27,68.46],[-105.36,68.49],[-105.51,68.42],[-104.56,68.25],[-104.63,68.16],[-104.48,68.03],[-103.56,68.06],[-103.43,68.17],[-103.07,67.9],[-102.22,67.71],[-101.94,67.8],[-101.53,67.67],[-100.67,67.85],[-98.9,67.7],[-98.36,67.79],[-98.71,67.96],[-98.64,68.12],[-98.34,67.99],[-98.68,68.4],[-97.96,68.35],[-97.84,68.4],[-98.0,68.52],[-97.91,68.56],[-97.31,68.51],[-96.91,68.26],[-96.37,68.32],[-96.71,68.01],[-95.88,68.3],[-96.19,67.83],[-96.13,67.64],[-96.31,67.7],[-96.4,67.51],[-96.07,67.49],[-96.21,67.28],[-96.08,67.23],[-95.55,67.39],[-95.73,67.2],[-95.44,67.15],[-95.19,67.29],[-95.38,67.47],[-95.3,67.55],[-95.7,67.73],[-95.51,67.83],[-95.47,68.06],[-94.73,68.05],[-94.17,68.27],[-94.11,68.42],[-93.56,68.55],[-93.72,68.62],[-93.58,68.85],[-93.66,68.98],[-93.88,69.0],[-94.03,68.85],[-93.79,68.89],[-94.08,68.76],[-94.61,68.75],[-94.59,68.97],[-94.15,69.06],[-94.28,69.15],[-94.26,69.32],[-93.45,69.47],[-94.27,69.44],[-94.63,69.68],[-94.82,69.56],[-95.76,69.74],[-96.48,70.1],[-96.49,70.37],[-96.03,70.6],[-96.58,70.79],[-96.41,71.06],[-96.53,71.13],[-96.41,71.17],[-96.47,71.27],[-96.03,71.42],[-95.53,71.29],[-95.5,71.49],[-95.9,71.6],[-95.28,71.74],[-95.13,72.09],[-95.24,72.44],[-95.15,72.48],[-95.67,72.81],[-95.7,73.02],[-95.54,73.14],[-95.7,73.69],[-95.3,73.78],[-94.8,73.65],[-95.34,73.93],[-94.74,74.1],[-93.49,74.18],[-92.59,74.12],[-92.25,73.95],[-90.69,73.98],[-90.16,73.9],[-90.97,73.56],[-90.92,73.48],[-92.11,72.74],[-93.31,72.82],[-94.31,72.74],[-93.76,72.74],[-93.79,72.66],[-93.44,72.46],[-93.83,72.31],[-94.04,71.99],[-94.55,72.02],[-94.37,71.93],[-94.59,71.76],[-93.68,71.77],[-93.76,71.64],[-92.95,71.35],[-92.84,71.17],[-92.89,70.83],[-92.15,70.6],[-92.26,70.56],[-91.96,70.37],[-91.99,70.28],[-91.72,70.37],[-91.51,70.18],[-92.38,70.19],[-92.48,70.06],[-91.95,70.02],[-92.72,69.71],[-91.81,69.49],[-91.28,69.75],[-91.0,69.75],[-90.97,69.52],[-90.34,69.47],[-91.1,69.27],[-90.44,68.89],[-90.47,68.53],[-90.58,68.45],[-90.29,68.38],[-90.21,68.23],[-89.84,68.49],[-89.94,68.59],[-89.7,68.72],[-89.75,68.96],[-89.38,69.23],[-88.96,69.24],[-88.23,68.92],[-87.93,68.73],[-87.79,68.32],[-87.92,68.2],[-88.17,68.24],[-88.19,68.37],[-88.37,68.29],[-88.27,68.15],[-88.38,67.97],[-87.26,67.11],[-87.22,67.22],[-86.99,67.25],[-87.07,67.35],[-86.5,67.35],[-86.51,67.69],[-85.88,68.04],[-85.64,68.72],[-84.75,68.76],[-85.19,68.86],[-84.74,69.07],[-85.45,69.26],[-85.49,69.41],[-85.37,69.43],[-85.52,69.49],[-85.43,69.58],[-85.53,69.65],[-85.32,69.78],[-85.55,69.86],[-82.25,69.64],[-82.58,69.65],[-82.45,69.5],[-82.58,69.47],[-82.2,69.4],[-82.28,69.36],[-82.12,69.29],[-82.22,69.24],[-81.33,69.2],[-81.24,69.09],[-81.78,68.91],[-81.36,68.87],[-81.21,68.77],[-81.24,68.64],[-81.94,68.41],[-82.21,68.54],[-82.19,68.46],[-82.64,68.42],[-82.0,68.34],[-82.42,68.3],[-82.24,68.29],[-82.24,68.12],[-81.98,68.22],[-82.16,68.01],[-82.08,67.91],[-81.19,67.45],[-81.46,66.99],[-81.97,66.95],[-82.13,66.71],[-82.98,66.55],[-83.34,66.35],[-83.96,66.59],[-83.99,66.79],[-84.16,66.58],[-83.67,66.18],[-84.36,66.28],[-84.47,66.41],[-84.59,66.34],[-84.36,66.22],[-84.41,66.13],[-83.68,65.93],[-83.74,65.8],[-83.18,65.71],[-83.26,65.63],[-84.13,65.76],[-84.11,65.9],[-84.55,66.22],[-85.23,66.27],[-85.43,66.6],[-86.73,66.52],[-86.63,66.32],[-85.86,66.16],[-86.4,65.9],[-86.52,65.66],[-87.35,65.32],[-88.02,65.35],[-88.83,65.64],[-88.67,65.66],[-89.69,65.95],[-89.91,65.94],[-89.71,65.83],[-90.19,65.86],[-89.43,65.6],[-89.03,65.32],[-87.55,65.29],[-86.92,65.14],[-88.12,64.15],[-89.14,63.95],[-89.94,64.16],[-89.82,63.93],[-90.12,63.95],[-89.96,63.8],[-90.04,63.72],[-90.72,63.57],[-90.67,63.51],[-91.71,63.77],[-91.63,63.58],[-90.67,63.36],[-90.63,63.05],[-91.36,62.79],[-92.41,62.83],[-91.84,62.61],[-92.53,62.54],[-92.5,62.44],[-92.08,62.37],[-92.59,62.39],[-92.73,62.48],[-92.48,62.16],[-92.82,62.29],[-92.78,62.17],[-93.13,62.14],[-92.96,62.11],[-93.11,61.98],[-93.32,62.04],[-93.2,61.95],[-93.35,61.94],[-93.28,61.89],[-93.62,61.87],[-93.25,61.76],[-93.98,61.46],[-93.81,61.34],[-94.05,61.28],[-93.98,61.09],[-94.17,61.04],[-94.68,60.51],[-94.71,60.1],[-94.85,59.97],[-94.71,59.33],[-94.79,59.02],[-94.43,58.7],[-94.21,58.8],[-93.2,58.75],[-92.46,57.46],[-92.47,57.19],[-91.96,57.05],[-90.88,57.27],[-88.88,56.86],[-87.98,56.47],[-87.35,55.96],[-85.9,55.65],[-85.11,55.26],[-83.88,55.29],[-82.34,55.06],[-82.32,55.15],[-82.2,54.8],[-82.43,54.21],[-82.12,53.83],[-82.21,53.59],[-82.11,53.27],[-82.3,52.93],[-81.53,52.44],[-81.4,52.13],[-80.69,51.85],[-80.41,51.34],[-79.79,51.15],[-79.73,51.37],[-79.36,51.66],[-78.9,51.38],[-78.81,51.6],[-79.04,51.76],[-78.58,52.1],[-78.53,52.46],[-78.77,52.55],[-78.74,52.68],[-78.87,52.74],[-78.76,52.85],[-78.99,53.02],[-78.95,53.39],[-79.14,53.5],[-78.94,53.55],[-79.07,53.59],[-79.13,53.95],[-79.01,54.02],[-79.17,54.08],[-79.12,54.16],[-79.39,54.18],[-79.32,54.23],[-79.48,54.3],[-79.52,54.59],[-79.76,54.63],[-77.78,55.26],[-76.69,56.05],[-76.52,56.44],[-76.58,57.19],[-76.99,57.84],[-77.55,58.24],[-78.59,58.67],[-78.5,58.7],[-78.58,58.92],[-78.37,58.91],[-78.13,59.21],[-77.81,59.31],[-77.74,59.42],[-77.95,59.4],[-77.74,59.54],[-77.8,59.71],[-77.51,59.64],[-77.57,59.75],[-77.36,59.79],[-77.46,59.92],[-77.33,59.96],[-77.64,60.06],[-77.5,60.12],[-77.53,60.23],[-77.77,60.39],[-77.58,60.54],[-77.83,60.66],[-77.67,60.76],[-78.23,60.78],[-77.71,61.18],[-77.81,61.46],[-77.71,61.43],[-77.6,61.59],[-78.02,61.73],[-78.19,62.26],[-77.51,62.58],[-74.69,62.15],[-74.71,62.26],[-73.67,62.48],[-72.61,62.11],[-72.58,61.95],[-72.01,61.73],[-72.04,61.59],[-71.94,61.71],[-71.55,61.62],[-71.82,61.44],[-71.57,61.4],[-71.73,61.29],[-71.53,61.17],[-70.56,61.02],[-70.13,61.09],[-70.07,60.84],[-69.9,60.8],[-69.5,61.07],[-69.36,60.81],[-69.68,60.7],[-69.63,60.59],[-69.8,60.52],[-69.66,60.36],[-69.75,60.31],[-69.58,60.22],[-69.62,60.07],[-69.83,60.03],[-69.54,59.87],[-69.62,59.7],[-69.52,59.62],[-69.75,59.5],[-69.68,59.32],[-69.24,59.33],[-69.23,59.23],[-69.52,59.17],[-69.34,59.09],[-69.55,58.79],[-68.58,58.9],[-68.35,58.78],[-68.2,58.46],[-68.0,58.58],[-67.85,58.32],[-67.71,58.45],[-67.69,58.12],[-66.94,58.51],[-66.65,58.49],[-66.45,58.83],[-66.02,58.65],[-66.07,58.83],[-65.82,58.83],[-66.0,58.91],[-65.59,59.04],[-65.74,59.27],[-65.59,59.2],[-65.57,59.37],[-65.42,59.39],[-65.54,59.75],[-65.25,59.84],[-64.85,60.37],[-64.42,60.27],[-64.39,59.96],[-64.17,60.03],[-64.13,59.9],[-64.25,59.75],[-63.72,59.51],[-63.83,59.38],[-63.38,59.28],[-63.45,59.1],[-63.63,59.04],[-63.14,59.05],[-63.22,58.85],[-62.92,58.83],[-62.87,58.65],[-63.16,58.52],[-63.16,58.38],[-62.56,58.48],[-62.71,58.28],[-62.59,58.2],[-62.86,58.14],[-62.45,58.17],[-62.5,58.11],[-62.31,58.04],[-62.43,57.98],[-62.41,57.87],[-62.35,57.97],[-62.1,57.94],[-62.15,57.81],[-61.89,57.63],[-62.32,57.44],[-61.9,57.41],[-61.81,57.38],[-61.87,57.17],[-61.64,57.24],[-61.71,57.15],[-61.37,57.1],[-61.37,56.85],[-61.47,56.8],[-61.35,56.75],[-61.38,56.6],[-61.58,56.69],[-62.06,56.61],[-61.65,56.54],[-61.94,56.48],[-61.58,56.28],[-61.77,56.21],[-61.33,56.23],[-61.43,56.13],[-61.24,56.06],[-61.38,55.97],[-60.73,55.83],[-60.77,55.72],[-60.6,55.81],[-60.62,55.62],[-60.49,55.81],[-60.33,55.78],[-60.49,55.64],[-60.19,55.43],[-60.37,55.39],[-60.47,55.16],[-59.78,55.33],[-59.73,55.24],[-59.87,55.11],[-59.52,55.22],[-59.42,55.16],[-59.52,55.04],[-59.4,55.04],[-59.15,55.23],[-59.22,55.1],[-58.95,55.13],[-58.91,54.83],[-58.41,54.74],[-57.94,54.93],[-57.98,54.81],[-57.84,54.83],[-57.93,54.75],[-57.26,54.58],[-57.6,54.38],[-58.17,54.36],[-58.09,54.32],[-58.37,54.24],[-58.61,54.04],[-60.07,53.77],[-60.13,53.52],[-60.03,53.44],[-60.36,53.35],[-59.1,53.68],[-58.85,53.95],[-58.04,54.1],[-58.33,54.09],[-58.36,54.2],[-57.47,54.2],[-57.07,53.82],[-57.42,53.64],[-57.29,53.47],[-56.96,53.73],[-56.47,53.79],[-56.4,53.72],[-56.6,53.65],[-55.96,53.54],[-56.22,53.54],[-55.74,53.25],[-55.91,53.04],[-55.8,52.84],[-56.02,52.74],[-55.74,52.65],[-56.05,52.55],[-55.63,52.45],[-55.82,52.32],[-55.62,52.21],[-55.93,51.94],[-56.96,51.42],[-57.73,51.46],[-58.3,51.22],[-58.48,51.31],[-58.89,50.95],[-58.97,51.04],[-59.01,50.74],[-59.25,50.76],[-59.42,50.55],[-60.15,50.2],[-60.19,50.28],[-61.76,50.09],[-61.87,50.22],[-62.78,50.3],[-63.4,50.2],[-64.43,50.32],[-65.96,50.28],[-66.12,50.19],[-66.46,50.27],[-66.54,50.21],[-66.45,50.13],[-66.93,50.0],[-67.15,49.8],[-67.37,49.32],[-68.04,49.29],[-68.19,49.1],[-68.58,49.06],[-68.63,48.9],[-69.04,48.77],[-69.09,48.6],[-69.71,48.14],[-69.91,47.77],[-71.2,46.85],[-70.5,47.01],[-69.52,47.94],[-68.47,48.52],[-66.65,49.11],[-65.33,49.25],[-64.47,49.05],[-64.2,48.86],[-64.16,48.75],[-64.3,48.83],[-64.49,48.85],[-64.17,48.63],[-64.31,48.6],[-64.2,48.53],[-65.25,48.01],[-65.92,48.2],[-66.54,48.07],[-65.83,47.91],[-65.61,47.65],[-65.15,47.82],[-64.7,47.75],[-64.49,48.01],[-64.58,47.77],[-64.9,47.55],[-64.97,47.28],[-65.34,47.08],[-64.8,47.07],[-64.96,46.84],[-64.72,46.69],[-64.55,46.23],[-63.87,46.15],[-63.71,46.26],[-63.82,46.39],[-64.13,46.4],[-64.09,46.6],[-64.41,46.66],[-63.99,47.06],[-64.07,46.76],[-63.84,46.62],[-63.8,46.45],[-63.67,46.57],[-63.04,46.41],[-61.97,46.45],[-62.54,46.22],[-62.45,46.1],[-62.52,45.97],[-63.04,46.05],[-62.89,46.11],[-62.97,46.19],[-63.7,46.25],[-64.06,45.99],[-63.23,45.8],[-63.33,45.75],[-63.3,45.72],[-62.68,45.76],[-62.5,45.6],[-61.92,45.89],[-61.89,45.69],[-61.64,45.63],[-61.45,45.7],[-61.55,46.04],[-61.1,46.44],[-61.03,46.65],[-60.62,47.03],[-60.42,47.03],[-60.46,46.91],[-60.3,46.85],[-60.53,46.31],[-59.82,46.18],[-59.96,46.03],[-59.79,45.95],[-60.15,45.88],[-60.08,45.8],[-60.26,45.71],[-60.69,45.57],[-61.22,45.61],[-61.23,45.49],[-61.49,45.38],[-60.97,45.33],[-61.04,45.24],[-61.65,45.17],[-62.82,44.71],[-63.56,44.65],[-63.52,44.5],[-63.64,44.43],[-63.94,44.51],[-63.97,44.66],[-64.08,44.47],[-64.29,44.55],[-64.24,44.26],[-64.83,43.95],[-64.78,43.86],[-65.03,43.69],[-65.24,43.76],[-65.47,43.45],[-65.58,43.56],[-65.62,43.41],[-65.85,43.75],[-66.01,43.68],[-66.17,43.86],[-66.12,44.35],[-65.86,44.58],[-66.2,44.41],[-64.95,45.1],[-64.4,45.28],[-64.49,45.33],[-64.33,45.29],[-64.36,45.11],[-64.21,45.1],[-63.43,45.36],[-64.94,45.33],[-64.29,45.83],[-64.55,45.72],[-64.56,45.87],[-64.78,45.6],[-65.91,45.19],[-66.05,45.27],[-66.46,45.06],[-66.81,45.04],[-66.96,45.17],[-67.04,45.07],[-67.35,45.13],[-67.49,45.28],[-67.43,45.58],[-67.82,45.69],[-67.79,47.07],[-68.24,47.36],[-68.9,47.18],[-69.05,47.26],[-69.05,47.43],[-69.22,47.46],[-70.0,46.7],[-70.06,46.41],[-70.29,46.2],[-70.26,45.89],[-70.68,45.57],[-70.62,45.4],[-70.8,45.42],[-70.84,45.23],[-70.99,45.34],[-71.3,45.29],[-71.5,45.01],[-74.99,44.98],[-76.31,44.2],[-76.8,43.63],[-78.69,43.63],[-79.19,43.45],[-78.94,42.83],[-80.08,42.39],[-81.25,42.21],[-82.4,41.68],[-82.68,41.68],[-83.07,41.86],[-83.15,42.04],[-83.08,42.31],[-82.52,42.61],[-82.12,43.59],[-82.52,45.34],[-83.6,45.82],[-83.44,46.0],[-83.57,46.1],[-83.96,46.06],[-84.13,46.53],[-84.56,46.46],[-84.86,46.89],[-88.37,48.3],[-89.34,47.97],[-90.75,48.09],[-90.88,48.25],[-91.57,48.04],[-92.06,48.36],[-92.37,48.22],[-92.46,48.42],[-92.71,48.46],[-92.64,48.54],[-92.96,48.63],[-93.79,48.52],[-93.85,48.63],[-94.59,48.72],[-94.82,49.32],[-95.14,49.38],[-95.15,49.0],[-123.17,49.02],[-123.26,49.25],[-123.16,49.31],[-123.29,49.37],[-123.23,49.67],[-123.53,49.38],[-124.06,49.61],[-123.92,49.81],[-124.03,49.91],[-124.27,49.74],[-124.82,50.03],[-124.61,50.26],[-125.09,50.35],[-124.86,50.59],[-124.83,50.93],[-124.96,50.81],[-124.9,50.64],[-125.11,50.44],[-125.7,50.42],[-125.78,50.53],[-126.29,50.52],[-126.19,50.55],[-126.3,50.63],[-125.96,50.68],[-126.18,50.67],[-126.13,50.76],[-126.27,50.86],[-126.51,50.82],[-126.87,50.95],[-127.03,50.82],[-127.79,51.16],[-127.54,51.31],[-127.78,51.37],[-127.5,51.64],[-127.8,51.53],[-127.9,51.92],[-127.75,52.26],[-127.88,52.2],[-128.03,52.32],[-128.04,52.51],[-128.36,52.27],[-128.14,52.86],[-128.33,52.8],[-128.52,52.93],[-128.59,52.61],[-128.76,52.61],[-129.06,52.73],[-129.2,52.95],[-129.09,53.28],[-128.88,53.3],[-128.99,53.54],[-128.79,53.57],[-128.66,54.0],[-129.24,53.63],[-129.24,53.42],[-129.44,53.41],[-129.5,53.21],[-130.29,53.82],[-130.05,53.86],[-130.06,54.16],[-130.49,54.36],[-130.45,54.63],[-129.87,54.98],[-130.17,55.09],[-129.96,55.29],[-130.14,55.75],[-130.01,56.01],[-130.78,56.37],[-131.84,56.6],[-131.88,56.81],[-132.12,56.87],[-132.06,57.04],[-132.37,57.09],[-132.26,57.22],[-133.46,58.39],[-133.4,58.44],[-134.26,58.86],[-134.48,59.13],[-134.96,59.28],[-135.12,59.62],[-135.48,59.8],[-136.3,59.61],[-136.24,59.52],[-136.47,59.46],[-136.58,59.17],[-137.53,58.91],[-137.61,59.25],[-139.2,60.09],[-139.08,60.35],[-139.69,60.33],[-139.98,60.18],[-141.0,60.31]],[[-98.15,67.87],[-98.06,67.76],[-97.54,67.6],[-97.08,67.69],[-97.18,67.7],[-97.09,67.79],[-97.21,67.92],[-97.63,68.02],[-98.15,67.87]]],[[[-90.11,71.93],[-90.02,72.07],[-89.6,72.16],[-89.89,72.19],[-89.97,72.32],[-89.74,72.62],[-89.5,72.67],[-89.56,72.8],[-89.3,72.76],[-89.41,72.83],[-89.31,73.05],[-88.28,73.57],[-86.56,73.86],[-85.08,73.81],[-84.83,73.74],[-85.93,73.36],[-86.74,72.73],[-86.23,72.42],[-86.45,72.21],[-86.34,71.96],[-85.49,71.52],[-84.91,71.42],[-84.83,71.27],[-85.38,71.22],[-84.87,71.18],[-84.86,71.07],[-85.04,71.09],[-84.94,71.07],[-84.94,70.92],[-84.78,70.94],[-84.79,71.35],[-84.52,71.47],[-84.6,71.67],[-85.31,71.68],[-85.59,71.79],[-85.47,71.81],[-85.55,71.9],[-86.03,71.99],[-85.51,72.06],[-85.49,72.26],[-84.96,72.25],[-84.32,72.05],[-84.94,72.29],[-84.78,72.47],[-85.15,72.36],[-85.51,72.46],[-85.71,72.65],[-85.7,72.9],[-85.59,72.97],[-84.66,72.89],[-85.55,73.04],[-85.46,73.11],[-84.13,73.03],[-85.18,73.24],[-84.77,73.39],[-84.52,73.28],[-84.63,73.4],[-84.16,73.48],[-83.63,73.32],[-83.65,73.44],[-84.01,73.51],[-82.85,73.74],[-81.56,73.73],[-81.2,73.53],[-81.19,73.26],[-80.58,73.15],[-80.61,72.92],[-80.22,72.73],[-81.06,72.38],[-80.47,72.46],[-80.89,72.19],[-80.53,72.07],[-81.01,72.09],[-80.77,72.02],[-80.88,71.89],[-80.34,72.07],[-80.49,72.18],[-80.25,72.19],[-80.22,72.31],[-79.93,72.18],[-80.17,72.33],[-79.79,72.51],[-79.58,72.35],[-79.74,72.22],[-79.34,72.41],[-79.09,72.34],[-78.95,72.2],[-79.17,71.97],[-78.59,71.88],[-78.93,72.02],[-78.77,72.17],[-78.88,72.23],[-78.8,72.34],[-78.51,72.34],[-78.44,72.19],[-78.42,72.33],[-77.74,72.23],[-78.55,72.51],[-77.6,72.76],[-76.74,72.73],[-76.13,72.59],[-76.07,72.48],[-75.97,72.59],[-75.16,72.49],[-74.93,72.24],[-75.54,72.01],[-75.61,71.89],[-74.95,72.12],[-74.25,72.08],[-74.12,71.96],[-74.23,71.83],[-75.11,71.61],[-74.61,71.66],[-74.84,71.54],[-74.86,71.45],[-74.69,71.4],[-74.9,71.25],[-74.62,71.37],[-74.74,71.53],[-74.52,71.66],[-74.1,71.74],[-74.12,71.64],[-73.97,71.76],[-73.6,71.78],[-73.96,71.55],[-74.09,71.3],[-73.75,71.59],[-73.59,71.57],[-73.56,71.38],[-73.39,71.39],[-73.67,71.26],[-73.7,71.08],[-73.42,71.35],[-73.06,71.29],[-73.39,71.52],[-73.14,71.57],[-73.15,71.42],[-73.0,71.52],[-72.77,71.43],[-72.85,71.51],[-72.56,71.66],[-71.55,71.5],[-71.14,71.26],[-71.49,71.06],[-72.09,71.08],[-72.31,70.95],[-72.19,70.84],[-72.39,70.66],[-71.3,70.89],[-70.82,71.12],[-70.52,70.93],[-71.19,70.59],[-71.41,70.6],[-71.18,70.55],[-71.31,70.3],[-71.01,70.63],[-69.89,70.88],[-69.77,70.86],[-70.37,70.62],[-69.45,70.79],[-68.35,70.58],[-68.29,70.52],[-68.45,70.38],[-68.58,70.47],[-68.7,70.33],[-69.4,70.26],[-69.96,70.06],[-69.79,69.96],[-69.62,70.15],[-68.64,70.16],[-69.7,69.82],[-69.41,69.78],[-68.23,70.1],[-68.33,70.23],[-68.06,70.33],[-67.4,70.07],[-67.12,69.74],[-68.1,69.77],[-68.33,69.63],[-68.69,69.65],[-69.28,69.52],[-68.74,69.6],[-67.23,69.47],[-66.66,69.24],[-66.77,69.14],[-67.2,69.15],[-68.33,69.3],[-68.08,69.22],[-68.49,69.23],[-68.75,69.12],[-68.43,69.18],[-67.72,69.02],[-68.31,68.97],[-67.77,68.79],[-69.3,68.81],[-68.07,68.69],[-68.58,68.58],[-67.94,68.56],[-67.91,68.45],[-67.67,68.57],[-67.2,68.42],[-66.68,68.45],[-66.93,68.42],[-67.34,68.2],[-66.76,68.24],[-66.86,68.14],[-66.68,68.14],[-66.73,67.95],[-66.62,68.14],[-66.31,68.13],[-66.18,68.01],[-66.47,67.85],[-66.37,67.78],[-66.25,67.97],[-65.94,68.03],[-66.02,67.6],[-65.94,67.82],[-65.75,67.89],[-65.8,67.97],[-65.46,67.99],[-65.59,67.77],[-65.08,68.04],[-64.73,67.98],[-65.05,67.83],[-64.82,67.69],[-64.75,67.82],[-64.52,67.81],[-64.1,67.61],[-64.17,67.46],[-63.95,67.41],[-64.34,67.23],[-63.45,67.23],[-63.49,67.1],[-63.29,67.3],[-62.97,67.28],[-63.27,67.11],[-63.23,66.97],[-63.42,66.93],[-63.42,66.72],[-63.34,66.89],[-62.84,66.97],[-62.85,66.66],[-62.76,66.93],[-62.42,66.83],[-62.27,67.05],[-62.02,67.05],[-62.09,66.9],[-61.83,66.97],[-61.26,66.62],[-61.53,66.53],[-61.79,66.63],[-61.54,66.33],[-61.9,66.28],[-62.47,66.41],[-62.32,66.3],[-62.55,66.22],[-61.94,66.01],[-62.65,66.02],[-62.29,65.8],[-62.8,65.74],[-62.61,65.67],[-62.67,65.58],[-63.24,65.63],[-63.51,65.93],[-63.33,65.59],[-63.58,65.53],[-63.29,65.42],[-63.59,65.46],[-63.32,65.22],[-63.44,65.18],[-63.36,65.06],[-63.54,64.89],[-63.67,64.91],[-63.64,65.0],[-63.85,64.98],[-63.92,65.14],[-64.26,65.1],[-64.2,65.19],[-64.37,65.18],[-64.41,65.32],[-64.55,65.09],[-64.91,65.3],[-64.63,65.45],[-65.16,65.43],[-65.15,65.5],[-64.94,65.52],[-64.84,65.64],[-65.3,65.55],[-65.19,65.66],[-65.46,65.68],[-65.36,65.91],[-64.83,65.99],[-64.6,66.3],[-64.95,66.07],[-65.88,65.94],[-65.96,66.04],[-65.64,66.2],[-65.97,66.11],[-66.54,66.24],[-66.53,66.35],[-66.76,66.37],[-66.86,66.54],[-66.77,66.59],[-67.16,66.49],[-67.41,66.58],[-67.12,66.44],[-67.23,66.27],[-67.95,66.52],[-67.72,66.23],[-67.14,66.02],[-67.17,65.91],[-67.8,65.88],[-68.17,65.97],[-68.1,65.79],[-67.8,65.82],[-67.94,65.74],[-67.85,65.64],[-67.93,65.57],[-67.26,65.65],[-67.34,65.45],[-67.06,65.46],[-67.24,65.34],[-66.92,65.24],[-66.93,65.07],[-66.75,65.18],[-66.7,64.79],[-66.61,65.04],[-66.12,64.87],[-66.17,64.69],[-66.02,64.86],[-65.86,64.67],[-65.92,64.89],[-65.67,64.83],[-65.53,64.72],[-65.68,64.49],[-65.09,64.5],[-65.2,64.29],[-65.43,64.27],[-65.05,63.99],[-64.61,63.97],[-64.96,63.81],[-64.51,63.69],[-64.47,63.27],[-64.63,63.23],[-64.85,63.55],[-65.07,63.56],[-64.88,63.27],[-64.97,63.18],[-64.76,63.13],[-64.76,62.96],[-64.6,62.92],[-64.85,62.87],[-65.12,63.0],[-65.19,62.9],[-64.93,62.66],[-65.15,62.56],[-65.35,62.69],[-65.34,62.87],[-65.54,62.8],[-66.52,63.15],[-66.53,63.0],[-66.69,63.05],[-66.75,63.2],[-67.14,63.27],[-67.67,63.65],[-67.81,63.66],[-67.67,63.37],[-68.43,63.73],[-68.93,63.76],[-68.09,63.15],[-67.61,63.09],[-67.01,62.68],[-66.6,62.61],[-66.49,62.42],[-66.34,62.44],[-66.37,62.29],[-66.21,62.35],[-65.89,62.2],[-66.01,62.05],[-66.14,62.1],[-65.95,61.88],[-66.26,61.86],[-67.37,62.15],[-68.54,62.25],[-69.42,62.54],[-69.59,62.65],[-69.49,62.78],[-70.16,62.74],[-71.12,62.99],[-71.06,63.08],[-71.2,63.0],[-71.63,63.14],[-71.74,63.32],[-72.12,63.44],[-71.6,63.41],[-71.3,63.53],[-71.37,63.61],[-71.55,63.57],[-71.56,63.68],[-71.81,63.77],[-71.89,63.64],[-72.56,63.78],[-72.62,64.02],[-72.96,64.05],[-72.9,64.17],[-73.14,64.29],[-73.38,64.28],[-73.34,64.39],[-73.49,64.4],[-73.41,64.52],[-73.54,64.33],[-73.66,64.33],[-73.6,64.5],[-73.88,64.59],[-73.77,64.47],[-74.13,64.33],[-74.07,64.74],[-74.22,64.57],[-74.5,64.62],[-74.58,64.4],[-75.76,64.6],[-75.6,64.45],[-75.78,64.46],[-75.69,64.37],[-76.71,64.29],[-76.66,64.19],[-77.75,64.33],[-78.19,64.57],[-78.29,64.7],[-78.08,64.82],[-78.14,64.96],[-77.33,65.17],[-77.52,65.32],[-77.36,65.47],[-75.25,65.25],[-75.11,65.26],[-75.1,65.39],[-74.74,65.44],[-74.53,65.33],[-74.14,65.54],[-73.52,65.46],[-73.71,65.75],[-74.46,66.16],[-73.02,66.72],[-72.82,67.02],[-72.33,67.11],[-72.21,67.27],[-72.66,67.68],[-72.58,67.77],[-72.94,67.93],[-73.0,68.24],[-73.65,68.25],[-73.97,68.42],[-73.72,68.53],[-73.8,68.69],[-74.17,68.73],[-73.89,68.56],[-74.23,68.52],[-74.97,68.82],[-74.7,68.93],[-75.15,68.89],[-75.49,69.02],[-75.63,68.87],[-76.63,68.69],[-76.52,68.86],[-76.63,69.02],[-75.61,69.07],[-75.59,69.23],[-76.4,69.41],[-76.65,69.56],[-76.55,69.64],[-76.72,69.56],[-77.19,69.65],[-76.81,69.72],[-76.94,69.81],[-77.47,69.87],[-77.62,69.75],[-77.68,70.2],[-78.37,70.21],[-78.5,70.36],[-79.09,70.54],[-79.17,70.42],[-79.56,70.41],[-78.92,70.31],[-78.65,69.98],[-78.8,69.89],[-79.68,69.86],[-79.93,70.02],[-81.73,70.12],[-80.75,69.77],[-80.92,69.72],[-82.24,70.15],[-81.72,69.94],[-82.13,69.79],[-83.07,70.02],[-83.65,69.96],[-85.35,70.11],[-85.57,70.09],[-85.23,69.99],[-85.82,70.01],[-86.56,70.24],[-86.53,70.44],[-86.87,70.32],[-86.99,70.47],[-87.14,70.39],[-86.98,70.29],[-87.75,70.34],[-87.61,70.29],[-87.93,70.25],[-88.85,70.53],[-89.42,70.91],[-89.19,70.97],[-89.51,71.09],[-88.05,70.94],[-87.29,71.03],[-87.86,71.27],[-89.87,71.35],[-90.03,71.52],[-89.8,71.77],[-90.11,71.93]],[[-86.6,70.98],[-86.27,71.01],[-85.52,71.17],[-85.94,71.19],[-86.6,70.98]]],[[[-91.91,81.63],[-90.57,81.88],[-89.62,81.91],[-89.33,81.81],[-89.17,81.89],[-89.36,81.92],[-88.02,82.1],[-87.34,82.07],[-87.11,82.0],[-87.23,81.97],[-87.18,81.94],[-86.26,82.05],[-84.96,81.92],[-84.95,82.02],[-86.85,82.2],[-85.57,82.23],[-85.41,82.28],[-85.5,82.41],[-85.81,82.43],[-85.22,82.48],[-83.66,82.35],[-82.95,82.17],[-82.92,82.07],[-82.62,82.09],[-82.99,82.27],[-82.61,82.28],[-79.54,81.88],[-79.86,82.02],[-82.68,82.39],[-82.5,82.5],[-81.76,82.51],[-82.36,82.61],[-82.14,82.67],[-80.33,82.46],[-81.55,82.8],[-80.34,82.78],[-80.0,82.66],[-79.78,82.73],[-80.34,82.9],[-79.78,82.95],[-77.1,82.86],[-75.97,82.6],[-76.04,82.5],[-75.52,82.6],[-77.5,83.04],[-76.87,83.09],[-74.29,83.01],[-72.57,82.69],[-72.65,82.59],[-72.43,82.7],[-73.63,82.94],[-71.59,83.1],[-71.73,83.01],[-70.92,82.89],[-71.43,83.01],[-69.76,83.11],[-68.87,82.96],[-66.32,82.93],[-68.55,82.63],[-65.73,82.85],[-65.42,82.78],[-64.83,82.91],[-64.43,82.76],[-63.55,82.83],[-63.44,82.77],[-63.59,82.67],[-62.94,82.57],[-63.07,82.45],[-62.23,82.53],[-61.09,82.32],[-62.32,82.01],[-64.36,81.72],[-68.64,81.63],[-68.34,81.52],[-66.6,81.52],[-69.99,81.17],[-64.42,81.49],[-67.51,80.93],[-69.54,80.36],[-70.21,80.34],[-70.19,80.43],[-70.6,80.52],[-70.33,80.41],[-70.43,80.34],[-69.9,80.26],[-70.11,80.19],[-71.61,80.1],[-72.29,80.21],[-71.83,80.11],[-72.14,80.06],[-70.45,80.09],[-71.38,79.93],[-70.85,79.89],[-71.1,79.78],[-72.24,79.65],[-74.29,79.89],[-74.77,79.83],[-73.3,79.77],[-73.09,79.55],[-73.95,79.55],[-73.9,79.47],[-74.18,79.43],[-74.96,79.51],[-74.86,79.41],[-75.09,79.37],[-77.08,79.55],[-77.16,79.52],[-75.86,79.35],[-76.85,79.35],[-77.12,79.46],[-77.3,79.44],[-77.16,79.32],[-77.93,79.37],[-77.29,79.25],[-74.5,79.23],[-74.76,79.17],[-74.39,79.05],[-76.78,79.19],[-76.05,79.1],[-77.65,79.04],[-78.22,78.83],[-77.64,78.98],[-75.72,78.97],[-75.92,78.9],[-74.71,78.82],[-74.67,78.71],[-74.83,78.68],[-74.57,78.59],[-76.14,78.52],[-75.0,78.33],[-75.48,78.21],[-76.87,78.21],[-75.57,78.12],[-75.87,77.96],[-78.48,77.97],[-77.74,77.61],[-78.32,77.38],[-80.03,77.27],[-81.64,77.56],[-81.77,77.44],[-81.15,77.33],[-82.13,77.31],[-81.81,77.16],[-81.1,77.29],[-80.06,77.2],[-80.32,77.08],[-79.71,77.24],[-79.28,77.22],[-79.01,77.1],[-79.41,76.92],[-78.87,76.94],[-78.95,76.85],[-78.75,76.81],[-78.09,77.02],[-77.73,76.82],[-77.8,76.65],[-78.39,76.46],[-78.81,76.58],[-79.34,76.31],[-81.05,76.13],[-81.1,76.22],[-80.76,76.42],[-81.24,76.55],[-82.09,76.52],[-82.02,76.58],[-82.13,76.62],[-82.25,76.52],[-82.14,76.44],[-82.79,76.38],[-83.39,76.67],[-83.16,76.42],[-83.7,76.42],[-84.18,76.64],[-84.25,76.54],[-84.14,76.48],[-84.64,76.43],[-85.15,76.66],[-84.97,76.42],[-84.39,76.32],[-85.24,76.28],[-86.36,76.38],[-86.37,76.51],[-86.61,76.48],[-86.67,76.35],[-87.11,76.38],[-87.44,76.46],[-87.54,76.63],[-87.41,76.35],[-88.38,76.39],[-88.51,76.81],[-88.69,76.72],[-88.49,76.56],[-88.6,76.4],[-88.71,76.41],[-88.68,76.6],[-88.9,76.41],[-89.67,76.57],[-89.43,76.67],[-89.53,76.85],[-89.41,76.89],[-88.26,77.13],[-87.47,77.1],[-87.13,77.25],[-87.24,77.31],[-87.1,77.37],[-87.73,77.36],[-87.72,77.54],[-88.23,77.66],[-88.12,77.81],[-88.22,77.85],[-86.42,77.84],[-85.94,77.71],[-85.74,77.43],[-84.53,77.3],[-84.61,77.39],[-83.68,77.37],[-83.84,77.46],[-83.23,77.57],[-82.57,77.91],[-82.59,78.02],[-82.35,78.06],[-82.75,78.03],[-82.76,77.92],[-83.4,77.61],[-83.9,77.49],[-84.78,77.52],[-84.86,77.58],[-84.75,77.63],[-85.29,77.67],[-85.19,77.8],[-85.41,77.84],[-85.26,77.9],[-85.69,77.93],[-85.01,78.06],[-84.78,78.53],[-85.0,78.29],[-85.45,78.1],[-86.28,78.08],[-85.93,78.24],[-85.86,78.37],[-86.7,78.12],[-87.53,78.14],[-87.38,78.2],[-87.52,78.23],[-87.52,78.4],[-87.05,78.55],[-86.85,78.74],[-85.07,78.92],[-83.69,78.83],[-82.36,78.57],[-82.28,78.6],[-82.57,78.74],[-83.27,78.83],[-81.73,78.85],[-81.6,79.02],[-82.54,78.89],[-84.7,79.02],[-84.78,79.07],[-84.5,79.15],[-83.91,79.04],[-83.43,79.05],[-84.33,79.19],[-84.5,79.42],[-85.14,79.65],[-86.45,79.78],[-86.39,79.97],[-85.78,79.96],[-86.49,80.02],[-86.62,80.12],[-86.49,80.3],[-83.76,80.25],[-82.1,79.86],[-81.62,79.58],[-79.87,79.65],[-79.8,79.69],[-81.52,79.72],[-81.67,79.9],[-81.52,79.95],[-83.19,80.32],[-78.26,80.56],[-79.99,80.61],[-76.5,80.85],[-78.97,80.88],[-78.86,80.94],[-78.96,80.98],[-78.43,81.16],[-76.82,81.45],[-78.26,81.3],[-78.7,81.14],[-78.61,81.12],[-79.17,81.15],[-79.03,81.09],[-79.46,80.85],[-80.94,80.66],[-83.16,80.56],[-81.82,80.81],[-81.94,80.84],[-83.75,80.73],[-83.66,80.62],[-83.79,80.54],[-85.16,80.51],[-86.71,80.6],[-85.68,80.97],[-83.44,81.12],[-85.67,81.04],[-87.48,80.62],[-89.42,80.9],[-86.7,81.0],[-84.78,81.29],[-89.69,81.01],[-90.28,81.17],[-89.36,81.21],[-89.93,81.33],[-88.13,81.55],[-90.38,81.36],[-90.82,81.44],[-89.83,81.61],[-90.67,81.67],[-91.39,81.51],[-91.91,81.63]]],[[[-119.12,71.79],[-118.58,72.17],[-118.09,72.24],[-118.11,72.34],[-118.55,72.4],[-118.17,72.64],[-117.31,72.93],[-114.47,73.38],[-113.93,73.13],[-114.02,72.98],[-113.94,72.82],[-114.62,72.61],[-114.37,72.56],[-113.43,72.67],[-113.61,72.78],[-113.0,73.01],[-111.19,72.73],[-111.26,72.56],[-111.86,72.35],[-111.52,72.31],[-111.59,72.37],[-111.23,72.47],[-111.34,72.35],[-111.08,72.34],[-110.69,72.58],[-109.8,72.49],[-110.29,72.68],[-110.18,72.68],[-110.2,72.82],[-110.72,72.97],[-109.64,72.94],[-108.89,72.67],[-109.0,72.57],[-108.58,72.55],[-108.64,72.33],[-108.49,72.14],[-108.37,72.16],[-108.39,72.01],[-108.15,71.96],[-108.27,71.8],[-107.8,71.61],[-107.82,71.73],[-107.25,71.92],[-107.76,72.15],[-107.84,72.3],[-107.71,72.32],[-107.94,72.51],[-107.85,72.58],[-107.99,72.64],[-108.26,73.12],[-107.98,73.21],[-108.11,73.31],[-107.02,73.17],[-107.07,73.28],[-106.85,73.31],[-105.44,72.92],[-106.44,73.4],[-107.01,73.49],[-106.64,73.69],[-105.11,73.76],[-104.45,73.55],[-104.7,73.19],[-105.42,72.85],[-105.31,72.74],[-105.44,72.71],[-105.28,72.66],[-105.26,72.44],[-104.8,71.88],[-104.3,71.6],[-104.27,71.36],[-104.47,71.35],[-104.39,71.18],[-104.6,71.11],[-103.51,70.59],[-102.73,70.52],[-101.88,70.26],[-101.66,70.31],[-101.51,70.11],[-101.0,70.2],[-100.85,69.81],[-100.96,69.67],[-101.31,69.68],[-101.41,69.91],[-101.65,69.65],[-102.21,69.92],[-102.32,69.76],[-102.63,69.75],[-102.48,69.7],[-102.53,69.55],[-102.79,69.53],[-103.44,69.71],[-103.12,69.44],[-102.99,69.49],[-103.0,69.27],[-102.29,69.52],[-101.96,69.46],[-102.07,69.33],[-101.71,69.16],[-101.79,69.0],[-102.9,68.8],[-104.36,68.96],[-105.12,68.9],[-105.24,68.96],[-104.9,69.08],[-106.38,69.18],[-106.31,69.4],[-106.6,69.5],[-107.36,69.01],[-108.51,68.94],[-109.07,68.72],[-113.2,68.46],[-113.05,68.53],[-113.67,68.83],[-113.55,69.01],[-113.66,69.2],[-116.5,69.41],[-116.59,69.56],[-117.21,69.76],[-117.39,69.99],[-115.1,70.29],[-112.54,70.2],[-111.5,70.34],[-113.82,70.72],[-115.58,70.57],[-117.56,70.6],[-118.41,71.0],[-117.81,71.17],[-115.88,71.37],[-116.2,71.43],[-115.51,71.54],[-117.35,71.39],[-117.54,71.5],[-117.62,71.46],[-117.51,71.38],[-118.15,71.38],[-118.31,71.47],[-117.78,71.58],[-117.92,71.68],[-118.89,71.59],[-119.12,71.79]]],[[[-126.01,71.97],[-125.74,72.01],[-125.67,72.25],[-124.99,72.57],[-125.1,72.64],[-124.97,72.77],[-125.12,72.88],[-124.5,72.94],[-124.87,73.1],[-123.79,73.76],[-124.19,73.88],[-124.73,74.35],[-121.47,74.56],[-119.68,74.24],[-119.67,74.15],[-119.08,74.21],[-119.15,74.0],[-118.82,74.07],[-118.87,74.16],[-118.77,74.21],[-117.62,74.25],[-115.29,73.48],[-119.12,72.64],[-119.29,72.37],[-120.17,72.23],[-120.17,72.09],[-120.46,71.95],[-120.37,71.7],[-120.53,71.53],[-121.31,71.38],[-121.71,71.46],[-122.79,71.09],[-123.22,71.11],[-123.62,71.49],[-124.18,71.74],[-125.27,71.98],[-126.01,71.97]]],[[[-96.74,80.09],[-94.66,80.03],[-94.78,80.09],[-94.41,80.19],[-95.33,80.12],[-95.7,80.17],[-95.46,80.2],[-95.57,80.25],[-95.91,80.19],[-96.63,80.33],[-95.48,80.34],[-96.04,80.49],[-95.89,80.51],[-95.96,80.58],[-95.38,80.61],[-96.1,80.68],[-95.09,80.7],[-94.76,80.56],[-93.8,80.51],[-94.61,80.68],[-94.31,80.75],[-95.49,80.81],[-95.24,81.0],[-94.88,81.06],[-94.39,80.95],[-93.97,81.03],[-94.35,81.09],[-94.26,81.11],[-93.05,81.15],[-94.37,81.27],[-93.26,81.37],[-91.8,81.16],[-91.76,81.05],[-91.11,80.77],[-90.55,80.64],[-90.73,80.55],[-89.06,80.48],[-89.04,80.33],[-89.18,80.28],[-88.76,80.12],[-88.28,80.13],[-88.67,80.28],[-88.6,80.39],[-87.6,80.41],[-87.55,80.18],[-88.0,80.11],[-87.25,80.08],[-87.0,79.94],[-87.24,79.87],[-86.94,79.92],[-87.14,79.64],[-87.42,79.53],[-86.36,79.65],[-86.02,79.57],[-86.13,79.46],[-86.04,79.44],[-85.7,79.62],[-84.88,79.27],[-86.7,78.96],[-86.95,79.06],[-86.98,78.89],[-87.6,78.64],[-88.0,78.79],[-87.9,79.01],[-88.16,79.0],[-88.24,78.81],[-87.88,78.56],[-88.19,78.45],[-88.73,78.6],[-88.53,78.4],[-88.81,78.15],[-89.98,78.61],[-90.1,78.59],[-90.06,78.49],[-89.46,78.15],[-90.25,78.34],[-90.67,78.32],[-90.31,78.28],[-90.34,78.14],[-92.05,78.2],[-92.98,78.48],[-91.94,78.57],[-93.3,78.58],[-93.82,78.77],[-93.06,78.76],[-94.3,78.98],[-93.33,79.17],[-92.09,79.15],[-90.84,79.24],[-92.27,79.21],[-92.67,79.25],[-91.79,79.33],[-93.09,79.49],[-92.95,79.39],[-93.35,79.34],[-93.32,79.45],[-94.01,79.26],[-94.25,79.27],[-94.06,79.38],[-94.37,79.43],[-95.12,79.28],[-95.3,79.4],[-95.74,79.41],[-95.73,79.54],[-94.54,79.63],[-94.34,79.75],[-95.9,79.65],[-96.64,79.88],[-96.47,79.93],[-96.74,80.09]]],[[[-96.97,76.74],[-96.56,76.78],[-96.88,76.89],[-96.8,76.98],[-95.69,77.07],[-93.72,76.92],[-93.18,76.75],[-93.3,76.55],[-93.63,76.45],[-93.62,76.42],[-93.11,76.62],[-90.99,76.65],[-90.47,76.47],[-91.1,76.46],[-89.19,76.25],[-91.29,76.17],[-90.19,76.06],[-90.79,76.01],[-89.94,76.01],[-89.67,75.89],[-89.73,75.8],[-89.16,75.77],[-89.33,75.6],[-88.92,75.43],[-88.75,75.46],[-88.93,75.61],[-88.76,75.69],[-88.18,75.5],[-87.73,75.58],[-87.48,75.47],[-87.55,75.56],[-87.31,75.62],[-86.34,75.39],[-83.99,75.82],[-81.15,75.77],[-81.29,75.66],[-80.27,75.63],[-79.93,75.54],[-80.28,75.46],[-79.57,75.46],[-79.48,75.38],[-79.59,75.29],[-79.45,75.28],[-79.51,75.22],[-80.39,75.02],[-79.58,75.02],[-79.34,74.89],[-80.24,74.86],[-80.17,74.72],[-80.33,74.58],[-81.75,74.47],[-82.93,74.56],[-83.13,74.69],[-83.12,74.83],[-83.51,74.9],[-83.31,74.78],[-83.44,74.59],[-84.32,74.5],[-84.9,74.5],[-85.02,74.66],[-85.05,74.52],[-85.37,74.5],[-85.51,74.67],[-85.53,74.51],[-85.96,74.48],[-86.13,74.48],[-86.19,74.61],[-86.45,74.48],[-86.78,74.59],[-86.61,74.47],[-88.55,74.5],[-88.44,74.74],[-88.56,74.91],[-88.84,74.66],[-88.98,74.79],[-89.15,74.61],[-89.58,74.54],[-91.03,74.71],[-90.79,74.88],[-91.21,74.74],[-91.12,74.63],[-91.46,74.64],[-92.07,74.8],[-92.02,74.9],[-92.26,75.07],[-92.05,75.11],[-92.51,75.22],[-92.42,75.44],[-92.02,75.67],[-92.14,75.88],[-92.67,76.02],[-92.66,76.13],[-93.09,76.36],[-95.4,76.23],[-95.06,76.35],[-95.83,76.4],[-96.13,76.51],[-96.06,76.58],[-96.97,76.74]]],[[[-117.67,75.26],[-117.26,75.47],[-115.3,75.61],[-115.17,75.69],[-117.22,75.6],[-116.81,75.8],[-114.93,75.87],[-116.73,75.9],[-116.46,75.98],[-116.66,76.04],[-116.61,76.12],[-116.2,76.2],[-115.0,76.17],[-115.9,76.29],[-114.89,76.52],[-114.17,76.48],[-113.95,76.2],[-112.98,76.27],[-112.4,76.18],[-112.47,76.11],[-112.37,76.04],[-111.68,75.92],[-112.11,75.81],[-111.44,75.85],[-111.23,75.52],[-108.9,75.48],[-109.05,75.55],[-108.83,75.61],[-108.92,75.71],[-110.05,75.9],[-109.32,76.12],[-110.42,76.36],[-109.71,76.51],[-109.83,76.54],[-109.12,76.83],[-108.39,76.73],[-108.65,76.64],[-108.48,76.56],[-108.55,76.42],[-108.03,76.28],[-108.35,76.18],[-108.39,76.05],[-107.61,76.0],[-107.99,75.78],[-107.73,75.9],[-107.04,75.9],[-106.89,75.67],[-106.77,75.81],[-106.87,75.98],[-106.54,76.07],[-105.62,75.96],[-105.35,75.68],[-105.66,75.51],[-105.62,75.37],[-106.05,75.12],[-106.0,75.05],[-108.35,74.92],[-108.79,74.99],[-108.51,74.99],[-108.79,75.08],[-109.53,74.86],[-110.32,74.84],[-111.28,74.57],[-112.7,74.41],[-113.69,74.45],[-114.45,74.68],[-112.85,74.98],[-111.68,74.99],[-110.94,75.25],[-112.39,75.13],[-112.62,75.27],[-112.68,75.14],[-113.91,75.05],[-113.79,75.33],[-113.44,75.41],[-114.03,75.47],[-114.17,75.22],[-114.41,75.28],[-114.28,75.18],[-114.38,75.09],[-115.04,74.96],[-115.18,75.0],[-115.23,75.19],[-115.58,75.11],[-115.51,75.03],[-115.69,74.97],[-116.25,75.06],[-116.14,75.1],[-116.3,75.11],[-116.24,75.21],[-116.68,75.12],[-117.67,75.26]]],[[[-59.41,47.9],[-58.44,48.45],[-58.72,48.56],[-59.27,48.47],[-58.78,48.78],[-58.97,48.62],[-58.71,48.57],[-58.41,49.13],[-58.15,49.06],[-58.06,49.2],[-58.22,49.24],[-58.23,49.39],[-57.92,49.55],[-57.97,49.68],[-57.31,50.63],[-57.41,50.7],[-56.99,50.87],[-57.1,51.02],[-56.93,51.01],[-56.72,51.33],[-55.89,51.63],[-55.86,51.5],[-55.71,51.49],[-55.64,51.61],[-55.42,51.56],[-55.6,51.3],[-56.09,51.35],[-56.02,51.2],[-55.77,51.22],[-55.73,51.09],[-56.09,50.72],[-56.18,50.78],[-56.11,50.67],[-56.76,50.02],[-56.88,49.77],[-56.82,49.62],[-56.16,50.16],[-56.13,49.98],[-55.48,49.97],[-56.05,49.7],[-55.85,49.69],[-55.94,49.53],[-55.68,49.4],[-55.39,49.5],[-55.4,49.38],[-55.28,49.36],[-55.34,49.54],[-55.16,49.54],[-55.23,49.24],[-55.1,49.36],[-54.9,49.29],[-54.86,49.42],[-54.81,49.3],[-54.73,49.39],[-54.91,49.58],[-54.71,49.56],[-54.75,49.68],[-54.54,49.67],[-54.76,49.49],[-54.47,49.57],[-54.48,49.3],[-54.38,49.44],[-54.07,49.48],[-53.51,49.28],[-53.6,49.04],[-53.99,48.86],[-53.84,48.83],[-53.86,48.71],[-53.62,48.68],[-54.0,48.41],[-53.64,48.54],[-53.54,48.46],[-53.45,48.62],[-53.26,48.52],[-53.09,48.7],[-53.0,48.55],[-53.56,48.23],[-53.55,48.09],[-53.67,48.08],[-53.86,47.7],[-53.56,47.53],[-53.3,48.01],[-52.94,48.17],[-52.85,48.1],[-53.19,47.75],[-53.19,47.53],[-53.12,47.42],[-52.92,47.54],[-52.78,47.81],[-52.62,47.52],[-52.95,46.78],[-53.09,46.65],[-53.29,46.74],[-53.53,46.61],[-53.65,46.7],[-53.58,47.17],[-54.06,46.79],[-54.2,46.82],[-53.86,47.42],[-54.01,47.81],[-54.17,47.87],[-54.52,47.37],[-54.86,47.38],[-55.26,46.92],[-55.81,46.84],[-55.97,47.0],[-55.49,47.14],[-55.27,47.41],[-54.88,47.62],[-55.4,47.69],[-55.41,47.48],[-55.6,47.4],[-55.63,47.54],[-55.93,47.44],[-55.83,47.56],[-56.19,47.5],[-55.84,47.59],[-55.93,47.66],[-55.83,47.8],[-56.86,47.53],[-57.92,47.71],[-58.36,47.65],[-58.33,47.75],[-58.42,47.64],[-59.17,47.57],[-59.31,47.63],[-59.41,47.9]]],[[[-102.75,72.8],[-102.52,73.02],[-102.23,73.09],[-101.77,73.01],[-101.27,72.71],[-100.42,72.74],[-100.31,72.82],[-100.49,72.96],[-100.36,73.06],[-100.38,72.97],[-100.23,72.95],[-100.32,72.88],[-100.06,72.89],[-100.19,73.1],[-100.59,73.15],[-100.35,73.3],[-100.11,73.25],[-100.27,73.37],[-100.83,73.27],[-101.62,73.5],[-100.92,73.61],[-101.13,73.74],[-100.98,73.82],[-100.28,73.82],[-100.26,73.92],[-99.95,73.95],[-99.18,73.69],[-97.75,73.92],[-97.18,73.85],[-96.93,73.69],[-97.65,73.49],[-97.19,73.48],[-97.16,73.36],[-97.83,73.28],[-98.43,72.95],[-97.83,73.05],[-97.28,72.97],[-97.3,72.86],[-97.01,72.75],[-97.14,72.61],[-96.53,72.76],[-96.27,72.41],[-96.64,72.31],[-96.46,72.11],[-96.7,72.05],[-96.46,72.04],[-96.53,71.84],[-97.5,71.62],[-98.19,71.65],[-98.36,71.74],[-98.32,71.85],[-98.49,71.74],[-98.04,71.53],[-98.69,71.28],[-99.22,71.35],[-99.37,71.58],[-100.61,72.19],[-100.93,72.17],[-101.21,72.35],[-101.46,72.24],[-101.79,72.3],[-101.95,72.5],[-102.75,72.8]]],[[[-87.22,63.66],[-86.91,63.91],[-86.18,64.09],[-86.36,64.3],[-86.39,64.59],[-86.14,64.92],[-86.13,65.42],[-85.97,65.73],[-85.52,65.92],[-85.45,65.79],[-85.14,65.76],[-85.03,65.6],[-85.26,65.54],[-85.0,65.42],[-84.9,65.21],[-84.48,65.47],[-84.13,65.34],[-84.19,65.26],[-84.08,65.2],[-83.4,65.14],[-83.18,64.93],[-81.82,64.54],[-81.59,64.13],[-81.99,63.98],[-81.39,64.08],[-80.93,63.97],[-80.91,64.12],[-80.54,63.98],[-80.53,63.86],[-80.15,63.78],[-81.0,63.44],[-82.46,63.67],[-82.53,63.74],[-82.36,63.89],[-83.07,63.94],[-83.14,64.01],[-82.95,64.13],[-83.11,64.17],[-83.65,64.01],[-83.6,63.76],[-84.28,63.61],[-84.58,63.29],[-85.29,63.11],[-85.61,63.18],[-85.62,63.68],[-86.94,63.55],[-87.22,63.66]]],[[[-122.96,76.19],[-122.46,76.39],[-121.52,76.45],[-121.2,76.69],[-120.38,76.81],[-120.41,76.88],[-119.15,77.33],[-117.87,77.39],[-117.05,77.3],[-117.17,77.35],[-116.69,77.38],[-117.08,77.48],[-116.42,77.56],[-115.35,77.32],[-116.24,77.2],[-116.2,77.04],[-115.72,76.95],[-116.33,76.94],[-115.86,76.7],[-116.06,76.62],[-116.97,76.56],[-116.94,76.35],[-117.47,76.27],[-118.05,76.42],[-117.74,76.81],[-118.29,76.78],[-118.43,76.7],[-118.31,76.56],[-118.93,76.52],[-118.54,76.34],[-118.9,76.27],[-118.85,76.18],[-119.1,76.09],[-119.52,76.35],[-119.66,76.26],[-119.54,76.17],[-119.65,76.16],[-119.49,75.97],[-119.91,75.85],[-120.47,75.83],[-120.4,75.99],[-120.67,76.01],[-120.69,76.16],[-120.86,76.21],[-121.04,76.08],[-120.91,75.96],[-121.29,75.91],[-121.88,76.06],[-122.59,75.94],[-122.71,76.02],[-122.47,76.12],[-122.96,76.19]]],[[[-102.87,75.63],[-102.26,75.72],[-102.19,75.78],[-102.37,75.81],[-102.15,75.88],[-101.55,75.84],[-101.61,75.93],[-101.46,75.99],[-101.92,76.1],[-101.72,76.21],[-102.17,76.24],[-101.9,76.45],[-101.28,76.41],[-101.05,76.33],[-101.09,76.24],[-100.38,76.12],[-100.5,76.08],[-99.91,75.88],[-99.69,75.95],[-100.24,76.13],[-99.84,76.17],[-100.5,76.26],[-100.05,76.33],[-100.99,76.5],[-99.65,76.63],[-99.13,76.5],[-99.25,76.45],[-99.11,76.4],[-98.87,76.46],[-99.03,76.6],[-98.46,76.68],[-97.67,76.49],[-97.76,76.32],[-97.47,76.13],[-97.64,75.99],[-97.55,75.87],[-97.85,75.74],[-97.37,75.69],[-97.39,75.46],[-97.26,75.4],[-97.76,75.56],[-97.89,75.31],[-97.57,75.14],[-97.95,75.14],[-97.95,75.03],[-100.08,74.99],[-100.54,75.19],[-100.24,75.31],[-100.78,75.36],[-99.79,75.59],[-99.82,75.69],[-102.62,75.5],[-102.87,75.63]]],[[[-105.65,79.17],[-105.44,79.34],[-103.97,79.37],[-102.86,79.23],[-102.63,79.1],[-102.7,78.96],[-102.55,78.87],[-102.38,79.02],[-101.59,79.07],[-100.96,78.94],[-101.16,78.81],[-100.36,78.84],[-99.86,78.69],[-99.99,78.63],[-99.48,78.59],[-99.82,78.45],[-99.77,78.31],[-98.92,78.06],[-99.16,77.84],[-99.9,77.78],[-100.59,77.87],[-101.04,78.19],[-102.61,78.24],[-102.81,78.29],[-102.7,78.36],[-102.77,78.4],[-104.43,78.27],[-105.02,78.5],[-104.72,78.58],[-103.51,78.5],[-103.45,78.62],[-104.01,78.62],[-103.34,78.75],[-104.21,78.78],[-103.87,78.89],[-104.13,78.98],[-105.0,78.8],[-104.69,79.02],[-105.57,79.02],[-105.65,79.17]]],[[[-128.43,50.78],[-127.91,50.87],[-127.07,50.58],[-125.45,50.33],[-125.17,49.91],[-124.86,49.71],[-124.79,49.47],[-123.96,49.24],[-123.59,48.85],[-123.51,48.57],[-123.4,48.69],[-123.26,48.45],[-123.65,48.31],[-125.1,48.72],[-125.21,48.78],[-125.02,48.95],[-125.14,49.01],[-125.54,48.92],[-125.88,49.09],[-125.9,49.15],[-125.77,49.1],[-125.67,49.18],[-126.01,49.24],[-125.94,49.36],[-126.06,49.34],[-126.05,49.44],[-126.54,49.38],[-126.47,49.67],[-126.62,49.73],[-126.62,49.59],[-126.83,49.62],[-126.96,49.86],[-127.26,49.97],[-127.16,50.1],[-127.91,50.11],[-127.79,50.23],[-127.98,50.32],[-127.94,50.47],[-128.22,50.54],[-128.43,50.78]]],[[[-80.89,73.39],[-80.76,73.5],[-80.89,73.61],[-80.77,73.68],[-80.84,73.75],[-78.14,73.67],[-77.13,73.48],[-76.71,73.33],[-76.56,73.22],[-76.61,73.14],[-76.25,73.09],[-76.32,72.96],[-76.05,72.91],[-76.38,72.82],[-78.26,72.9],[-79.57,72.76],[-80.0,72.87],[-80.18,73.05],[-80.13,73.22],[-80.89,73.39]]],[[[-97.31,68.53],[-98.09,68.68],[-98.34,68.86],[-98.43,68.75],[-98.67,68.79],[-98.96,68.97],[-99.18,68.84],[-99.54,69.03],[-99.41,69.15],[-98.37,69.31],[-98.58,69.44],[-98.57,69.56],[-98.13,69.48],[-98.34,69.61],[-98.29,69.73],[-97.92,69.9],[-97.38,69.76],[-97.37,69.6],[-97.22,69.7],[-96.26,69.35],[-96.14,69.28],[-96.15,69.05],[-96.02,69.24],[-95.82,68.89],[-95.16,68.87],[-95.53,68.67],[-95.76,68.75],[-95.81,68.62],[-96.26,68.47],[-97.07,68.6],[-97.31,68.53]]],[[[-96.63,75.0],[-96.44,75.21],[-95.96,75.39],[-96.14,75.41],[-95.71,75.41],[-95.83,75.48],[-94.91,75.64],[-93.64,75.36],[-93.48,75.26],[-93.56,75.2],[-93.39,74.92],[-93.49,74.68],[-94.54,74.63],[-96.63,75.0]]],[[[-98.42,78.51],[-98.08,78.56],[-98.4,78.77],[-97.51,78.8],[-96.17,78.63],[-96.27,78.52],[-94.83,78.37],[-95.33,78.25],[-94.9,78.11],[-95.11,77.95],[-96.85,77.79],[-97.8,78.03],[-96.94,78.14],[-97.95,78.22],[-97.83,78.26],[-98.42,78.51]]],[[[-77.29,67.73],[-76.95,68.09],[-76.27,68.34],[-75.19,68.25],[-75.0,68.13],[-75.14,67.95],[-75.04,67.6],[-75.18,67.44],[-75.9,67.24],[-76.98,67.24],[-77.22,67.45],[-77.29,67.73]]],[[[-113.32,77.8],[-113.21,77.92],[-111.81,78.06],[-109.55,78.04],[-110.9,77.86],[-110.05,77.78],[-110.06,77.57],[-110.26,77.5],[-112.03,77.33],[-113.2,77.52],[-113.14,77.64],[-113.32,77.8]]],[[[-133.16,53.91],[-133.09,54.18],[-132.21,54.03],[-131.64,54.19],[-131.88,53.77],[-131.97,53.28],[-132.2,53.21],[-131.8,53.25],[-131.61,53.03],[-131.84,53.07],[-131.95,53.02],[-131.6,52.96],[-131.88,52.86],[-131.66,52.81],[-131.81,52.72],[-131.33,52.3],[-131.0,52.21],[-131.26,52.12],[-132.37,52.93],[-132.16,53.0],[-132.53,53.05],[-132.58,53.23],[-132.72,53.25],[-132.64,53.32],[-132.77,53.33],[-132.54,53.41],[-132.89,53.47],[-133.16,53.91]]],[[[-113.32,78.34],[-110.71,78.76],[-109.85,78.67],[-109.22,78.46],[-109.4,78.31],[-110.36,78.28],[-111.24,78.4],[-111.45,78.27],[-112.02,78.39],[-113.32,78.34]]],[[[-83.96,62.43],[-83.3,62.93],[-83.02,62.84],[-82.26,62.99],[-81.87,62.91],[-82.12,62.62],[-83.13,62.17],[-83.32,62.26],[-83.72,62.14],[-83.75,62.31],[-83.96,62.43]]],[[[-64.52,49.86],[-64.15,49.95],[-63.08,49.77],[-61.9,49.35],[-61.67,49.13],[-62.25,49.06],[-63.08,49.23],[-64.52,49.86]]],[[[-96.33,77.6],[-95.47,77.81],[-93.65,77.78],[-93.09,77.67],[-93.79,77.44],[-95.84,77.47],[-96.33,77.6]]],[[[-80.27,61.98],[-79.85,62.39],[-79.6,62.42],[-79.26,62.24],[-79.3,62.02],[-79.68,61.61],[-79.88,61.6],[-80.21,61.8],[-80.27,61.98]]],[[[-91.25,77.57],[-90.22,77.61],[-89.74,77.47],[-89.64,77.33],[-90.37,77.2],[-91.21,77.39],[-91.25,77.57]]],[[[-119.41,75.61],[-118.59,75.93],[-117.45,76.1],[-117.92,75.74],[-118.56,75.5],[-119.41,75.61]]],[[[-106.11,77.73],[-105.4,77.69],[-104.99,77.53],[-105.0,77.41],[-104.75,77.42],[-104.35,77.21],[-104.82,77.12],[-105.44,77.22],[-105.77,77.47],[-105.69,77.52],[-106.11,77.73]]],[[[-82.05,53.01],[-81.82,53.18],[-81.12,53.2],[-80.67,52.73],[-82.05,53.01]]],[[[-100.17,79.92],[-99.81,80.14],[-99.01,80.12],[-98.63,79.79],[-98.83,79.67],[-99.35,79.76],[-99.38,79.87],[-100.17,79.92]]],[[[-104.47,76.16],[-103.0,76.32],[-102.5,76.22],[-103.36,76.04],[-104.47,76.16]]],[[[-104.67,76.56],[-104.11,76.68],[-102.99,76.45],[-103.5,76.32],[-104.37,76.34],[-104.39,76.48],[-104.67,76.56]]],[[[-104.91,75.14],[-104.5,75.41],[-104.22,75.45],[-103.81,75.37],[-103.59,75.17],[-104.23,75.03],[-104.91,75.14]]],[[[-74.78,68.01],[-74.34,68.18],[-74.24,68.06],[-73.51,68.04],[-73.33,67.84],[-74.34,67.76],[-74.78,68.01]]],[[[-115.11,77.95],[-114.33,78.08],[-113.55,77.83],[-114.29,77.71],[-115.11,77.95]]],[[[-80.02,55.89],[-79.54,56.27],[-79.45,56.56],[-79.41,56.44],[-79.59,56.14],[-79.41,56.22],[-79.28,56.62],[-78.92,56.43],[-78.88,56.31],[-79.21,55.86],[-79.14,56.23],[-79.5,55.86],[-79.78,55.78],[-79.51,56.13],[-79.86,55.83],[-80.02,55.89]]],[[[-99.43,73.91],[-98.0,74.11],[-97.62,74.08],[-98.76,73.81],[-99.43,73.91]]],[[[-86.99,68.08],[-86.67,68.31],[-86.41,68.2],[-86.35,67.95],[-86.45,67.78],[-86.67,67.73],[-86.91,67.84],[-86.85,68.02],[-86.99,68.08]]],[[[-79.41,68.92],[-78.59,69.39],[-78.21,69.3],[-78.81,68.92],[-79.21,68.84],[-79.41,68.92]]],[[[-102.52,77.8],[-101.73,77.91],[-100.89,77.74],[-101.8,77.67],[-102.52,77.8]]],[[[-78.53,63.43],[-77.78,63.45],[-77.49,63.24],[-77.95,63.09],[-78.53,63.43]]],[[[-80.81,69.7],[-80.35,69.8],[-79.32,69.72],[-80.04,69.65],[-79.91,69.52],[-80.01,69.49],[-80.81,69.7]]],[[[-90.6,76.74],[-89.89,76.82],[-89.69,76.7],[-89.87,76.59],[-89.68,76.51],[-90.03,76.48],[-90.6,76.74]]],[[[-114.86,76.78],[-114.04,76.9],[-113.44,76.79],[-114.05,76.7],[-114.86,76.78]]],[[[-65.47,61.62],[-65.01,61.7],[-64.63,61.61],[-64.83,61.31],[-65.47,61.62]]],[[[-77.37,69.29],[-77.35,69.41],[-77.11,69.45],[-76.64,69.39],[-77.1,69.13],[-77.37,69.29]]],[[[-85.16,66.0],[-84.91,66.02],[-84.55,65.62],[-84.73,65.54],[-85.09,65.74],[-85.16,66.0]]],[[[-103.39,75.77],[-102.96,75.92],[-101.97,75.95],[-102.57,75.78],[-103.39,75.77]]],[[[-68.44,60.26],[-68.24,60.58],[-67.83,60.46],[-67.97,60.29],[-68.44,60.26]]],[[[-75.41,68.54],[-75.25,68.73],[-75.0,68.68],[-74.72,68.4],[-75.0,68.34],[-75.41,68.54]]],[[[-77.43,63.63],[-77.03,63.68],[-76.54,63.45],[-77.04,63.42],[-77.43,63.63]]],[[[-71.22,62.89],[-70.51,62.78],[-70.17,62.58],[-70.68,62.55],[-70.89,62.75],[-70.77,62.78],[-71.22,62.89]]],[[[-130.58,53.61],[-130.47,53.64],[-130.11,53.51],[-129.77,53.16],[-129.96,53.17],[-130.58,53.61]]],[[[-103.95,75.95],[-102.56,76.09],[-102.26,76.03],[-103.26,75.92],[-103.95,75.95]]],[[[-97.02,75.49],[-96.31,75.66],[-95.91,75.57],[-96.12,75.46],[-96.44,75.55],[-96.82,75.36],[-97.02,75.49]]],[[[-71.36,70.99],[-72.25,70.92],[-71.98,71.06],[-71.36,70.99]]],[[[-86.5,78.9],[-85.84,79.07],[-85.16,79.02],[-85.73,78.94],[-86.5,78.9]]],[[[-78.86,69.48],[-78.18,69.76],[-77.95,69.67],[-78.51,69.49],[-78.86,69.48]]],[[[-95.97,69.37],[-95.8,69.63],[-95.32,69.52],[-95.46,69.35],[-95.71,69.33],[-95.64,69.54],[-95.78,69.59],[-95.81,69.34],[-95.97,69.37]]],[[[-97.13,73.04],[-96.82,73.19],[-96.54,73.04],[-96.88,72.92],[-97.13,73.04]]],[[[-79.76,75.88],[-79.1,76.12],[-78.8,76.09],[-79.14,75.96],[-78.87,75.85],[-79.76,75.88]]],[[[-100.62,69.0],[-100.3,69.02],[-100.12,68.91],[-100.14,68.8],[-100.33,68.71],[-100.6,68.77],[-100.62,69.0]]],[[[-101.7,76.59],[-100.71,76.76],[-100.26,76.75],[-101.33,76.56],[-101.7,76.59]]],[[[-102.33,68.7],[-102.0,68.83],[-101.71,68.79],[-101.67,68.69],[-101.81,68.56],[-102.33,68.7]]],[[[-94.86,75.94],[-94.5,75.99],[-94.28,75.78],[-94.65,75.75],[-94.86,75.94]]],[[[-87.37,70.1],[-86.62,70.12],[-86.45,70.01],[-87.08,70.0],[-87.37,70.1]]],[[[-105.08,68.55],[-104.93,68.6],[-104.6,68.57],[-104.39,68.46],[-104.73,68.42],[-105.08,68.55]]],[[[-130.73,53.94],[-130.42,54.1],[-130.23,53.98],[-130.34,53.83],[-130.62,53.94],[-130.71,53.85],[-130.73,53.94]]],[[[-64.94,62.47],[-64.78,62.56],[-64.34,62.49],[-64.61,62.36],[-64.94,62.47]]],[[[-96.7,69.58],[-96.15,69.59],[-96.05,69.49],[-96.14,69.35],[-96.7,69.58]]],[[[-129.3,52.76],[-128.94,52.62],[-128.94,52.48],[-129.15,52.56],[-129.3,52.76]]],[[[-95.84,74.59],[-95.5,74.65],[-95.23,74.52],[-95.62,74.53],[-95.84,74.59]]]]}},{"type":"Feature","properties":{"iso3":"SPM","name":"Saint-Pierre-et-Miquelon (Fr.)"},"geometry":{"type":"Polygon","coordinates":[[[-56.41,46.83],[-56.33,46.9],[-56.4,47.1],[-56.4,47.1],[-56.34,47.14],[-56.24,46.87],[-56.41,46.83]]]}},{"type":"Feature","properties":{"iso3":"TTO","name":"Trinidad and Tobago"},"geometry":{"type":"Polygon","coordinates":[[[-61.93,10.05],[-61.46,10.3],[-61.43,10.61],[-61.67,10.71],[-60.91,10.84],[-61.03,10.68],[-60.99,10.14],[-61.93,10.05]]]}},{"type":"Feature","properties":{"iso3":"VEN","name":"Republica Bolivariana de Venezuela"},"geometry":{"type":"Polygon","coordinates":[[[-73.37,9.18],[-72.95,9.83],[-72.9,10.45],[-72.5,11.09],[-72.24,11.15],[-71.97,11.65],[-71.33,11.84],[-71.96,11.57],[-71.87,11.22],[-71.6,11.0],[-71.88,11.04],[-71.59,10.66],[-71.63,10.44],[-72.13,9.83],[-71.96,9.51],[-71.71,9.39],[-71.7,9.06],[-71.24,9.15],[-71.06,9.32],[-71.03,9.71],[-71.48,10.39],[-71.59,10.8],[-71.44,10.8],[-71.45,10.97],[-70.2,11.36],[-70.05,11.46],[-70.14,11.57],[-69.76,11.46],[-69.81,11.69],[-70.24,11.63],[-70.21,12.09],[-70.0,12.2],[-69.63,11.47],[-68.83,11.44],[-68.41,11.19],[-68.13,10.49],[-66.23,10.65],[-66.05,10.58],[-66.1,10.49],[-65.82,10.22],[-65.87,10.3],[-65.05,10.06],[-64.75,10.1],[-64.19,10.48],[-63.72,10.48],[-64.06,10.59],[-64.23,10.51],[-64.26,10.66],[-61.86,10.74],[-62.34,10.53],[-62.7,10.61],[-63.04,10.42],[-62.68,10.29],[-62.66,10.08],[-62.51,10.13],[-62.32,9.72],[-62.18,9.89],[-62.24,9.98],[-62.09,9.99],[-61.83,9.76],[-61.49,9.79],[-60.78,9.34],[-61.1,8.95],[-61.22,8.59],[-61.73,8.63],[-61.56,8.72],[-61.45,8.95],[-61.71,8.71],[-62.01,8.65],[-61.29,8.4],[-61.0,8.45],[-60.91,8.59],[-60.22,8.55],[-59.81,8.3],[-60.03,8.03],[-60.53,7.82],[-60.72,7.54],[-60.55,7.14],[-60.29,7.13],[-60.38,6.93],[-60.72,6.76],[-60.91,6.81],[-61.23,6.58],[-61.13,6.19],[-61.39,5.95],[-60.58,4.96],[-60.96,4.55],[-61.31,4.53],[-61.56,4.25],[-61.93,4.12],[-62.45,4.18],[-62.56,4.02],[-62.75,4.03],[-62.73,3.7],[-62.96,3.61],[-63.25,3.96],[-63.43,3.97],[-63.51,3.85],[-63.68,4.01],[-63.68,3.91],[-63.97,3.87],[-64.13,4.11],[-64.61,4.11],[-64.81,4.27],[-64.76,4.06],[-64.12,3.47],[-64.23,3.13],[-64.0,2.77],[-64.06,2.5],[-63.41,2.45],[-63.36,2.27],[-63.43,2.13],[-64.06,1.93],[-64.07,1.65],[-64.34,1.36],[-64.39,1.53],[-64.74,1.23],[-64.81,1.3],[-65.15,1.12],[-65.19,0.93],[-65.33,0.93],[-65.54,0.65],[-65.59,1.0],[-66.31,0.75],[-66.85,1.22],[-67.19,2.36],[-67.61,2.81],[-67.86,2.79],[-67.31,3.38],[-67.5,3.76],[-67.64,3.79],[-67.86,4.53],[-67.86,5.27],[-67.62,5.48],[-67.6,5.83],[-67.41,6.0],[-67.46,6.2],[-67.82,6.33],[-68.02,6.19],[-68.68,6.13],[-69.05,6.22],[-69.29,6.06],[-70.12,6.98],[-70.32,6.93],[-70.69,7.1],[-71.02,6.97],[-72.05,7.04],[-72.19,7.38],[-72.48,7.49],[-72.49,7.94],[-72.36,8.17],[-72.65,8.62],[-72.76,9.1],[-72.95,9.09],[-73.01,9.29],[-73.37,9.18]]]}},{"type":"Feature","properties":{"iso3":"USA","name":"United States of America"},"geometry":{"type":"MultiPolygon","coordinates":[[[[-124.73,48.16],[-124.73,48.38],[-124.6,48.38],[-123.98,48.16],[-123.1,48.19],[-122.85,48.01],[-122.88,48.11],[-122.76,48.14],[-122.48,47.81],[-122.61,47.68],[-122.49,47.51],[-122.58,47.31],[-122.46,47.29],[-122.33,47.36],[-122.4,47.81],[-122.22,48.02],[-122.39,48.23],[-122.47,48.17],[-122.36,48.06],[-122.51,48.13],[-122.53,48.25],[-122.39,48.28],[-122.58,48.42],[-122.51,48.3],[-122.67,48.23],[-122.61,48.21],[-122.54,48.03],[-122.38,48.04],[-122.38,47.9],[-122.55,47.97],[-122.77,48.22],[-122.7,48.49],[-122.48,48.47],[-122.56,48.58],[-122.43,48.6],[-122.53,48.77],[-122.67,48.73],[-122.82,48.94],[-122.76,49.0],[-95.17,49.0],[-95.15,49.38],[-94.96,49.37],[-94.82,49.32],[-94.59,48.72],[-93.84,48.63],[-93.79,48.52],[-92.95,48.63],[-92.63,48.54],[-92.71,48.46],[-92.46,48.41],[-92.37,48.23],[-92.06,48.36],[-91.55,48.05],[-90.89,48.25],[-90.75,48.09],[-89.34,47.97],[-88.37,48.31],[-84.86,46.89],[-84.56,46.46],[-84.13,46.53],[-84.11,46.24],[-83.96,46.06],[-83.57,46.11],[-83.43,46.0],[-83.58,45.81],[-82.52,45.34],[-82.12,43.59],[-82.52,42.61],[-83.08,42.31],[-83.15,42.04],[-83.07,41.86],[-82.68,41.68],[-82.4,41.68],[-81.25,42.21],[-80.08,42.39],[-78.94,42.83],[-79.2,43.45],[-78.69,43.63],[-76.8,43.63],[-76.31,44.2],[-74.99,44.98],[-71.51,45.01],[-71.3,45.3],[-71.14,45.24],[-71.01,45.35],[-70.85,45.24],[-70.8,45.43],[-70.63,45.4],[-70.69,45.57],[-70.26,45.89],[-70.29,46.19],[-70.06,46.42],[-70.0,46.7],[-69.22,47.46],[-69.04,47.43],[-69.05,47.26],[-68.9,47.18],[-68.23,47.36],[-67.79,47.07],[-67.81,45.7],[-67.43,45.58],[-67.48,45.27],[-67.36,45.13],[-67.16,45.16],[-66.95,44.81],[-67.19,44.64],[-67.55,44.62],[-67.61,44.5],[-67.84,44.55],[-68.06,44.33],[-68.21,44.51],[-68.28,44.44],[-68.17,44.33],[-68.33,44.22],[-68.39,44.43],[-68.56,44.4],[-68.52,44.23],[-68.83,44.32],[-68.8,44.51],[-68.99,44.42],[-69.04,44.09],[-69.2,43.95],[-69.39,44.01],[-69.6,43.81],[-69.68,43.95],[-69.8,43.92],[-69.83,43.7],[-69.88,43.87],[-70.19,43.77],[-70.2,43.56],[-70.57,43.32],[-70.81,42.9],[-70.77,42.64],[-70.59,42.64],[-71.04,42.32],[-70.77,42.25],[-70.6,42.01],[-70.71,41.99],[-70.47,41.75],[-70.01,41.81],[-70.1,42.03],[-70.25,42.06],[-70.05,42.04],[-69.94,41.82],[-69.93,41.72],[-69.97,41.61],[-70.41,41.64],[-70.65,41.52],[-70.7,41.73],[-70.95,41.52],[-71.2,41.46],[-71.23,41.58],[-71.48,41.36],[-72.92,41.29],[-73.6,41.03],[-73.79,40.8],[-73.49,40.95],[-72.64,40.98],[-72.35,41.14],[-72.24,41.16],[-72.6,40.93],[-72.48,40.84],[-74.25,40.49],[-73.98,40.45],[-74.1,39.77],[-74.1,39.94],[-74.22,39.65],[-74.47,39.57],[-74.48,39.39],[-74.33,39.44],[-74.67,39.23],[-74.86,38.94],[-74.97,38.94],[-74.86,39.2],[-75.39,39.37],[-75.6,39.63],[-75.34,38.94],[-75.09,38.8],[-75.05,38.41],[-75.19,38.1],[-75.34,37.88],[-75.19,38.27],[-75.8,37.52],[-75.94,37.09],[-76.05,37.06],[-75.94,37.57],[-75.64,37.95],[-75.86,37.96],[-75.77,38.14],[-75.92,38.26],[-75.82,38.43],[-76.08,38.3],[-76.29,38.46],[-76.28,38.62],[-76.08,38.6],[-76.34,38.73],[-76.19,38.82],[-76.21,38.94],[-76.38,38.85],[-76.31,39.03],[-76.16,39.0],[-76.28,39.16],[-76.0,39.37],[-75.97,39.54],[-76.53,39.22],[-76.39,39.01],[-76.56,38.76],[-76.33,38.06],[-76.85,38.34],[-77.03,38.32],[-76.24,37.89],[-76.28,37.61],[-76.75,37.83],[-76.3,37.56],[-76.28,37.31],[-76.42,37.42],[-76.39,37.27],[-76.5,37.24],[-76.27,37.09],[-76.41,36.96],[-76.64,37.22],[-76.8,37.2],[-76.68,37.2],[-76.47,36.89],[-76.3,36.99],[-75.99,36.92],[-75.78,36.25],[-75.51,35.75],[-75.48,35.67],[-75.46,35.57],[-75.53,35.22],[-75.76,35.19],[-75.52,35.28],[-75.47,35.62],[-75.72,35.92],[-75.73,35.63],[-76.15,35.34],[-76.41,35.46],[-76.53,35.4],[-76.59,35.53],[-76.57,35.39],[-76.86,35.45],[-76.63,35.34],[-76.57,35.13],[-76.8,34.97],[-77.04,35.09],[-76.85,34.94],[-76.52,34.99],[-76.32,34.9],[-76.53,34.68],[-76.62,34.8],[-76.62,34.71],[-77.14,34.67],[-77.47,34.5],[-77.8,34.25],[-77.96,33.84],[-77.95,33.98],[-78.85,33.71],[-79.34,33.12],[-79.8,32.81],[-79.72,32.81],[-79.99,32.67],[-80.1,32.8],[-80.41,32.54],[-80.67,32.6],[-80.62,32.43],[-80.47,32.42],[-80.64,32.29],[-80.63,32.4],[-80.85,32.37],[-80.67,32.21],[-80.82,32.11],[-80.76,32.21],[-80.88,32.22],[-80.95,32.11],[-80.94,32.06],[-80.85,32.03],[-80.85,31.99],[-81.03,32.04],[-81.08,31.93],[-81.2,31.97],[-81.23,31.76],[-81.34,31.83],[-81.23,31.72],[-81.36,31.66],[-81.25,31.64],[-81.37,31.55],[-81.33,31.34],[-81.44,31.33],[-81.31,31.21],[-81.48,31.16],[-81.45,31.06],[-81.57,31.1],[-81.5,30.95],[-81.6,30.84],[-81.5,30.63],[-81.43,30.7],[-81.25,29.77],[-80.97,29.09],[-80.52,28.46],[-80.59,28.19],[-80.1,27.04],[-80.04,26.58],[-80.15,25.67],[-80.2,25.74],[-80.31,25.62],[-80.38,25.31],[-80.26,25.33],[-80.43,25.09],[-80.57,24.96],[-80.73,24.85],[-81.08,24.69],[-81.81,24.55],[-81.45,24.74],[-81.3,24.66],[-80.76,24.84],[-80.39,25.18],[-80.58,25.28],[-80.68,25.18],[-80.83,25.22],[-80.93,25.14],[-80.96,25.14],[-80.83,25.35],[-81.16,25.49],[-81.12,25.63],[-81.36,25.87],[-81.73,25.91],[-81.87,26.39],[-81.97,26.49],[-82.08,26.42],[-82.18,26.48],[-82.2,26.55],[-82.09,26.44],[-81.96,26.53],[-82.07,26.62],[-82.09,26.49],[-82.15,26.66],[-82.06,26.65],[-82.07,26.95],[-82.2,26.97],[-82.18,26.81],[-82.3,26.85],[-82.75,27.54],[-82.6,27.57],[-82.69,27.71],[-82.74,27.61],[-82.85,27.86],[-82.65,28.91],[-82.8,29.16],[-83.03,29.16],[-83.4,29.66],[-84.01,30.11],[-84.35,30.07],[-84.35,29.9],[-85.35,29.66],[-85.37,29.69],[-85.4,29.74],[-85.41,29.8],[-85.42,29.84],[-85.36,29.68],[-85.32,29.83],[-85.68,30.15],[-86.26,30.35],[-88.03,30.22],[-87.76,30.29],[-88.01,30.68],[-88.08,30.25],[-88.33,30.23],[-88.12,30.27],[-88.34,30.4],[-88.48,30.32],[-88.84,30.4],[-89.33,30.36],[-89.46,30.17],[-89.8,30.2],[-89.92,29.99],[-89.62,29.84],[-89.44,29.71],[-89.82,29.71],[-89.7,29.5],[-89.59,29.49],[-89.56,29.39],[-89.45,29.38],[-89.35,29.27],[-89.35,29.22],[-89.45,29.19],[-89.4,29.32],[-89.9,29.47],[-90.24,29.87],[-90.34,29.7],[-90.18,29.63],[-90.23,29.5],[-90.07,29.36],[-90.2,29.42],[-90.25,29.24],[-90.37,29.48],[-90.54,29.46],[-90.64,29.23],[-90.73,29.34],[-90.93,29.27],[-90.92,29.38],[-91.12,29.29],[-91.26,29.47],[-91.21,29.68],[-91.84,29.85],[-92.17,29.78],[-92.02,29.62],[-92.27,29.54],[-93.21,29.78],[-93.84,29.69],[-94.03,29.78],[-94.76,29.52],[-94.74,29.79],[-94.98,29.7],[-95.01,29.55],[-94.73,29.33],[-95.39,28.87],[-95.91,28.72],[-95.98,28.59],[-96.32,28.42],[-95.99,28.67],[-96.41,28.68],[-96.4,28.61],[-96.47,28.57],[-96.59,28.66],[-96.55,28.48],[-96.4,28.44],[-96.68,28.33],[-96.83,28.43],[-96.78,28.24],[-96.95,28.12],[-97.19,28.18],[-97.21,28.07],[-97.04,28.12],[-97.03,28.03],[-97.19,27.82],[-97.39,27.81],[-97.22,27.63],[-97.05,27.83],[-97.36,27.22],[-97.15,25.96],[-97.4,25.84],[-97.66,26.04],[-98.2,26.05],[-99.09,26.4],[-99.45,27.02],[-99.52,27.58],[-100.29,28.28],[-100.81,29.26],[-101.46,29.78],[-102.31,29.88],[-102.39,29.76],[-102.67,29.74],[-102.87,29.22],[-103.29,28.98],[-104.51,29.63],[-104.92,30.6],[-106.2,31.46],[-106.45,31.76],[-108.2,31.78],[-108.21,31.33],[-111.07,31.33],[-114.81,32.49],[-114.74,32.72],[-117.12,32.53],[-117.49,33.32],[-118.11,33.75],[-118.41,33.74],[-118.53,34.03],[-119.13,34.1],[-119.56,34.41],[-120.46,34.44],[-120.64,34.56],[-120.65,35.14],[-120.87,35.22],[-120.89,35.43],[-121.29,35.66],[-121.9,36.31],[-121.98,36.58],[-121.79,36.81],[-122.34,37.12],[-122.52,37.52],[-122.5,37.81],[-123.02,37.99],[-122.95,38.16],[-123.12,38.45],[-123.73,38.92],[-123.85,39.82],[-124.36,40.26],[-124.41,40.44],[-124.13,40.95],[-124.06,41.44],[-124.43,42.32],[-124.4,42.63],[-124.57,42.83],[-124.21,43.67],[-123.96,45.29],[-123.92,46.02],[-124.03,46.23],[-123.86,46.2],[-124.08,46.27],[-124.07,46.64],[-123.95,46.37],[-123.86,46.72],[-124.08,46.74],[-124.13,46.9],[-123.86,46.96],[-124.1,47.04],[-124.18,46.93],[-124.42,47.73],[-124.73,48.16]],[[-97.46,26.8],[-97.29,26.11],[-97.18,26.09],[-97.46,26.8]],[[-97.66,27.29],[-97.42,27.26],[-97.42,26.92],[-97.36,27.36],[-97.24,27.63],[-97.41,27.32],[-97.66,27.29]]],[[[-168.12,65.65],[-167.51,65.73],[-167.59,65.79],[-166.25,66.17],[-165.6,66.12],[-165.88,66.24],[-164.41,66.58],[-163.75,66.55],[-163.96,66.19],[-163.64,66.06],[-161.83,66.0],[-161.49,66.26],[-161.0,66.2],[-161.51,66.4],[-161.89,66.36],[-161.91,66.26],[-161.9,66.53],[-162.62,66.86],[-162.3,66.94],[-162.01,66.78],[-162.07,66.65],[-161.92,66.55],[-161.44,66.46],[-161.3,66.51],[-161.88,66.72],[-161.79,66.89],[-161.51,66.98],[-163.69,67.11],[-164.1,67.61],[-166.23,68.27],[-166.84,68.34],[-166.31,68.46],[-166.21,68.88],[-164.16,68.94],[-163.68,69.08],[-163.1,69.37],[-163.01,69.76],[-161.9,70.3],[-161.71,70.2],[-160.87,70.34],[-159.24,70.87],[-159.12,70.82],[-159.28,70.78],[-159.0,70.76],[-159.07,70.82],[-157.8,70.87],[-156.48,71.39],[-156.53,71.3],[-155.51,71.1],[-155.99,70.96],[-155.94,70.75],[-155.18,70.98],[-155.28,71.07],[-155.07,71.13],[-154.59,71.01],[-154.57,70.8],[-153.16,70.92],[-152.26,70.84],[-152.19,70.8],[-152.46,70.63],[-151.7,70.55],[-151.9,70.45],[-151.22,70.36],[-150.76,70.5],[-149.46,70.52],[-147.68,70.2],[-145.85,70.16],[-144.95,69.96],[-143.25,70.12],[-141.37,69.63],[-141.0,69.65],[-141.0,60.31],[-139.98,60.18],[-139.69,60.34],[-139.07,60.35],[-139.19,60.08],[-137.61,59.24],[-137.51,58.91],[-136.58,59.17],[-136.48,59.47],[-136.24,59.52],[-136.35,59.6],[-135.48,59.8],[-135.23,59.7],[-135.03,59.56],[-135.08,59.43],[-134.96,59.28],[-134.7,59.25],[-134.26,58.86],[-133.38,58.43],[-133.45,58.38],[-132.25,57.21],[-132.35,57.09],[-132.05,57.05],[-132.12,56.88],[-131.87,56.81],[-131.83,56.6],[-130.1,56.12],[-130.01,55.9],[-130.18,55.72],[-130.0,55.29],[-130.48,54.84],[-130.93,54.8],[-131.09,55.19],[-130.87,55.31],[-130.97,55.8],[-131.07,55.84],[-130.95,55.65],[-130.97,55.39],[-131.16,55.2],[-131.83,55.46],[-131.65,55.59],[-131.71,55.83],[-131.42,56.0],[-131.85,55.87],[-131.77,55.82],[-131.97,55.5],[-132.15,55.56],[-132.29,55.76],[-132.08,55.82],[-131.97,56.18],[-132.35,55.91],[-132.49,56.06],[-132.65,56.05],[-132.71,56.22],[-132.36,56.31],[-132.39,56.48],[-132.29,56.47],[-132.53,56.62],[-132.95,56.51],[-133.21,56.72],[-133.12,56.49],[-133.65,56.44],[-133.67,56.56],[-133.84,56.59],[-133.93,56.39],[-133.83,56.32],[-133.99,56.34],[-133.88,56.22],[-133.96,56.09],[-134.06,56.29],[-134.19,56.17],[-134.14,56.0],[-134.23,56.07],[-134.29,56.35],[-134.04,56.42],[-134.32,56.56],[-134.19,56.62],[-134.36,56.67],[-134.41,56.86],[-134.27,56.94],[-134.02,56.88],[-133.95,56.68],[-133.89,56.81],[-133.7,56.71],[-133.69,56.83],[-133.87,56.84],[-134.01,57.07],[-133.11,57.0],[-132.6,56.61],[-132.54,56.75],[-132.95,56.99],[-132.79,56.97],[-132.84,57.08],[-133.0,57.02],[-133.18,57.17],[-133.57,57.18],[-133.24,57.31],[-133.45,57.35],[-133.65,57.72],[-133.26,57.64],[-133.59,57.77],[-133.58,57.9],[-133.71,57.8],[-133.82,57.99],[-134.05,58.06],[-134.01,58.42],[-134.15,58.2],[-134.78,58.39],[-134.99,58.68],[-134.94,58.79],[-135.14,58.83],[-135.42,59.31],[-135.3,59.09],[-135.5,59.2],[-135.14,58.62],[-135.09,58.24],[-135.32,58.25],[-135.44,58.42],[-135.92,58.38],[-135.87,58.6],[-136.13,59.03],[-136.21,58.75],[-136.54,58.97],[-136.66,58.89],[-136.98,59.02],[-136.93,58.89],[-136.35,58.69],[-136.45,58.6],[-136.2,58.61],[-136.04,58.38],[-136.6,58.35],[-136.67,58.21],[-136.86,58.38],[-137.67,58.61],[-138.19,59.02],[-139.86,59.54],[-139.5,59.69],[-139.64,59.87],[-139.49,59.99],[-139.31,59.85],[-139.34,59.73],[-139.19,59.84],[-139.5,60.03],[-140.31,59.69],[-141.44,59.88],[-141.26,59.99],[-141.41,60.15],[-141.49,60.12],[-141.37,60.02],[-141.67,59.96],[-142.71,60.09],[-144.25,60.02],[-144.06,60.05],[-144.94,60.28],[-144.8,60.63],[-145.42,60.38],[-145.96,60.47],[-145.65,60.66],[-146.66,60.69],[-146.37,60.81],[-146.76,60.95],[-146.32,61.14],[-146.6,61.14],[-146.97,60.93],[-147.02,61.04],[-147.18,60.93],[-147.23,61.01],[-147.38,60.87],[-147.55,60.91],[-147.56,61.14],[-147.6,60.85],[-147.75,60.93],[-147.78,60.81],[-148.07,60.93],[-147.73,61.27],[-148.07,61.01],[-148.17,61.1],[-148.34,60.81],[-148.6,60.81],[-148.37,60.77],[-148.42,60.62],[-148.23,60.76],[-148.19,60.61],[-148.53,60.56],[-148.65,60.47],[-148.45,60.54],[-148.25,60.45],[-148.1,60.6],[-147.94,60.44],[-148.31,60.27],[-148.09,60.22],[-148.34,60.16],[-148.43,59.95],[-149.12,59.97],[-149.07,60.05],[-149.29,59.87],[-149.42,60.12],[-149.39,59.98],[-149.61,59.83],[-149.53,59.71],[-149.72,59.95],[-149.74,59.64],[-149.96,59.77],[-149.95,59.66],[-150.36,59.46],[-150.29,59.65],[-150.48,59.46],[-150.56,59.6],[-150.6,59.43],[-150.92,59.32],[-150.96,59.2],[-151.05,59.3],[-151.59,59.16],[-151.98,59.25],[-151.89,59.42],[-151.48,59.48],[-150.92,59.79],[-151.42,59.6],[-151.86,59.75],[-151.3,60.4],[-151.41,60.72],[-150.4,61.04],[-150.16,60.92],[-149.41,60.92],[-150.07,61.16],[-149.4,61.47],[-149.55,61.5],[-149.98,61.24],[-150.67,61.28],[-151.53,61.0],[-151.79,60.86],[-151.71,60.71],[-152.26,60.54],[-152.33,60.45],[-152.24,60.39],[-152.42,60.29],[-152.8,60.24],[-152.57,60.08],[-152.7,59.92],[-153.21,59.85],[-152.99,59.81],[-153.22,59.64],[-153.42,59.64],[-153.44,59.77],[-153.73,59.44],[-153.99,59.4],[-154.26,59.14],[-154.16,59.03],[-153.7,59.08],[-153.26,58.84],[-154.07,58.48],[-153.98,58.39],[-154.17,58.35],[-154.11,58.28],[-154.32,58.08],[-154.45,58.16],[-154.57,58.02],[-155.02,58.02],[-155.3,57.73],[-155.61,57.79],[-155.73,57.54],[-156.02,57.56],[-156.02,57.43],[-156.53,57.33],[-156.32,57.29],[-156.55,56.98],[-156.76,57.04],[-156.83,56.9],[-156.94,56.98],[-157.2,56.77],[-157.44,56.86],[-157.4,56.76],[-157.56,56.7],[-157.46,56.63],[-157.77,56.68],[-158.08,56.57],[-157.84,56.56],[-157.86,56.47],[-158.41,56.45],[-158.49,56.33],[-158.2,56.29],[-158.29,56.2],[-158.12,56.24],[-158.49,56.11],[-158.43,55.99],[-158.6,56.05],[-158.51,56.17],[-158.55,56.2],[-158.67,55.95],[-158.84,56.01],[-159.42,55.79],[-159.53,55.89],[-159.6,55.57],[-159.75,55.6],[-159.64,55.62],[-159.63,55.81],[-159.83,55.85],[-160.13,55.66],[-160.41,55.65],[-160.5,55.48],[-160.61,55.59],[-160.67,55.46],[-160.9,55.52],[-161.24,55.36],[-161.51,55.36],[-161.37,55.6],[-161.59,55.62],[-162.05,55.07],[-162.12,55.16],[-162.22,55.03],[-162.41,55.03],[-162.64,55.3],[-162.72,55.22],[-162.55,54.96],[-162.88,54.93],[-163.18,55.13],[-163.21,55.03],[-163.03,54.94],[-163.37,54.79],[-163.04,54.67],[-163.37,54.75],[-163.58,54.61],[-164.85,54.42],[-164.93,54.6],[-164.7,54.67],[-164.55,54.89],[-163.54,55.05],[-163.39,54.86],[-163.28,55.03],[-163.42,55.07],[-163.0,55.25],[-162.87,55.18],[-162.89,55.27],[-162.53,55.36],[-162.61,55.45],[-161.81,55.89],[-160.88,56.0],[-161.02,55.89],[-160.81,55.73],[-160.79,55.89],[-160.3,55.77],[-160.27,55.86],[-160.58,55.98],[-160.34,56.29],[-158.89,56.88],[-158.67,56.79],[-158.69,56.97],[-158.41,57.23],[-157.75,57.56],[-157.58,57.49],[-157.71,57.65],[-157.6,58.09],[-157.39,58.2],[-157.53,58.39],[-157.01,58.85],[-158.21,58.61],[-158.56,58.8],[-158.53,59.0],[-158.87,58.71],[-158.7,58.49],[-158.9,58.39],[-159.65,58.84],[-159.62,58.93],[-159.91,58.77],[-160.33,58.94],[-160.35,59.06],[-161.69,58.56],[-162.14,58.63],[-161.85,58.67],[-161.76,58.81],[-161.83,59.06],[-161.99,59.15],[-162.05,59.26],[-162.06,59.27],[-161.71,59.5],[-162.18,60.0],[-162.2,60.15],[-162.46,60.29],[-162.15,60.63],[-162.57,60.32],[-162.44,60.19],[-162.47,60.0],[-163.37,59.81],[-164.06,59.82],[-164.22,59.94],[-164.14,59.99],[-164.67,60.31],[-165.13,60.44],[-164.98,60.54],[-165.42,60.55],[-164.81,60.88],[-165.2,60.98],[-164.95,61.06],[-165.3,61.19],[-165.35,61.07],[-165.57,61.09],[-165.64,61.29],[-165.92,61.38],[-165.78,61.51],[-166.18,61.56],[-166.16,61.71],[-166.15,61.63],[-165.86,61.68],[-166.1,61.81],[-165.62,61.85],[-165.74,62.07],[-165.27,62.43],[-164.8,62.53],[-164.86,62.84],[-164.42,63.21],[-164.03,63.26],[-163.23,63.04],[-162.63,63.25],[-162.31,63.54],[-162.01,63.48],[-162.08,63.43],[-161.14,63.5],[-160.77,63.84],[-160.98,64.23],[-161.53,64.42],[-160.81,64.61],[-160.89,64.83],[-161.16,64.93],[-161.42,64.76],[-162.17,64.68],[-162.79,64.33],[-162.85,64.5],[-163.14,64.65],[-163.35,64.59],[-163.03,64.52],[-163.15,64.4],[-163.82,64.58],[-165.02,64.44],[-166.39,64.64],[-166.42,64.88],[-166.96,65.16],[-166.92,65.23],[-166.86,65.28],[-166.9,65.14],[-166.64,65.11],[-166.38,65.29],[-167.4,65.4],[-168.12,65.65]],[[-161.24,66.54],[-160.78,66.36],[-160.23,66.39],[-160.31,66.59],[-160.2,66.62],[-160.88,66.66],[-161.24,66.54]],[[-164.47,60.85],[-164.19,60.66],[-163.78,60.76],[-163.75,60.57],[-163.42,60.72],[-163.77,60.85],[-164.47,60.85]]],[[[-136.44,58.12],[-135.81,58.29],[-135.49,58.17],[-135.62,57.99],[-135.41,58.14],[-134.97,58.05],[-134.94,57.85],[-135.12,57.9],[-134.83,57.5],[-135.18,57.48],[-134.8,57.16],[-134.62,56.67],[-134.67,56.17],[-135.06,56.54],[-134.99,56.63],[-135.23,56.69],[-135.19,56.81],[-135.38,56.82],[-135.38,56.99],[-135.24,57.03],[-135.4,57.1],[-135.36,57.25],[-135.84,57.39],[-136.13,57.71],[-136.42,57.82],[-136.32,58.01],[-136.44,58.12]]],[[[-154.8,57.35],[-154.2,57.66],[-154.0,57.64],[-153.77,57.33],[-153.88,57.63],[-153.74,57.67],[-153.93,57.81],[-153.62,57.88],[-153.53,57.69],[-153.48,57.84],[-153.13,57.87],[-153.28,58.0],[-152.8,57.91],[-152.9,57.82],[-152.87,57.73],[-152.83,57.84],[-152.49,57.9],[-152.33,57.83],[-152.48,57.75],[-152.44,57.61],[-152.16,57.62],[-152.34,57.42],[-152.81,57.5],[-152.61,57.36],[-153.5,57.14],[-153.6,56.93],[-153.98,56.74],[-154.15,56.75],[-153.87,56.93],[-153.84,57.02],[-154.3,56.84],[-154.52,56.99],[-154.58,57.25],[-154.8,57.35]]],[[[-133.81,55.94],[-133.47,56.15],[-133.64,56.21],[-133.61,56.36],[-133.17,56.33],[-133.04,56.18],[-133.1,56.05],[-132.74,55.98],[-132.14,55.47],[-132.4,55.53],[-132.28,55.44],[-132.39,55.4],[-132.16,55.37],[-132.14,55.2],[-132.0,55.26],[-132.0,55.1],[-132.17,55.0],[-131.98,55.04],[-132.01,54.69],[-132.31,54.72],[-132.37,54.92],[-132.61,54.97],[-132.61,55.19],[-133.1,55.28],[-132.67,54.67],[-132.87,54.7],[-133.24,55.1],[-133.14,55.27],[-133.27,55.36],[-132.98,55.36],[-133.16,55.48],[-133.08,55.61],[-133.41,55.65],[-133.16,55.81],[-133.26,56.04],[-133.81,55.94]]],[[[-156.06,19.73],[-155.83,19.98],[-155.87,20.26],[-155.21,19.97],[-154.81,19.52],[-155.5,19.13],[-155.68,18.91],[-155.91,19.08],[-155.89,19.35],[-156.06,19.73]]],[[[-171.85,63.48],[-171.74,63.78],[-170.96,63.56],[-170.35,63.69],[-170.1,63.61],[-170.05,63.47],[-168.69,63.29],[-168.87,63.15],[-169.37,63.15],[-169.64,62.94],[-170.58,63.36],[-171.06,63.42],[-171.55,63.32],[-171.85,63.48]]],[[[-167.46,60.21],[-166.85,60.2],[-166.16,60.43],[-165.68,60.29],[-165.7,60.06],[-165.55,59.98],[-166.19,59.75],[-167.33,60.07],[-167.46,60.21]]],[[[-134.96,58.4],[-134.69,58.16],[-134.18,58.16],[-133.81,57.57],[-134.25,58.03],[-134.3,57.86],[-133.94,57.62],[-133.86,57.47],[-133.97,57.44],[-133.86,57.37],[-134.15,57.37],[-134.16,57.21],[-134.62,57.02],[-134.65,57.24],[-134.49,57.4],[-134.68,57.61],[-134.96,58.4]]],[[[-167.85,53.31],[-167.19,53.48],[-167.03,53.71],[-166.82,53.66],[-167.15,53.83],[-167.02,53.96],[-166.21,53.93],[-166.55,53.75],[-166.34,53.79],[-166.28,53.69],[-166.75,53.44],[-167.49,53.26],[-167.85,53.31]]],[[[-153.22,58.16],[-152.98,58.18],[-153.05,58.31],[-152.78,58.27],[-152.89,58.41],[-152.66,58.48],[-152.4,58.31],[-152.36,58.42],[-152.13,58.4],[-152.13,58.25],[-151.97,58.33],[-152.08,58.15],[-152.25,58.25],[-152.27,58.12],[-152.56,58.09],[-152.58,58.19],[-152.84,57.99],[-153.22,58.16]]],[[[-169.12,52.82],[-168.61,53.27],[-168.36,53.26],[-168.44,53.33],[-168.35,53.48],[-167.79,53.51],[-168.5,53.04],[-169.12,52.82]]],[[[-156.69,20.95],[-156.6,21.03],[-156.47,20.89],[-156.24,20.93],[-155.99,20.71],[-156.41,20.58],[-156.69,20.95]]],[[[-175.34,52.02],[-174.28,52.21],[-174.46,52.32],[-174.27,52.4],[-173.99,52.32],[-174.19,52.21],[-174.1,52.1],[-175.34,52.02]]],[[[-147.93,59.78],[-147.21,60.35],[-146.92,60.29],[-147.36,60.04],[-147.45,59.87],[-147.93,59.78]]],[[[-158.28,21.58],[-157.97,21.71],[-157.65,21.31],[-158.11,21.3],[-158.28,21.58]]],[[[-159.78,22.06],[-159.58,22.22],[-159.29,22.14],[-159.44,21.87],[-159.78,22.06]]],[[[172.44,52.92],[173.12,52.99],[173.43,52.85],[172.92,52.75],[172.44,52.92]]],[[[-176.99,51.61],[-176.91,51.81],[-176.75,51.79],[-176.79,51.96],[-176.56,51.99],[-176.63,51.86],[-176.44,51.85],[-176.43,51.74],[-176.99,51.61]]],[[[-146.73,60.38],[-146.54,60.49],[-146.08,60.39],[-146.61,60.24],[-146.7,60.27],[-146.57,60.35],[-146.73,60.38]]],[[[-135.71,57.33],[-135.57,57.09],[-135.83,56.99],[-135.74,57.14],[-135.86,57.33],[-135.71,57.33]]],[[[-133.07,56.33],[-132.93,56.46],[-132.62,56.39],[-132.86,56.23],[-133.07,56.33]]],[[[-178.22,51.87],[-178.13,51.92],[-177.62,51.85],[-177.91,51.6],[-178.12,51.68],[-177.97,51.77],[-178.22,51.87]]],[[[-160.87,55.32],[-160.52,55.38],[-160.46,55.19],[-160.82,55.12],[-160.87,55.32]]],[[[-174.05,52.13],[-173.52,52.15],[-172.95,52.09],[-173.49,52.02],[-174.05,52.13]]],[[[-157.31,21.1],[-157.25,21.22],[-156.71,21.15],[-156.87,21.05],[-157.31,21.1]]],[[[-173.07,60.5],[-172.92,60.6],[-172.78,60.45],[-172.22,60.31],[-173.07,60.5]]]]}},{"type":"Feature","properties":{"iso3":"ARG","name":"Argentina"},"geometry":{"type":"MultiPolygon","coordinates":[[[[-73.57,-50.02],[-73.45,-49.79],[-73.55,-49.5],[-73.42,-49.38],[-73.47,-49.2],[-73.15,-49.27],[-72.95,-48.95],[-72.53,-48.8],[-72.59,-48.49],[-72.44,-48.51],[-72.24,-48.32],[-72.53,-47.94],[-72.52,-47.74],[-72.32,-47.6],[-72.34,-47.45],[-71.86,-47.16],[-71.95,-46.82],[-71.65,-46.68],[-71.73,-46.27],[-71.92,-46.14],[-71.62,-45.97],[-71.77,-45.85],[-71.76,-45.56],[-71.49,-45.5],[-71.53,-45.39],[-71.33,-45.29],[-71.56,-44.98],[-72.03,-44.9],[-72.07,-44.76],[-71.29,-44.81],[-71.1,-44.57],[-71.24,-44.42],[-71.81,-44.42],[-71.85,-44.12],[-71.65,-43.95],[-71.75,-43.79],[-71.59,-43.65],[-71.93,-43.46],[-71.74,-43.2],[-72.14,-42.9],[-72.17,-42.67],[-72.02,-42.49],[-72.19,-42.16],[-71.73,-42.1],[-71.91,-41.36],[-71.83,-41.06],[-71.97,-40.74],[-71.83,-40.42],[-71.66,-40.36],[-71.83,-40.22],[-71.6,-39.91],[-71.7,-39.59],[-71.46,-39.59],[-71.43,-38.93],[-70.92,-38.76],[-70.83,-38.6],[-71.18,-37.86],[-71.12,-37.47],[-71.22,-37.28],[-71.1,-37.11],[-71.22,-36.98],[-71.11,-36.95],[-71.18,-36.84],[-71.02,-36.69],[-71.04,-36.48],[-70.71,-36.42],[-70.58,-36.14],[-70.42,-36.15],[-70.33,-35.81],[-70.43,-35.33],[-70.58,-35.27],[-70.38,-35.16],[-70.31,-34.75],[-70.03,-34.29],[-69.8,-34.22],[-69.9,-33.77],[-69.77,-33.34],[-70.0,-33.32],[-70.06,-33.2],[-69.99,-32.9],[-70.39,-32.05],[-70.22,-31.95],[-70.46,-31.84],[-70.57,-31.6],[-70.52,-31.19],[-70.28,-31.03],[-70.15,-30.34],[-69.95,-30.38],[-69.82,-30.18],[-69.96,-30.09],[-69.88,-29.73],[-70.02,-29.33],[-69.79,-29.12],[-69.65,-28.4],[-69.13,-27.9],[-68.84,-27.16],[-68.3,-27.02],[-68.28,-26.9],[-68.59,-26.49],[-68.56,-26.29],[-68.38,-26.17],[-68.59,-25.45],[-68.51,-25.17],[-68.35,-25.11],[-68.57,-24.8],[-68.5,-24.6],[-67.32,-24.03],[-66.99,-23.01],[-67.18,-22.81],[-67.03,-22.54],[-66.78,-22.44],[-66.74,-22.24],[-66.29,-22.08],[-66.24,-21.79],[-65.75,-22.11],[-64.99,-22.08],[-64.62,-22.21],[-64.32,-22.87],[-63.93,-22.0],[-62.81,-22.0],[-62.79,-22.15],[-62.25,-22.52],[-61.98,-23.02],[-61.12,-23.59],[-60.99,-23.81],[-60.3,-24.04],[-60.04,-24.01],[-59.13,-24.62],[-57.75,-25.18],[-57.57,-25.56],[-57.81,-25.76],[-57.85,-26.01],[-58.09,-26.12],[-58.25,-26.75],[-58.65,-27.14],[-58.59,-27.29],[-57.92,-27.26],[-57.13,-27.49],[-56.6,-27.44],[-56.4,-27.59],[-56.11,-27.31],[-55.74,-27.44],[-55.56,-27.1],[-54.81,-26.66],[-54.63,-26.21],[-54.59,-25.59],[-54.43,-25.68],[-54.1,-25.49],[-54.11,-25.59],[-53.89,-25.62],[-53.83,-25.97],[-53.64,-26.21],[-53.67,-26.94],[-53.8,-27.14],[-54.18,-27.29],[-54.28,-27.45],[-54.82,-27.55],[-55.03,-27.86],[-55.77,-28.24],[-55.69,-28.42],[-55.88,-28.36],[-56.42,-29.08],[-56.59,-29.12],[-56.81,-29.48],[-57.89,-30.5],[-57.81,-30.91],[-58.07,-31.46],[-58.04,-31.76],[-58.2,-31.88],[-58.08,-33.0],[-58.42,-33.08],[-58.55,-33.69],[-58.47,-33.82],[-58.77,-33.94],[-58.61,-34.04],[-58.64,-34.26],[-58.46,-34.53],[-57.23,-35.27],[-57.14,-35.48],[-57.36,-35.74],[-57.38,-35.96],[-57.02,-36.34],[-56.74,-36.31],[-56.67,-36.88],[-57.51,-37.87],[-57.54,-38.1],[-58.49,-38.54],[-61.14,-39.0],[-61.82,-38.99],[-62.52,-38.72],[-62.33,-38.85],[-62.29,-39.23],[-62.01,-39.36],[-62.26,-39.31],[-62.05,-39.45],[-62.11,-39.84],[-62.31,-39.87],[-62.33,-40.18],[-62.48,-40.3],[-62.17,-40.59],[-62.38,-40.91],[-63.12,-41.16],[-63.78,-41.16],[-64.91,-40.81],[-64.81,-40.73],[-65.11,-40.83],[-65.04,-42.07],[-64.47,-42.24],[-64.61,-42.4],[-64.44,-42.44],[-64.05,-42.36],[-64.09,-42.25],[-64.38,-42.24],[-63.76,-42.08],[-63.58,-42.61],[-63.73,-42.81],[-64.14,-42.87],[-64.34,-42.53],[-64.68,-42.51],[-64.98,-42.65],[-65.01,-42.78],[-64.31,-42.98],[-64.99,-43.27],[-65.33,-43.66],[-65.22,-44.37],[-65.37,-44.59],[-65.69,-44.72],[-65.71,-44.87],[-65.52,-44.93],[-65.69,-45.06],[-66.2,-44.98],[-66.59,-45.15],[-66.52,-45.22],[-66.95,-45.27],[-67.62,-46.05],[-67.44,-46.55],[-66.79,-47.0],[-65.94,-47.08],[-65.74,-47.2],[-65.89,-47.78],[-65.76,-47.95],[-65.92,-47.94],[-65.9,-48.1],[-66.75,-48.47],[-67.55,-49.02],[-67.84,-49.95],[-68.88,-50.34],[-69.08,-50.57],[-69.13,-50.9],[-69.35,-51.03],[-69.17,-50.98],[-68.96,-51.57],[-69.39,-51.58],[-68.97,-51.62],[-68.35,-52.34],[-70.0,-52.0],[-72.03,-51.97],[-71.95,-51.87],[-72.44,-51.59],[-72.26,-51.26],[-72.41,-51.11],[-72.26,-51.02],[-72.3,-50.66],[-72.73,-50.62],[-73.2,-50.82],[-73.15,-50.65],[-73.43,-50.48],[-73.57,-50.02]],[[-59.3,-33.83],[-59.01,-34.08],[-58.92,-33.89],[-59.25,-33.72],[-59.3,-33.83]]],[[[-68.61,-54.89],[-68.61,-52.66],[-68.29,-52.95],[-68.2,-53.14],[-68.34,-53.01],[-68.55,-53.25],[-68.14,-53.33],[-68.0,-53.57],[-67.44,-53.98],[-66.46,-54.48],[-65.8,-54.65],[-65.12,-54.66],[-65.38,-54.94],[-65.96,-54.9],[-66.45,-55.06],[-68.25,-54.79],[-68.61,-54.89]]],[[[-64.76,-54.84],[-64.54,-54.73],[-63.8,-54.73],[-64.61,-54.91],[-64.76,-54.84]]]]}},{"type":"Feature","properties":{"iso3":"BOL","name":"Bolivia"},"geometry":{"type":"Polygon","coordinates":[[[-69.64,-17.28],[-68.81,-16.33],[-69.28,-16.12],[-69.41,-15.62],[-69.13,-15.25],[-69.36,-14.81],[-68.99,-14.24],[-68.84,-14.21],[-69.07,-13.67],[-68.91,-13.51],[-68.87,-12.87],[-68.65,-12.5],[-69.57,-10.95],[-68.55,-11.11],[-68.27,-10.99],[-68.03,-10.66],[-67.71,-10.7],[-67.41,-10.37],[-67.02,-10.26],[-66.62,-9.89],[-65.78,-9.73],[-65.58,-9.83],[-65.45,-9.67],[-65.29,-9.85],[-65.43,-10.49],[-65.25,-10.99],[-65.36,-11.25],[-65.25,-11.71],[-65.09,-11.71],[-65.03,-12.0],[-64.7,-12.09],[-64.28,-12.49],[-63.95,-12.53],[-63.78,-12.43],[-63.3,-12.68],[-63.09,-12.63],[-62.78,-13.01],[-62.17,-13.11],[-61.85,-13.54],[-61.02,-13.49],[-60.47,-13.79],[-60.38,-13.99],[-60.49,-14.19],[-60.27,-14.62],[-60.25,-15.1],[-60.56,-15.11],[-60.24,-15.47],[-60.17,-16.26],[-58.32,-16.27],[-58.47,-16.71],[-58.4,-17.18],[-58.04,-17.49],[-57.88,-17.45],[-57.76,-17.57],[-57.45,-18.23],[-57.56,-18.25],[-57.76,-18.88],[-57.69,-19.01],[-58.13,-19.75],[-57.86,-19.97],[-58.17,-20.17],[-58.18,-19.82],[-59.07,-19.29],[-59.97,-19.29],[-61.73,-19.64],[-62.27,-20.56],[-62.26,-21.06],[-62.65,-22.25],[-62.83,-22.0],[-63.93,-22.0],[-64.31,-22.87],[-64.62,-22.21],[-65.0,-22.08],[-65.75,-22.11],[-66.22,-21.78],[-66.29,-22.09],[-66.74,-22.24],[-66.78,-22.44],[-67.02,-22.55],[-67.18,-22.81],[-67.8,-22.88],[-68.18,-21.3],[-68.54,-20.91],[-68.46,-20.63],[-68.74,-20.46],[-68.66,-20.32],[-68.76,-20.08],[-68.52,-19.93],[-68.7,-19.74],[-68.41,-19.41],[-68.89,-19.04],[-69.15,-18.16],[-69.06,-18.06],[-69.29,-17.96],[-69.47,-17.37],[-69.64,-17.28]]]}},{"type":"Feature","properties":{"iso3":"PRY","name":"Paraguay"},"geometry":{"type":"Polygon","coordinates":[[[-62.64,-22.24],[-62.26,-21.06],[-62.27,-20.56],[-61.74,-19.63],[-59.97,-19.29],[-59.07,-19.29],[-58.16,-19.83],[-58.16,-20.25],[-57.82,-20.94],[-57.99,-22.08],[-56.84,-22.3],[-56.39,-22.08],[-56.21,-22.28],[-55.85,-22.28],[-55.61,-22.66],[-55.42,-23.96],[-55.06,-23.99],[-54.67,-23.81],[-54.29,-24.07],[-54.42,-25.16],[-54.66,-25.68],[-54.62,-26.22],[-54.81,-26.67],[-55.55,-27.11],[-55.73,-27.44],[-56.11,-27.31],[-56.41,-27.6],[-56.6,-27.44],[-57.13,-27.49],[-57.92,-27.26],[-58.61,-27.29],[-58.65,-27.13],[-58.25,-26.74],[-58.16,-26.18],[-57.86,-26.01],[-57.83,-25.76],[-57.57,-25.55],[-57.76,-25.18],[-59.13,-24.62],[-60.04,-24.01],[-60.3,-24.04],[-60.99,-23.81],[-61.12,-23.59],[-61.98,-23.02],[-62.25,-22.52],[-62.64,-22.24]]]}},{"type":"Feature","properties":{"iso3":"DOM","name":"Dominican Republic"},"geometry":{"type":"Polygon","coordinates":[[[-72.01,18.62],[-71.74,18.72],[-71.73,18.88],[-71.89,18.96],[-71.63,19.2],[-71.79,19.33],[-71.68,19.44],[-71.78,19.78],[-71.66,19.89],[-71.27,19.82],[-71.0,19.93],[-70.26,19.64],[-69.96,19.68],[-69.76,19.29],[-69.21,19.35],[-69.23,19.18],[-69.61,19.22],[-69.62,19.09],[-68.94,19.03],[-68.33,18.62],[-68.64,18.21],[-69.21,18.47],[-69.88,18.48],[-70.15,18.23],[-70.5,18.19],[-70.67,18.43],[-70.93,18.25],[-71.05,18.32],[-71.42,17.6],[-71.69,17.77],[-71.79,18.18],[-71.7,18.34],[-72.01,18.62]]]}},{"type":"Feature","properties":{"iso3":"HTI","name":"Haiti"},"geometry":{"type":"MultiPolygon","coordinates":[[[[-74.48,18.42],[-74.42,18.62],[-74.21,18.68],[-73.09,18.44],[-72.35,18.55],[-72.33,18.68],[-72.82,19.04],[-72.72,19.11],[-72.7,19.45],[-73.0,19.61],[-73.36,19.62],[-73.41,19.84],[-72.77,19.95],[-71.73,19.65],[-71.77,19.33],[-71.63,19.21],[-71.85,18.99],[-71.74,18.72],[-72.0,18.62],[-71.7,18.34],[-71.76,18.03],[-72.05,18.24],[-72.82,18.14],[-73.39,18.27],[-73.69,18.24],[-73.88,18.02],[-74.48,18.42]]],[[[-73.3,18.91],[-72.86,18.84],[-72.81,18.71],[-73.0,18.75],[-73.3,18.91]]]]}},{"type":"Feature","properties":{"iso3":"URY","name":"Uruguay"},"geometry":{"type":"Polygon","coordinates":[[[-58.42,-33.91],[-58.35,-33.13],[-58.09,-33.0],[-58.21,-31.87],[-57.99,-31.6],[-58.08,-31.46],[-57.81,-30.9],[-57.89,-30.51],[-57.64,-30.34],[-57.64,-30.18],[-57.22,-30.29],[-57.07,-30.09],[-56.83,-30.09],[-56.17,-30.61],[-55.99,-30.86],[-56.0,-31.08],[-55.58,-30.83],[-55.24,-31.26],[-54.59,-31.46],[-54.11,-31.92],[-53.73,-32.1],[-53.58,-32.45],[-53.08,-32.74],[-53.52,-33.15],[-53.53,-33.67],[-53.37,-33.74],[-53.78,-34.41],[-54.95,-34.97],[-55.7,-34.76],[-56.16,-34.93],[-57.14,-34.45],[-57.85,-34.47],[-58.42,-33.91]]]}},{"type":"Feature","properties":{"iso3":"BHS","name":"The Bahamas"},"geometry":{"type":"MultiPolygon","coordinates":[[[[-78.46,24.6],[-78.23,24.65],[-78.22,25.2],[-78.02,25.18],[-77.72,24.48],[-78.05,24.27],[-78.46,24.6]]],[[[-73.7,21.02],[-73.39,21.23],[-73.15,21.17],[-73.01,21.33],[-73.16,20.96],[-73.65,20.91],[-73.7,21.02]]],[[[-77.82,26.92],[-77.58,26.92],[-77.04,26.55],[-77.0,26.33],[-77.18,26.2],[-77.18,25.86],[-77.41,26.0],[-77.23,26.14],[-77.14,26.56],[-77.34,26.61],[-77.53,26.87],[-77.82,26.92]]],[[[-79.0,26.69],[-78.76,26.54],[-78.49,26.73],[-77.9,26.75],[-78.69,26.49],[-79.0,26.69]]]]}},{"type":"Feature","properties":{"iso3":"BMU","name":"Bermuda (U.K.)"},"geometry":{"type":"Polygon","coordinates":[[[-64.83,32.25],[-64.84,32.26],[-64.68,32.33],[-64.83,32.25]]]}},{"type":"Feature","properties":{"iso3":"CUB","name":"Cuba"},"geometry":{"type":"MultiPolygon","coordinates":[[[[-84.95,21.86],[-84.26,22.0],[-84.41,22.25],[-84.18,22.56],[-83.22,23.0],[-82.03,23.19],[-81.57,23.15],[-81.51,23.04],[-81.14,23.21],[-81.27,23.13],[-81.17,23.02],[-80.74,23.09],[-80.26,22.88],[-80.01,22.95],[-79.37,22.41],[-78.4,22.26],[-77.93,21.92],[-77.93,22.13],[-78.09,22.19],[-77.99,22.28],[-77.63,22.02],[-77.72,21.92],[-77.9,22.01],[-77.9,21.82],[-77.85,21.9],[-77.52,21.74],[-77.21,21.55],[-77.27,21.46],[-77.12,21.46],[-77.09,21.61],[-76.14,21.08],[-75.72,21.13],[-75.55,20.79],[-75.76,20.85],[-75.77,20.7],[-74.98,20.69],[-74.13,20.2],[-74.26,20.07],[-75.16,19.89],[-76.23,19.99],[-77.72,19.84],[-77.56,20.08],[-77.09,20.38],[-77.01,20.58],[-77.2,20.57],[-77.14,20.66],[-77.34,20.73],[-78.12,20.76],[-78.44,21.03],[-78.56,21.48],[-78.75,21.64],[-79.2,21.55],[-79.99,21.73],[-80.41,22.03],[-81.05,22.07],[-81.19,22.28],[-81.28,22.09],[-81.81,22.18],[-82.14,22.42],[-81.65,22.47],[-81.81,22.69],[-82.78,22.7],[-83.38,22.22],[-83.9,22.19],[-84.04,21.91],[-84.51,21.75],[-84.5,21.93],[-84.95,21.86]]],[[[-83.17,21.58],[-82.94,21.57],[-83.08,21.8],[-82.84,21.93],[-82.69,21.88],[-82.55,21.56],[-82.88,21.44],[-83.17,21.58]]]]}},{"type":"Feature","properties":{"iso3":"MEX","name":"Mexico"},"geometry":{"type":"MultiPolygon","coordinates":[[[[-117.12,32.53],[-114.72,32.72],[-114.8,32.49],[-111.07,31.33],[-108.22,31.33],[-108.21,31.78],[-106.45,31.76],[-106.2,31.47],[-104.92,30.6],[-104.51,29.63],[-103.28,28.99],[-103.12,28.98],[-102.89,29.23],[-102.68,29.74],[-102.32,29.88],[-101.4,29.77],[-100.68,29.1],[-100.29,28.28],[-99.52,27.57],[-99.44,27.02],[-99.09,26.4],[-98.2,26.06],[-97.66,26.04],[-97.4,25.84],[-97.15,25.95],[-97.42,25.24],[-97.53,25.47],[-97.53,25.29],[-97.71,25.35],[-97.63,24.92],[-97.74,24.49],[-97.86,24.52],[-97.74,24.44],[-97.74,23.77],[-97.86,22.48],[-97.69,21.69],[-97.4,21.04],[-96.45,19.85],[-96.28,19.3],[-95.87,18.84],[-94.81,18.54],[-94.52,18.16],[-93.85,18.3],[-93.8,18.21],[-93.4,18.43],[-92.87,18.45],[-92.69,18.62],[-92.35,18.67],[-91.97,18.62],[-92.02,18.53],[-91.81,18.43],[-91.48,18.45],[-91.22,18.74],[-91.35,18.91],[-91.52,18.76],[-91.86,18.61],[-91.85,18.66],[-91.52,18.77],[-91.39,18.9],[-90.91,19.18],[-90.73,19.36],[-90.71,19.68],[-90.45,19.96],[-90.44,20.72],[-90.2,21.08],[-89.67,21.24],[-89.68,21.35],[-88.73,21.4],[-88.14,21.62],[-87.21,21.4],[-87.08,21.58],[-86.84,21.29],[-86.8,21.41],[-86.81,21.03],[-87.48,20.01],[-87.53,20.13],[-87.49,19.81],[-87.74,19.66],[-87.66,19.52],[-87.47,19.56],[-87.68,19.2],[-87.45,19.31],[-87.84,18.21],[-88.07,18.48],[-88.06,18.87],[-88.29,18.49],[-88.52,18.46],[-88.86,17.89],[-89.04,18.0],[-89.15,17.82],[-90.98,17.81],[-90.99,17.25],[-91.43,17.23],[-90.39,16.41],[-90.43,16.1],[-91.73,16.07],[-92.21,15.27],[-92.06,15.07],[-92.23,14.53],[-92.86,15.15],[-92.76,15.07],[-92.76,15.18],[-94.13,16.22],[-94.41,16.28],[-93.97,15.99],[-94.73,16.21],[-94.59,16.32],[-94.67,16.37],[-94.86,16.25],[-94.76,16.21],[-95.14,16.19],[-95.44,15.98],[-96.56,15.66],[-97.21,15.92],[-97.78,15.98],[-98.55,16.31],[-98.77,16.55],[-99.66,16.7],[-101.06,17.27],[-101.94,17.96],[-102.19,17.92],[-103.36,18.27],[-103.96,18.87],[-104.96,19.33],[-105.51,20.02],[-105.69,20.41],[-105.25,20.58],[-105.34,20.75],[-105.54,20.77],[-105.24,21.06],[-105.19,21.45],[-105.25,21.6],[-105.45,21.64],[-105.46,21.97],[-105.54,21.83],[-105.63,21.96],[-105.64,22.18],[-105.54,21.97],[-105.32,22.2],[-105.61,22.3],[-105.64,22.73],[-105.83,22.77],[-105.7,22.47],[-106.43,23.18],[-107.15,24.15],[-107.81,24.51],[-107.52,24.37],[-107.54,24.53],[-107.63,24.47],[-108.0,24.65],[-108.07,24.78],[-107.96,24.71],[-107.92,24.8],[-108.03,25.06],[-108.34,25.3],[-108.39,25.19],[-108.78,25.54],[-109.04,25.46],[-109.15,25.68],[-109.29,25.66],[-109.44,25.96],[-109.27,26.51],[-109.44,26.71],[-109.82,26.75],[-109.92,27.07],[-110.52,27.29],[-110.62,27.63],[-110.52,27.86],[-111.1,27.94],[-112.17,28.97],[-112.23,29.3],[-112.41,29.34],[-112.38,29.49],[-112.75,29.92],[-112.76,30.2],[-113.09,30.69],[-113.1,31.2],[-113.62,31.33],[-113.65,31.49],[-113.84,31.6],[-114.17,31.5],[-114.8,31.82],[-114.89,31.15],[-114.71,30.91],[-114.66,30.19],[-114.39,29.78],[-113.64,29.28],[-113.53,28.9],[-113.38,28.94],[-113.1,28.51],[-112.85,28.44],[-112.77,27.86],[-112.36,27.55],[-112.2,27.2],[-111.95,27.1],[-112.01,26.97],[-111.78,26.57],[-111.69,26.59],[-111.85,26.88],[-111.56,26.7],[-111.31,25.78],[-111.02,25.52],[-110.69,24.88],[-110.74,24.55],[-110.61,24.26],[-110.32,24.18],[-110.33,24.33],[-110.23,24.34],[-109.98,24.04],[-109.83,24.06],[-109.69,23.66],[-109.47,23.55],[-109.46,23.2],[-109.9,22.88],[-110.06,22.95],[-110.33,23.56],[-111.64,24.56],[-111.82,24.51],[-111.94,24.74],[-112.06,24.75],[-112.17,24.96],[-112.07,25.68],[-112.19,25.98],[-112.41,26.24],[-113.06,26.6],[-113.23,26.78],[-113.15,26.97],[-113.27,26.75],[-113.61,26.71],[-113.86,26.97],[-114.43,27.18],[-114.52,27.42],[-115.01,27.72],[-115.07,27.85],[-114.5,27.77],[-114.32,27.87],[-114.12,27.6],[-113.96,27.66],[-113.93,27.75],[-114.18,27.8],[-114.05,28.02],[-114.05,28.47],[-114.96,29.37],[-115.69,29.75],[-115.81,30.3],[-116.05,30.47],[-116.06,30.8],[-116.34,30.97],[-116.36,31.25],[-116.69,31.55],[-116.74,31.75],[-116.61,31.84],[-116.88,32.02],[-117.12,32.53]]],[[[-112.19,28.97],[-112.31,28.75],[-112.58,28.88],[-112.45,29.2],[-112.26,29.2],[-112.19,28.97]]],[[[-113.59,29.42],[-113.51,29.55],[-113.36,29.31],[-113.17,29.28],[-113.12,28.99],[-113.59,29.42]]]]}},{"type":"Feature","properties":{"iso3":"TCA","name":"Turks and Caicos Islands (U.K.)"},"geometry":{"type":"Polygon","coordinates":[[[-71.85,21.85],[-71.67,21.83],[-71.63,21.73],[-71.83,21.76],[-71.85,21.85]]]}},{"type":"Feature","properties":{"iso3":"ABW","name":"Aruba (Neth.)"},"geometry":{"type":"Polygon","coordinates":[[[-70.03,12.5],[-70.06,12.62],[-69.87,12.41],[-70.03,12.5]]]}},{"type":"Feature","properties":{"iso3":"AIA","name":"Anguilla (U.K.)"},"geometry":{"type":"Polygon","coordinates":[[[-63.17,18.16],[-63.05,18.25],[-62.97,18.28],[-62.99,18.23],[-63.17,18.16]]]}},{"type":"Feature","properties":{"iso3":"ATG","name":"Antigua and Barbuda"},"geometry":{"type":"Polygon","coordinates":[[[-61.83,17.0],[-61.83,17.17],[-61.67,17.04],[-61.83,17.0]]]}},{"type":"Feature","properties":{"iso3":"BES","name":"Bonaire (Neth.)"},"geometry":{"type":"Polygon","coordinates":[[[-68.41,12.28],[-68.2,12.22],[-68.24,12.03],[-68.3,12.19],[-68.41,12.28]]]}},{"type":"Feature","properties":{"iso3":"BLM","name":"Saint-Barth\u00e9lemy (Fr.)"},"geometry":{"type":"Polygon","coordinates":[[[-62.84,17.88],[-62.79,17.91],[-62.79,17.91],[-62.84,17.88]]]}},{"type":"Feature","properties":{"iso3":"BLZ","name":"Belize"},"geometry":{"type":"Polygon","coordinates":[[[-89.23,15.9],[-89.15,17.94],[-88.86,17.9],[-88.52,18.46],[-88.3,18.47],[-88.38,18.34],[-88.1,18.37],[-88.3,17.6],[-88.18,17.49],[-88.31,16.65],[-88.91,15.91],[-89.23,15.9]]]}},{"type":"Feature","properties":{"iso3":"COL","name":"Colombia"},"geometry":{"type":"Polygon","coordinates":[[[-78.99,1.65],[-78.87,1.8],[-78.55,1.76],[-78.69,2.1],[-78.57,2.43],[-78.28,2.4],[-77.93,2.63],[-77.78,2.56],[-77.67,3.04],[-77.11,3.64],[-77.05,3.87],[-77.28,3.84],[-77.24,4.1],[-77.36,3.93],[-77.44,4.03],[-77.27,4.21],[-77.39,4.31],[-77.28,4.66],[-77.38,5.45],[-77.54,5.48],[-77.27,5.72],[-77.48,6.19],[-77.33,6.55],[-77.7,6.84],[-77.68,7.04],[-77.88,7.22],[-77.7,7.51],[-77.73,7.7],[-77.56,7.52],[-77.32,7.9],[-77.17,7.94],[-77.45,8.47],[-77.41,8.64],[-76.98,8.25],[-77.0,7.91],[-76.93,8.03],[-76.92,7.92],[-76.75,7.93],[-76.76,8.4],[-76.93,8.56],[-76.33,8.92],[-75.95,9.44],[-75.84,9.35],[-75.62,9.4],[-75.56,9.63],[-75.69,9.71],[-75.52,10.06],[-75.56,10.4],[-75.26,10.8],[-74.85,11.11],[-74.75,11.0],[-74.29,10.99],[-74.11,11.35],[-73.29,11.28],[-72.77,11.68],[-72.23,11.89],[-72.14,12.24],[-71.97,12.26],[-71.93,12.15],[-71.95,12.27],[-71.66,12.46],[-71.3,12.35],[-71.14,12.0],[-71.97,11.65],[-72.25,11.14],[-72.45,11.12],[-72.65,10.88],[-72.9,10.44],[-72.95,9.84],[-73.36,9.18],[-73.01,9.29],[-72.95,9.1],[-72.77,9.11],[-72.65,8.62],[-72.35,8.17],[-72.35,8.01],[-72.48,7.94],[-72.47,7.49],[-72.19,7.38],[-72.05,7.04],[-71.02,6.98],[-70.68,7.11],[-70.32,6.94],[-70.12,6.98],[-69.28,6.06],[-69.04,6.22],[-68.67,6.13],[-68.02,6.2],[-67.82,6.33],[-67.45,6.2],[-67.41,6.0],[-67.6,5.82],[-67.62,5.48],[-67.86,5.27],[-67.86,4.53],[-67.64,3.79],[-67.5,3.77],[-67.31,3.38],[-67.86,2.82],[-67.61,2.81],[-67.22,2.39],[-66.85,1.35],[-66.85,1.22],[-67.09,1.17],[-67.13,1.78],[-67.31,1.91],[-67.39,2.22],[-67.65,1.99],[-67.78,2.03],[-67.91,1.8],[-68.21,2.01],[-68.28,1.84],[-68.16,1.73],[-69.84,1.7],[-69.84,1.08],[-69.25,1.06],[-69.12,0.64],[-69.35,0.61],[-69.48,0.73],[-70.05,0.54],[-70.06,-0.17],[-69.61,-0.5],[-69.62,-0.75],[-69.4,-1.12],[-69.93,-4.22],[-70.29,-3.82],[-70.71,-3.8],[-70.06,-2.76],[-70.32,-2.5],[-70.62,-2.48],[-70.99,-2.21],[-70.99,-2.31],[-71.39,-2.41],[-71.74,-2.16],[-72.15,-2.47],[-72.63,-2.36],[-72.93,-2.46],[-73.17,-2.23],[-73.08,-2.1],[-73.15,-1.8],[-73.54,-1.7],[-73.47,-1.58],[-73.62,-1.26],[-74.27,-0.98],[-74.39,-0.55],[-74.79,-0.2],[-75.81,0.05],[-76.28,0.44],[-76.41,0.24],[-76.59,0.22],[-77.53,0.41],[-77.49,0.64],[-77.67,0.82],[-78.19,0.94],[-78.31,1.18],[-78.62,1.25],[-78.99,1.65]],[[-74.62,10.78],[-74.46,10.65],[-74.25,10.98],[-74.53,10.98],[-74.62,10.78]]]}},{"type":"Feature","properties":{"iso3":"CUW","name":"Cura\u00e7ao (Neth.)"},"geometry":{"type":"Polygon","coordinates":[[[-68.99,12.14],[-69.15,12.39],[-68.74,12.05],[-68.99,12.14]]]}},{"type":"Feature","properties":{"iso3":"DMA","name":"Dominica"},"geometry":{"type":"Polygon","coordinates":[[[-61.37,15.21],[-61.45,15.64],[-61.3,15.58],[-61.26,15.25],[-61.37,15.21]]]}},{"type":"Feature","properties":{"iso3":"GLP","name":"France"},"geometry":{"type":"Polygon","coordinates":[[[-61.77,16.06],[-61.76,16.36],[-61.55,16.27],[-61.62,15.97],[-61.77,16.06]]]}},{"type":"Feature","properties":{"iso3":"GRD","name":"Grenada"},"geometry":{"type":"Polygon","coordinates":[[[-61.8,12.0],[-61.69,12.22],[-61.61,12.22],[-61.65,12.03],[-61.8,12.0]]]}},{"type":"Feature","properties":{"iso3":"GTM","name":"Guatemala"},"geometry":{"type":"Polygon","coordinates":[[[-92.23,14.53],[-92.06,15.07],[-92.21,15.26],[-91.73,16.07],[-90.44,16.13],[-90.4,16.41],[-90.63,16.48],[-90.71,16.73],[-91.44,17.25],[-90.99,17.26],[-90.99,17.82],[-89.15,17.82],[-89.22,15.91],[-88.83,15.87],[-88.61,15.7],[-88.62,15.97],[-88.27,15.74],[-89.16,15.07],[-89.15,14.58],[-89.57,14.41],[-89.53,14.22],[-90.02,13.94],[-90.1,13.74],[-90.72,13.94],[-91.33,13.96],[-92.23,14.53]]]}},{"type":"Feature","properties":{"iso3":"HND","name":"Honduras"},"geometry":{"type":"Polygon","coordinates":[[[-89.36,14.47],[-89.15,14.59],[-89.15,15.07],[-88.25,15.72],[-87.73,15.92],[-87.52,15.78],[-86.91,15.76],[-86.36,15.78],[-85.94,15.93],[-86.0,16.03],[-85.47,15.86],[-85.02,15.98],[-84.3,15.82],[-83.15,15.0],[-83.5,15.01],[-83.7,14.82],[-84.47,14.62],[-84.9,14.81],[-85.15,14.57],[-85.19,14.25],[-85.75,13.97],[-85.75,13.83],[-86.04,14.07],[-86.33,13.77],[-86.76,13.77],[-86.71,13.3],[-86.91,13.26],[-87.03,12.99],[-87.22,13.01],[-87.18,13.12],[-87.43,13.11],[-87.51,13.27],[-87.38,13.41],[-87.57,13.38],[-87.64,13.49],[-87.79,13.41],[-87.71,13.8],[-87.8,13.91],[-88.01,13.87],[-88.22,14.0],[-88.47,13.85],[-89.36,14.47]],[[-84.1,15.47],[-84.1,15.34],[-83.98,15.4],[-83.76,15.2],[-83.63,15.3],[-83.97,15.51],[-84.1,15.47]]]}},{"type":"Feature","properties":{"iso3":"JAM","name":"Jamaica"},"geometry":{"type":"Polygon","coordinates":[[[-78.37,18.27],[-78.21,18.46],[-77.82,18.52],[-76.9,18.41],[-76.34,18.15],[-76.18,17.91],[-76.53,17.85],[-76.85,17.98],[-76.95,17.84],[-77.14,17.89],[-77.18,17.71],[-77.39,17.86],[-77.74,17.85],[-78.06,18.2],[-78.37,18.27]]]}},{"type":"Feature","properties":{"iso3":"KNA","name":"Saint Kitts and Nevis"},"geometry":{"type":"Polygon","coordinates":[[[-62.86,17.39],[-62.78,17.4],[-62.63,17.23],[-62.66,17.21],[-62.86,17.39]]]}},{"type":"Feature","properties":{"iso3":"MAF","name":"Saint-Martin (Fr.)"},"geometry":{"type":"Polygon","coordinates":[[[-63.01,18.05],[-63.07,18.1],[-63.02,18.12],[-63.01,18.05]]]}},{"type":"Feature","properties":{"iso3":"MSR","name":"Montserrat (U.K.)"},"geometry":{"type":"Polygon","coordinates":[[[-62.16,16.68],[-62.24,16.72],[-62.2,16.82],[-62.16,16.68]]]}},{"type":"Feature","properties":{"iso3":"NIC","name":"Nicaragua"},"geometry":{"type":"Polygon","coordinates":[[[-87.69,12.91],[-87.57,13.05],[-87.36,12.87],[-87.03,12.82],[-87.14,13.0],[-86.96,13.04],[-86.87,13.3],[-86.71,13.31],[-86.76,13.77],[-86.34,13.77],[-86.01,14.08],[-85.75,13.84],[-85.75,13.97],[-85.18,14.25],[-85.15,14.57],[-84.9,14.82],[-84.47,14.62],[-84.23,14.76],[-83.82,14.78],[-83.5,15.01],[-83.18,14.99],[-83.43,14.82],[-83.3,14.77],[-83.2,14.33],[-83.55,13.46],[-83.49,12.46],[-83.83,11.88],[-83.7,11.85],[-83.64,11.61],[-83.87,11.3],[-83.66,10.82],[-83.86,10.72],[-84.68,11.08],[-84.91,10.94],[-85.6,11.21],[-85.74,11.09],[-86.52,11.78],[-86.75,12.23],[-87.69,12.91]]]}},{"type":"Feature","properties":{"iso3":"PRI","name":"Puerto Rico (U.S.)"},"geometry":{"type":"Polygon","coordinates":[[[-67.27,18.37],[-67.12,18.51],[-66.14,18.47],[-65.62,18.39],[-65.59,18.23],[-66.15,17.93],[-67.2,17.93],[-67.16,18.21],[-67.27,18.37]]]}},{"type":"Feature","properties":{"iso3":"SLV","name":"El Salvador"},"geometry":{"type":"Polygon","coordinates":[[[-90.13,13.75],[-89.9,14.03],[-89.53,14.22],[-89.57,14.42],[-89.39,14.45],[-89.1,14.4],[-88.47,13.86],[-88.23,14.0],[-88.01,13.88],[-87.81,13.92],[-87.72,13.45],[-87.9,13.4],[-87.78,13.29],[-87.9,13.16],[-88.64,13.3],[-88.46,13.17],[-89.31,13.49],[-89.81,13.52],[-90.13,13.75]]]}},{"type":"Feature","properties":{"iso3":"SXM","name":"Sint Maarten (Neth.)"},"geometry":{"type":"Polygon","coordinates":[[[-63.04,18.01],[-63.06,18.06],[-63.02,18.05],[-63.04,18.01]]]}},{"type":"Feature","properties":{"iso3":"VGB","name":"British Virgin Islands (U.K.)"},"geometry":{"type":"Polygon","coordinates":[[[-64.66,18.38],[-64.64,18.45],[-64.55,18.44],[-64.66,18.38]]]}},{"type":"Feature","properties":{"iso3":"VIR","name":"United States Virgin Islands (U.S.)"},"geometry":{"type":"Polygon","coordinates":[[[-64.9,17.67],[-64.89,17.76],[-64.57,17.76],[-64.69,17.7],[-64.9,17.67]]]}},{"type":"Feature","properties":{"iso3":"CRI","name":"Costa Rica"},"geometry":{"type":"Polygon","coordinates":[[[-85.95,10.89],[-85.71,10.93],[-85.61,11.22],[-84.92,10.95],[-84.68,11.08],[-84.36,11.0],[-84.21,10.78],[-83.93,10.71],[-83.64,10.91],[-83.4,10.34],[-82.55,9.55],[-82.85,9.61],[-82.94,9.46],[-82.93,9.09],[-82.71,8.93],[-82.91,8.76],[-82.84,8.48],[-83.04,8.34],[-82.94,8.27],[-82.89,8.11],[-82.9,8.04],[-83.14,8.37],[-83.13,8.61],[-83.38,8.75],[-83.47,8.69],[-83.28,8.54],[-83.29,8.37],[-83.57,8.44],[-83.73,8.59],[-83.52,8.86],[-83.61,9.04],[-84.25,9.51],[-84.54,9.52],[-84.75,9.97],[-85.25,10.19],[-85.2,10.02],[-84.86,9.83],[-85.11,9.56],[-85.35,9.84],[-85.67,9.9],[-85.88,10.36],[-85.64,10.61],[-85.66,10.76],[-85.95,10.89]]]}},{"type":"Feature","properties":{"iso3":"CYM","name":"Cayman Islands (U.K.)"},"geometry":{"type":"Polygon","coordinates":[[[-81.38,19.26],[-81.38,19.39],[-81.34,19.29],[-81.08,19.33],[-81.38,19.26]]]}},{"type":"Feature","properties":{"iso3":"ECU","name":"Ecuador"},"geometry":{"type":"MultiPolygon","coordinates":[[[[-81.01,-2.19],[-80.74,-2.06],[-80.85,-1.6],[-80.74,-1.36],[-80.91,-1.06],[-80.58,-0.92],[-80.41,-0.58],[-80.49,-0.38],[-80.07,0.06],[-79.98,0.57],[-80.1,0.76],[-79.06,1.21],[-78.97,1.13],[-78.81,1.41],[-78.51,1.19],[-78.31,1.19],[-78.19,0.95],[-77.96,0.82],[-77.67,0.82],[-77.67,0.71],[-77.48,0.66],[-77.52,0.41],[-76.58,0.22],[-76.28,0.44],[-75.81,0.05],[-75.26,-0.12],[-75.61,-0.13],[-75.24,-0.52],[-75.19,-0.97],[-75.39,-0.95],[-75.56,-1.56],[-76.63,-2.59],[-77.85,-3.0],[-78.19,-3.36],[-78.18,-3.5],[-78.34,-3.39],[-78.65,-4.58],[-78.86,-4.67],[-79.03,-5.01],[-79.27,-4.96],[-79.63,-4.44],[-79.81,-4.49],[-80.14,-4.29],[-80.45,-4.45],[-80.34,-4.23],[-80.48,-4.06],[-80.14,-3.89],[-80.24,-3.46],[-80.0,-3.4],[-79.65,-2.55],[-79.85,-2.17],[-79.87,-2.29],[-80.01,-2.19],[-79.97,-2.34],[-80.26,-2.74],[-81.01,-2.19]]],[[[-91.59,-0.01],[-91.36,0.16],[-91.2,-0.02],[-90.78,-0.76],[-90.85,-0.92],[-91.18,-1.05],[-91.51,-0.91],[-91.08,-0.61],[-91.39,-0.26],[-91.42,-0.03],[-91.59,-0.01]]],[[[-90.55,-0.62],[-90.35,-0.49],[-90.17,-0.58],[-90.24,-0.74],[-90.4,-0.77],[-90.55,-0.62]]],[[[-80.26,-2.86],[-80.09,-2.69],[-79.9,-2.74],[-80.17,-2.85],[-80.1,-2.97],[-80.2,-3.04],[-80.26,-2.86]]],[[[-91.66,-0.31],[-91.41,-0.29],[-91.4,-0.47],[-91.61,-0.48],[-91.66,-0.31]]]]}},{"type":"Feature","properties":{"iso3":"PAN","name":"Panama"},"geometry":{"type":"Polygon","coordinates":[[[-83.05,8.33],[-82.84,8.48],[-82.92,8.77],[-82.72,8.93],[-82.94,9.08],[-82.86,9.62],[-82.34,9.43],[-82.39,9.26],[-82.17,9.16],[-82.27,9.15],[-82.24,9.0],[-81.8,8.94],[-81.89,9.19],[-81.35,8.78],[-80.13,9.21],[-79.54,9.63],[-78.04,9.24],[-77.54,8.71],[-77.37,8.68],[-77.45,8.48],[-77.16,7.93],[-77.33,7.89],[-77.56,7.51],[-77.73,7.68],[-77.7,7.51],[-77.89,7.22],[-78.3,7.68],[-78.45,8.07],[-78.26,8.07],[-78.31,8.25],[-78.18,8.26],[-78.16,8.42],[-78.06,8.34],[-78.08,8.5],[-78.21,8.42],[-78.43,8.55],[-78.42,8.35],[-78.61,8.79],[-79.12,9.09],[-79.71,8.87],[-79.87,8.64],[-79.7,8.66],[-80.18,8.33],[-80.41,8.34],[-80.48,8.08],[-79.99,7.51],[-80.37,7.42],[-80.44,7.24],[-80.93,7.25],[-81.02,7.88],[-81.24,7.93],[-81.23,7.61],[-81.53,7.72],[-81.75,8.21],[-82.11,8.26],[-82.16,8.17],[-82.21,8.35],[-82.69,8.35],[-82.87,8.25],[-82.88,8.03],[-83.05,8.33]]]}},{"type":"Feature","properties":{"iso3":"PER","name":"Peru"},"geometry":{"type":"Polygon","coordinates":[[[-81.33,-4.68],[-81.25,-4.27],[-80.31,-3.41],[-80.13,-3.89],[-80.48,-4.05],[-80.44,-4.2],[-80.31,-4.2],[-80.45,-4.45],[-80.14,-4.29],[-79.81,-4.49],[-79.64,-4.43],[-79.27,-4.96],[-79.02,-5.0],[-78.86,-4.68],[-78.66,-4.58],[-78.35,-3.38],[-78.18,-3.5],[-78.2,-3.36],[-77.84,-3.0],[-76.63,-2.59],[-75.56,-1.55],[-75.39,-0.93],[-75.22,-0.96],[-75.22,-0.62],[-75.61,-0.11],[-75.32,-0.16],[-75.18,-0.04],[-74.42,-0.5],[-74.27,-0.98],[-73.62,-1.26],[-73.46,-1.57],[-73.53,-1.71],[-73.15,-1.8],[-73.07,-2.09],[-73.17,-2.23],[-72.93,-2.45],[-72.63,-2.36],[-72.37,-2.49],[-72.15,-2.44],[-71.73,-2.14],[-71.38,-2.4],[-70.87,-2.22],[-70.63,-2.48],[-70.3,-2.51],[-70.07,-2.67],[-70.71,-3.79],[-70.28,-3.83],[-69.97,-4.32],[-70.2,-4.36],[-70.38,-4.14],[-70.76,-4.16],[-70.94,-4.38],[-71.92,-4.53],[-72.88,-5.16],[-72.96,-5.66],[-73.24,-6.05],[-73.14,-6.51],[-73.71,-6.84],[-73.8,-7.12],[-73.7,-7.31],[-73.94,-7.37],[-73.98,-7.55],[-73.68,-7.78],[-73.77,-7.91],[-73.54,-8.35],[-72.94,-8.99],[-73.19,-9.41],[-72.35,-9.5],[-72.15,-10.0],[-71.22,-9.97],[-70.49,-9.42],[-70.62,-9.83],[-70.62,-10.98],[-70.31,-11.07],[-69.93,-10.92],[-69.58,-10.94],[-68.65,-12.5],[-68.87,-12.88],[-68.91,-13.52],[-69.06,-13.67],[-68.83,-14.22],[-68.98,-14.24],[-69.36,-14.81],[-69.12,-15.26],[-69.41,-15.63],[-69.27,-16.12],[-68.8,-16.33],[-69.63,-17.26],[-69.47,-17.5],[-69.8,-17.65],[-69.75,-17.99],[-69.97,-18.26],[-70.38,-18.35],[-71.38,-17.71],[-71.51,-17.27],[-72.11,-17.02],[-72.46,-16.7],[-73.7,-16.24],[-75.14,-15.41],[-75.52,-14.91],[-75.92,-14.66],[-76.14,-14.23],[-76.27,-14.2],[-76.29,-13.91],[-76.4,-13.89],[-76.25,-13.84],[-76.21,-13.37],[-76.8,-12.36],[-77.17,-12.07],[-77.21,-11.65],[-77.65,-11.3],[-77.66,-10.95],[-78.19,-10.11],[-78.23,-9.8],[-78.98,-8.21],[-79.47,-7.72],[-79.69,-7.12],[-79.99,-6.75],[-81.15,-5.98],[-81.07,-5.78],[-80.87,-5.77],[-80.86,-5.6],[-81.2,-5.21],[-81.06,-5.03],[-81.33,-4.68]]]}},{"type":"Feature","properties":{"iso3":"ASM","name":"American Samoa (U.S.)"},"geometry":{"type":"Polygon","coordinates":[[[-170.84,-14.32],[-170.67,-14.24],[-170.56,-14.26],[-170.76,-14.37],[-170.84,-14.32]]]}},{"type":"Feature","properties":{"iso3":"CHL","name":"Chile"},"geometry":{"type":"MultiPolygon","coordinates":[[[[-75.64,-46.72],[-75.17,-46.3],[-74.74,-46.2],[-74.68,-45.98],[-75.01,-46.11],[-75.07,-45.87],[-74.68,-45.82],[-74.42,-45.92],[-74.48,-45.61],[-74.38,-45.45],[-74.18,-45.62],[-74.35,-45.79],[-74.08,-45.81],[-73.96,-46.14],[-73.73,-46.23],[-73.91,-46.54],[-73.8,-46.57],[-73.55,-46.3],[-73.67,-46.33],[-73.48,-45.45],[-73.15,-45.29],[-73.51,-45.23],[-73.31,-45.2],[-73.36,-44.95],[-73.25,-44.95],[-73.45,-44.64],[-73.15,-44.57],[-73.25,-44.5],[-73.17,-44.4],[-72.73,-44.45],[-73.28,-44.16],[-73.1,-44.09],[-72.92,-43.62],[-73.09,-43.44],[-73.05,-43.32],[-72.88,-43.24],[-72.86,-43.03],[-72.72,-43.07],[-72.85,-42.62],[-72.81,-42.51],[-72.63,-42.52],[-72.84,-42.3],[-72.58,-42.19],[-72.4,-42.48],[-72.44,-41.98],[-72.61,-42.04],[-72.88,-41.92],[-72.62,-41.72],[-72.73,-41.55],[-72.94,-41.48],[-73.15,-41.81],[-73.53,-41.8],[-73.35,-42.34],[-73.65,-42.38],[-73.58,-42.53],[-73.78,-42.61],[-73.49,-42.79],[-73.48,-42.9],[-73.63,-42.9],[-73.48,-43.14],[-73.74,-43.12],[-73.66,-43.32],[-73.85,-43.43],[-74.4,-43.26],[-74.15,-42.86],[-74.06,-41.83],[-73.59,-41.79],[-73.76,-41.74],[-73.66,-41.6],[-73.85,-41.46],[-73.95,-40.99],[-73.72,-40.56],[-73.71,-40.01],[-73.4,-39.87],[-73.21,-39.37],[-73.49,-38.66],[-73.44,-38.13],[-73.65,-37.72],[-73.64,-37.2],[-73.42,-37.25],[-73.16,-37.12],[-73.22,-36.78],[-73.12,-36.61],[-72.98,-36.71],[-72.78,-35.98],[-72.57,-35.8],[-72.61,-35.55],[-72.2,-35.11],[-72.01,-34.13],[-71.63,-33.61],[-71.74,-33.1],[-71.55,-33.01],[-71.43,-32.63],[-71.72,-30.6],[-71.65,-30.27],[-71.39,-30.18],[-71.42,-30.0],[-71.27,-29.89],[-71.52,-28.91],[-71.17,-28.36],[-71.04,-27.66],[-70.9,-27.62],[-70.97,-27.17],[-70.79,-26.99],[-70.64,-26.35],[-70.74,-25.82],[-70.45,-25.36],[-70.58,-24.55],[-70.53,-23.86],[-70.39,-23.61],[-70.48,-23.47],[-70.63,-23.52],[-70.6,-23.25],[-70.58,-23.08],[-70.4,-23.08],[-70.29,-22.92],[-70.06,-21.44],[-70.21,-20.81],[-70.13,-19.88],[-70.38,-18.35],[-69.86,-18.17],[-69.75,-17.95],[-69.82,-17.69],[-69.47,-17.5],[-69.29,-17.96],[-69.06,-18.06],[-69.14,-18.16],[-68.95,-18.94],[-68.4,-19.42],[-68.68,-19.74],[-68.52,-19.92],[-68.76,-20.09],[-68.66,-20.32],[-68.74,-20.45],[-68.44,-20.63],[-68.54,-20.91],[-68.18,-21.3],[-68.18,-21.6],[-67.84,-22.54],[-67.88,-22.83],[-67.18,-22.81],[-66.99,-23.0],[-67.32,-24.03],[-68.26,-24.4],[-68.5,-24.62],[-68.56,-24.8],[-68.34,-25.11],[-68.5,-25.17],[-68.59,-25.44],[-68.38,-26.18],[-68.56,-26.29],[-68.59,-26.49],[-68.26,-26.92],[-68.29,-27.04],[-68.84,-27.16],[-68.81,-27.3],[-69.12,-27.9],[-69.64,-28.39],[-69.79,-29.13],[-70.02,-29.34],[-69.88,-29.73],[-69.96,-30.09],[-69.82,-30.18],[-69.89,-30.35],[-70.14,-30.37],[-70.27,-31.04],[-70.52,-31.19],[-70.56,-31.6],[-70.46,-31.84],[-70.21,-31.96],[-70.37,-32.04],[-70.32,-32.26],[-69.99,-32.9],[-70.06,-33.2],[-69.77,-33.34],[-69.9,-33.77],[-69.8,-34.21],[-70.03,-34.29],[-70.31,-34.75],[-70.37,-35.17],[-70.58,-35.26],[-70.43,-35.32],[-70.31,-35.81],[-70.42,-35.88],[-70.42,-36.16],[-70.7,-36.27],[-70.71,-36.43],[-71.04,-36.49],[-71.01,-36.69],[-71.16,-36.83],[-71.09,-37.11],[-71.21,-37.29],[-71.12,-37.47],[-71.21,-37.7],[-70.83,-38.6],[-70.92,-38.76],[-71.43,-38.93],[-71.46,-39.58],[-71.7,-39.59],[-71.59,-39.91],[-71.82,-40.22],[-71.66,-40.36],[-71.82,-40.42],[-71.97,-40.74],[-71.82,-41.06],[-71.91,-41.36],[-71.73,-42.11],[-72.18,-42.16],[-72.01,-42.49],[-72.18,-42.68],[-72.13,-42.91],[-71.73,-43.2],[-71.92,-43.44],[-71.58,-43.65],[-71.75,-43.79],[-71.65,-43.95],[-71.85,-44.12],[-71.83,-44.37],[-71.17,-44.44],[-71.1,-44.59],[-71.29,-44.81],[-72.06,-44.77],[-72.03,-44.9],[-71.56,-44.98],[-71.32,-45.29],[-71.79,-45.66],[-71.62,-45.98],[-71.9,-46.15],[-71.73,-46.27],[-71.65,-46.68],[-71.95,-46.82],[-71.86,-47.23],[-72.33,-47.45],[-72.31,-47.59],[-72.51,-47.75],[-72.52,-47.94],[-72.23,-48.32],[-72.58,-48.5],[-72.53,-48.8],[-72.95,-48.95],[-73.14,-49.19],[-73.04,-49.27],[-73.49,-49.24],[-73.41,-49.33],[-73.55,-49.51],[-73.45,-49.8],[-73.56,-50.26],[-73.14,-50.78],[-72.73,-50.61],[-72.29,-50.66],[-72.27,-51.03],[-72.4,-51.11],[-72.26,-51.25],[-72.42,-51.57],[-71.95,-51.87],[-72.01,-51.98],[-70.0,-52.0],[-68.42,-52.33],[-68.42,-52.38],[-69.23,-52.2],[-69.46,-52.27],[-69.67,-52.54],[-70.76,-52.72],[-70.99,-53.39],[-70.91,-53.63],[-70.99,-53.8],[-71.3,-53.9],[-72.56,-53.54],[-73.31,-53.17],[-72.74,-53.2],[-72.97,-53.11],[-72.93,-53.03],[-73.21,-53.11],[-73.49,-52.91],[-73.8,-52.92],[-73.31,-52.83],[-73.25,-52.72],[-73.34,-52.63],[-73.72,-52.76],[-73.55,-52.49],[-73.65,-52.4],[-73.56,-52.22],[-73.63,-52.18],[-73.68,-52.12],[-73.73,-52.03],[-73.36,-52.22],[-73.25,-52.2],[-73.23,-52.11],[-73.51,-52.07],[-73.65,-51.83],[-73.46,-51.95],[-73.58,-51.72],[-73.71,-51.79],[-73.92,-51.62],[-73.9,-51.37],[-73.64,-51.51],[-73.7,-51.29],[-74.0,-51.13],[-74.13,-51.18],[-74.26,-50.81],[-74.39,-50.83],[-74.37,-51.19],[-74.52,-51.23],[-74.54,-51.39],[-75.04,-51.44],[-74.8,-51.21],[-74.51,-51.2],[-74.59,-51.06],[-74.95,-50.99],[-74.93,-50.88],[-74.63,-50.93],[-74.69,-50.74],[-74.5,-50.73],[-74.63,-50.67],[-74.44,-50.54],[-74.69,-50.49],[-74.36,-50.46],[-74.16,-50.73],[-74.26,-50.44],[-74.71,-50.2],[-74.43,-50.02],[-74.18,-50.25],[-74.13,-50.23],[-74.36,-49.98],[-74.08,-49.99],[-74.33,-49.88],[-74.18,-49.75],[-74.29,-49.77],[-74.21,-49.58],[-73.91,-49.55],[-73.79,-49.67],[-73.88,-49.53],[-74.07,-49.5],[-73.98,-49.24],[-74.1,-49.24],[-74.22,-49.54],[-74.39,-49.4],[-74.35,-49.16],[-74.4,-49.1],[-74.41,-49.9],[-74.64,-50.06],[-74.91,-49.94],[-74.89,-49.53],[-74.98,-49.89],[-75.25,-49.88],[-75.37,-49.74],[-75.62,-49.85],[-75.64,-49.76],[-75.52,-49.73],[-75.52,-49.58],[-75.25,-49.56],[-75.45,-49.27],[-75.04,-49.26],[-75.05,-49.14],[-75.2,-49.13],[-75.08,-48.98],[-74.91,-49.0],[-74.99,-48.76],[-74.66,-48.64],[-74.96,-48.57],[-75.21,-48.08],[-74.73,-48.22],[-74.66,-48.13],[-74.38,-48.98],[-74.41,-48.8],[-74.27,-48.69],[-74.36,-48.59],[-74.14,-48.47],[-74.01,-48.52],[-73.98,-48.42],[-74.61,-47.99],[-73.99,-47.97],[-73.71,-48.03],[-73.51,-48.24],[-73.3,-48.18],[-73.6,-47.98],[-73.61,-47.87],[-73.48,-47.85],[-73.7,-47.73],[-73.9,-47.84],[-73.79,-47.93],[-74.26,-47.96],[-74.47,-47.89],[-74.31,-47.8],[-74.37,-47.74],[-74.69,-47.69],[-74.5,-47.51],[-74.3,-47.58],[-74.49,-47.41],[-74.26,-47.19],[-74.09,-47.19],[-74.19,-47.09],[-74.07,-46.98],[-74.24,-46.81],[-74.6,-46.79],[-74.4,-46.9],[-74.97,-46.74],[-75.05,-46.62],[-74.93,-46.48],[-75.48,-46.68],[-75.32,-46.73],[-75.32,-46.93],[-75.49,-46.96],[-75.64,-46.72]],[[-72.52,-53.4],[-72.12,-53.25],[-72.15,-53.43],[-72.02,-53.24],[-71.87,-53.23],[-71.77,-53.41],[-71.74,-53.21],[-71.36,-53.12],[-71.12,-52.9],[-71.39,-52.79],[-72.04,-53.14],[-72.34,-53.08],[-72.2,-53.2],[-72.48,-53.2],[-72.52,-53.4]],[[-72.84,-52.58],[-72.67,-52.68],[-72.78,-52.79],[-72.68,-52.72],[-72.44,-52.88],[-72.16,-52.65],[-71.49,-52.64],[-72.11,-52.52],[-72.33,-52.53],[-72.43,-52.68],[-72.84,-52.58]],[[-73.13,-52.08],[-73.0,-52.06],[-73.06,-52.17],[-72.96,-52.2],[-72.82,-51.94],[-72.66,-52.12],[-72.66,-51.95],[-72.47,-51.92],[-72.46,-51.77],[-72.72,-51.83],[-73.06,-51.7],[-72.91,-51.85],[-73.12,-51.94],[-73.13,-52.08]]],[[[-71.17,-54.43],[-70.66,-54.34],[-70.58,-54.35],[-70.65,-54.44],[-70.3,-54.51],[-70.53,-54.3],[-70.87,-54.26],[-70.93,-54.12],[-70.81,-54.1],[-70.91,-53.89],[-70.62,-53.87],[-70.71,-53.7],[-70.53,-53.57],[-70.33,-54.02],[-70.67,-53.96],[-70.22,-54.24],[-70.5,-54.26],[-70.17,-54.42],[-70.2,-54.32],[-69.99,-54.27],[-69.74,-54.52],[-69.85,-54.29],[-69.61,-54.37],[-69.62,-54.46],[-69.55,-54.34],[-69.2,-54.45],[-69.17,-54.56],[-69.0,-54.47],[-70.08,-54.07],[-70.14,-53.75],[-69.31,-53.46],[-69.44,-53.35],[-70.21,-53.48],[-70.45,-53.38],[-70.42,-53.01],[-70.25,-53.06],[-70.09,-52.93],[-70.44,-52.78],[-70.14,-52.73],[-69.91,-52.84],[-69.43,-52.45],[-69.15,-52.7],[-68.76,-52.54],[-68.61,-52.66],[-68.61,-54.89],[-68.78,-54.85],[-68.71,-54.91],[-68.87,-54.98],[-67.31,-54.93],[-67.04,-55.13],[-67.26,-55.33],[-67.44,-55.32],[-67.5,-55.18],[-67.61,-55.28],[-68.12,-55.22],[-68.18,-55.0],[-68.54,-55.11],[-68.58,-55.18],[-68.17,-55.29],[-68.49,-55.34],[-68.02,-55.48],[-68.07,-55.71],[-68.34,-55.47],[-68.91,-55.46],[-68.86,-55.23],[-69.42,-55.27],[-69.07,-55.48],[-69.36,-55.56],[-69.49,-55.4],[-69.79,-55.34],[-69.67,-55.27],[-69.86,-55.3],[-70.03,-55.15],[-69.91,-55.09],[-69.94,-54.92],[-69.19,-54.93],[-69.67,-54.82],[-70.75,-54.86],[-71.05,-54.76],[-71.01,-54.62],[-71.29,-54.67],[-71.27,-54.55],[-71.49,-54.69],[-71.89,-54.64],[-72.01,-54.51],[-71.73,-54.4],[-71.17,-54.43]]],[[[-72.66,-53.52],[-72.15,-53.79],[-72.35,-53.84],[-72.37,-54.06],[-73.04,-54.11],[-72.85,-53.99],[-73.05,-53.81],[-72.87,-53.74],[-73.18,-53.68],[-73.09,-53.66],[-73.43,-53.47],[-73.14,-53.49],[-73.17,-53.38],[-73.62,-53.34],[-73.61,-53.22],[-73.88,-53.08],[-74.32,-53.13],[-74.73,-52.73],[-74.38,-52.94],[-73.6,-53.08],[-72.67,-53.63],[-72.66,-53.52]]],[[[-72.28,-53.92],[-71.86,-53.86],[-71.65,-53.93],[-71.68,-54.07],[-71.45,-53.95],[-71.23,-54.11],[-71.0,-54.09],[-70.97,-54.28],[-71.15,-54.4],[-71.46,-54.19],[-71.53,-54.28],[-71.78,-54.15],[-71.8,-54.34],[-71.97,-54.34],[-72.28,-53.92]]],[[[-75.51,-50.66],[-75.43,-50.48],[-75.22,-50.48],[-75.34,-50.44],[-75.29,-50.35],[-75.47,-50.43],[-75.49,-50.41],[-75.34,-50.13],[-75.42,-50.03],[-74.79,-50.13],[-75.15,-50.48],[-75.06,-50.51],[-75.27,-50.8],[-75.51,-50.66]]],[[[-75.54,-48.77],[-75.6,-48.45],[-75.44,-48.45],[-75.4,-48.24],[-75.53,-48.1],[-75.31,-48.0],[-75.01,-48.59],[-75.17,-48.69],[-75.25,-48.58],[-75.54,-48.77]]],[[[-74.47,-52.2],[-74.25,-52.08],[-73.76,-52.27],[-73.65,-52.49],[-73.73,-52.66],[-73.9,-52.75],[-73.9,-52.59],[-74.07,-52.64],[-73.81,-52.43],[-73.85,-52.33],[-74.18,-52.41],[-74.18,-52.21],[-74.47,-52.2]]],[[[-74.23,-45.08],[-73.81,-44.98],[-73.69,-45.29],[-74.2,-45.18],[-74.23,-45.08]]],[[[-71.03,-54.98],[-70.32,-54.91],[-70.63,-55.04],[-70.26,-55.12],[-70.55,-55.22],[-70.6,-55.1],[-70.93,-55.09],[-71.03,-54.98]]],[[[-74.51,-51.71],[-73.64,-52.22],[-74.35,-51.9],[-74.51,-51.71]]],[[[-74.4,-44.62],[-73.96,-44.6],[-73.84,-44.7],[-74.24,-44.81],[-74.4,-44.62]]],[[[-75.14,-49.0],[-75.23,-49.07],[-75.29,-48.92],[-75.45,-49.04],[-75.63,-48.86],[-75.34,-48.79],[-75.14,-49.0]]],[[[-75.06,-52.02],[-74.94,-51.81],[-74.84,-51.87],[-74.93,-51.66],[-74.77,-51.65],[-74.91,-52.14],[-75.06,-52.02]]],[[[-73.69,-51.98],[-74.25,-51.72],[-74.12,-51.55],[-73.69,-51.98]]],[[[-73.54,-45.48],[-73.62,-45.77],[-73.79,-45.67],[-73.69,-45.45],[-73.54,-45.48]]]]}},{"type":"Feature","properties":{"iso3":"COK","name":"Cook Islands (N.Z.)"},"geometry":{"type":"Polygon","coordinates":[[[-159.82,-21.26],[-159.75,-21.21],[-159.73,-21.26],[-159.82,-21.26]]]}},{"type":"Feature","properties":{"iso3":"CPT","name":"Clipperton Island (Fr.)"},"geometry":{"type":"Polygon","coordinates":[[[-109.21,10.29],[-109.2,10.3],[-109.21,10.29],[-109.21,10.29]]]}},{"type":"Feature","properties":{"iso3":"GRL","name":"Greenland (Den.)"},"geometry":{"type":"MultiPolygon","coordinates":[[[[-73.03,78.17],[-72.72,78.18],[-72.79,78.23],[-72.67,78.31],[-72.84,78.35],[-72.42,78.52],[-68.86,78.85],[-69.15,78.92],[-68.54,79.04],[-66.0,79.1],[-65.03,79.37],[-64.14,79.76],[-64.59,79.84],[-64.3,79.94],[-65.06,80.01],[-64.35,80.07],[-64.14,80.14],[-64.19,80.24],[-64.48,80.09],[-65.84,80.01],[-67.01,80.06],[-67.46,80.19],[-67.49,80.33],[-64.05,81.12],[-63.34,80.85],[-63.79,81.14],[-63.48,81.2],[-62.77,81.18],[-61.79,80.94],[-60.84,80.98],[-61.87,81.35],[-61.33,81.5],[-61.95,81.73],[-61.73,81.8],[-60.8,81.91],[-59.66,81.85],[-59.39,81.67],[-57.83,81.41],[-59.31,81.88],[-60.29,81.98],[-55.23,82.34],[-54.44,82.07],[-54.42,81.82],[-54.78,81.67],[-54.76,81.49],[-53.89,81.78],[-53.89,81.96],[-53.77,81.98],[-52.19,81.81],[-50.82,81.5],[-52.07,81.87],[-50.5,81.83],[-51.57,82.11],[-51.61,82.32],[-51.81,82.38],[-50.86,82.46],[-47.35,81.99],[-45.91,81.62],[-45.99,81.57],[-45.4,81.57],[-45.11,81.63],[-46.14,82.06],[-47.7,82.28],[-48.48,82.56],[-46.84,82.59],[-45.08,82.26],[-45.87,82.11],[-45.5,81.94],[-45.36,81.97],[-45.66,82.07],[-44.97,82.21],[-42.86,82.1],[-44.51,82.22],[-44.38,82.3],[-46.49,82.7],[-42.73,82.69],[-42.11,82.35],[-42.25,82.57],[-42.57,82.65],[-42.05,82.67],[-40.7,82.49],[-40.17,82.24],[-40.09,82.31],[-40.27,82.38],[-40.18,82.45],[-40.42,82.48],[-40.38,82.57],[-40.59,82.66],[-43.08,82.8],[-46.76,82.78],[-47.66,82.91],[-46.71,83.04],[-45.79,82.85],[-45.5,82.92],[-46.29,83.08],[-44.01,83.07],[-44.78,83.15],[-43.5,83.24],[-41.64,83.0],[-42.28,83.12],[-39.98,83.07],[-40.74,83.0],[-39.1,82.73],[-39.05,82.8],[-39.82,82.95],[-38.34,83.14],[-39.69,83.24],[-39.5,83.31],[-39.8,83.43],[-38.88,83.42],[-38.96,83.5],[-38.67,83.54],[-37.25,83.38],[-37.4,83.43],[-37.11,83.45],[-37.76,83.53],[-35.58,83.63],[-34.71,83.53],[-34.78,83.58],[-33.86,83.66],[-28.99,83.58],[-29.3,83.54],[-29.05,83.48],[-27.15,83.55],[-25.43,83.39],[-26.85,83.22],[-29.69,83.24],[-32.99,83.11],[-34.59,82.93],[-32.07,82.93],[-32.12,83.0],[-30.6,83.16],[-26.6,83.12],[-24.74,83.25],[-24.1,83.08],[-24.6,82.86],[-23.13,82.98],[-22.89,82.96],[-23.1,82.92],[-22.9,82.81],[-22.4,82.91],[-21.17,82.83],[-19.79,82.59],[-21.48,82.31],[-24.42,82.15],[-30.11,82.17],[-29.94,82.09],[-32.8,81.78],[-32.62,81.75],[-32.59,81.62],[-31.33,81.83],[-28.71,82.0],[-24.54,81.99],[-24.61,81.79],[-24.81,81.75],[-27.56,81.48],[-26.72,81.4],[-23.38,81.7],[-23.15,82.0],[-21.29,82.05],[-21.0,81.91],[-20.99,81.76],[-21.32,81.45],[-23.24,80.9],[-23.13,80.82],[-23.71,80.61],[-20.58,81.38],[-18.94,81.61],[-19.25,81.53],[-19.33,81.38],[-18.44,81.49],[-17.44,81.36],[-16.77,81.5],[-16.92,81.54],[-16.71,81.63],[-16.23,81.58],[-16.34,81.64],[-14.86,81.77],[-13.22,81.72],[-11.79,81.53],[-11.43,81.35],[-13.45,80.97],[-14.46,80.96],[-14.11,80.8],[-15.48,80.61],[-17.26,80.75],[-17.44,80.72],[-17.35,80.64],[-18.04,80.56],[-18.96,80.61],[-15.68,80.42],[-16.79,80.17],[-19.36,80.26],[-20.5,79.86],[-20.58,79.7],[-20.39,79.67],[-20.02,79.69],[-19.88,79.78],[-19.96,79.85],[-19.73,79.95],[-18.96,80.05],[-17.19,80.0],[-17.99,79.69],[-19.29,79.7],[-19.51,79.57],[-19.42,79.51],[-19.82,79.45],[-19.57,79.4],[-19.55,79.28],[-18.98,79.24],[-19.14,79.21],[-19.08,79.14],[-19.28,79.12],[-19.28,79.24],[-19.57,79.08],[-20.86,78.99],[-20.76,78.83],[-21.11,78.76],[-20.88,78.57],[-21.28,78.24],[-21.12,78.07],[-21.59,77.96],[-21.62,77.87],[-21.45,77.92],[-21.96,77.57],[-21.3,77.59],[-21.32,77.72],[-20.77,77.96],[-19.77,77.75],[-19.69,77.76],[-20.4,77.9],[-19.29,77.84],[-19.14,77.74],[-19.43,77.73],[-18.88,77.56],[-20.66,77.61],[-20.15,77.5],[-20.33,77.42],[-19.94,77.39],[-20.1,77.34],[-19.41,77.26],[-19.47,77.19],[-18.97,77.18],[-19.05,77.27],[-18.91,77.32],[-18.23,77.23],[-18.17,76.94],[-18.29,76.82],[-18.59,76.77],[-18.54,76.7],[-20.66,76.96],[-20.54,76.89],[-21.29,76.87],[-20.76,76.81],[-21.66,76.63],[-22.23,76.86],[-22.34,76.81],[-22.19,76.75],[-22.51,76.69],[-22.4,76.62],[-22.42,76.43],[-22.21,76.42],[-22.35,76.58],[-22.14,76.64],[-21.69,76.52],[-21.82,76.49],[-21.58,76.38],[-21.81,76.2],[-20.95,76.3],[-19.96,76.25],[-19.76,76.07],[-21.13,75.98],[-19.97,75.94],[-19.35,75.72],[-19.58,75.68],[-19.34,75.38],[-19.61,75.13],[-19.97,75.16],[-20.13,75.33],[-20.66,75.29],[-22.16,75.67],[-20.5,75.14],[-21.17,75.12],[-21.73,74.96],[-20.63,75.05],[-20.74,74.85],[-20.61,74.74],[-20.8,74.65],[-19.72,74.58],[-19.41,74.68],[-19.26,74.52],[-18.97,74.48],[-19.64,74.24],[-20.2,74.29],[-20.41,74.45],[-20.93,74.46],[-20.11,74.19],[-21.04,74.1],[-21.99,74.23],[-21.88,74.36],[-22.08,74.32],[-22.18,74.11],[-22.43,74.06],[-21.93,73.91],[-21.73,74.06],[-20.28,73.88],[-20.52,73.72],[-20.38,73.52],[-20.55,73.45],[-21.57,73.49],[-21.59,73.39],[-22.45,73.26],[-23.99,73.59],[-24.09,73.67],[-23.92,73.74],[-24.08,73.84],[-24.38,73.79],[-24.47,73.54],[-25.78,73.96],[-24.69,73.51],[-25.39,73.45],[-26.02,73.24],[-27.39,73.46],[-26.35,73.24],[-27.08,73.16],[-26.92,73.11],[-25.91,73.18],[-25.48,73.09],[-25.76,73.19],[-25.29,73.4],[-24.73,73.43],[-23.21,73.24],[-24.56,73.27],[-22.87,73.16],[-23.14,73.07],[-21.89,72.9],[-22.12,72.81],[-21.88,72.71],[-21.97,72.68],[-22.63,72.69],[-23.18,72.85],[-22.7,72.62],[-21.98,72.49],[-21.94,72.41],[-22.75,72.44],[-22.05,72.26],[-22.19,72.14],[-24.06,72.47],[-24.39,72.6],[-24.53,72.84],[-24.17,72.9],[-24.59,72.95],[-23.53,73.07],[-25.36,73.11],[-25.0,73.0],[-26.76,72.72],[-26.31,72.73],[-26.43,72.58],[-26.21,72.72],[-25.26,72.8],[-24.71,72.68],[-24.65,72.52],[-25.39,72.43],[-25.25,72.39],[-25.51,72.23],[-25.51,72.09],[-25.14,72.37],[-24.61,72.42],[-22.53,71.91],[-23.14,71.63],[-22.44,71.79],[-22.67,71.61],[-21.91,71.74],[-22.57,71.46],[-22.46,71.26],[-22.11,71.49],[-21.7,71.45],[-21.77,71.36],[-21.63,71.33],[-21.8,71.28],[-21.66,71.19],[-21.88,71.09],[-21.69,71.07],[-21.81,70.94],[-21.61,70.95],[-21.78,70.86],[-21.54,70.73],[-21.75,70.61],[-21.48,70.54],[-21.94,70.41],[-22.03,70.51],[-22.38,70.46],[-22.49,70.86],[-22.65,70.72],[-22.62,70.45],[-23.38,70.46],[-24.09,70.67],[-24.3,71.09],[-24.77,71.27],[-24.67,71.36],[-25.11,71.29],[-25.62,71.53],[-26.45,71.63],[-26.86,71.54],[-27.94,71.96],[-28.72,72.07],[-28.42,71.98],[-28.54,71.89],[-28.4,71.9],[-28.0,71.88],[-27.87,71.86],[-28.07,71.85],[-27.39,71.68],[-27.95,71.54],[-25.9,71.48],[-25.41,71.32],[-25.65,71.14],[-26.73,70.92],[-27.51,70.92],[-27.92,71.13],[-27.6,70.92],[-28.15,70.94],[-27.87,70.84],[-28.11,70.61],[-29.12,70.4],[-28.24,70.49],[-28.15,70.35],[-26.62,70.47],[-26.3,70.37],[-28.43,70.05],[-27.46,70.06],[-27.34,69.96],[-26.86,70.25],[-26.35,70.19],[-25.28,70.41],[-25.31,70.28],[-25.03,70.37],[-23.88,70.13],[-22.05,70.15],[-22.36,69.98],[-23.14,69.88],[-22.88,69.82],[-22.98,69.77],[-23.28,69.86],[-23.21,69.76],[-23.65,69.73],[-23.55,69.63],[-23.78,69.52],[-24.11,69.56],[-24.08,69.41],[-24.64,69.4],[-24.73,69.28],[-24.6,69.26],[-25.22,69.28],[-24.98,69.18],[-25.33,69.13],[-25.24,69.05],[-25.35,69.01],[-25.65,69.09],[-25.51,68.98],[-25.79,68.96],[-25.73,68.87],[-26.09,68.88],[-26.06,68.8],[-26.37,68.81],[-26.51,68.69],[-26.89,68.67],[-27.06,68.79],[-27.06,68.61],[-27.51,68.64],[-27.71,68.56],[-27.65,68.5],[-28.09,68.63],[-28.03,68.47],[-28.47,68.49],[-28.87,68.34],[-29.26,68.46],[-29.11,68.31],[-29.43,68.23],[-30.0,68.44],[-30.07,68.33],[-29.99,68.28],[-30.28,68.28],[-30.04,68.15],[-30.36,68.12],[-30.41,68.26],[-30.77,68.31],[-30.46,68.09],[-30.88,68.1],[-31.03,68.22],[-31.14,68.19],[-30.91,68.08],[-31.59,68.08],[-31.77,68.21],[-31.54,68.27],[-32.05,68.28],[-32.2,68.5],[-32.38,68.45],[-32.48,68.63],[-32.89,68.61],[-32.25,68.35],[-32.11,68.19],[-32.35,68.21],[-31.99,68.14],[-32.15,68.04],[-32.04,67.93],[-32.95,67.69],[-33.27,67.72],[-33.33,67.62],[-33.09,67.64],[-33.39,67.56],[-33.31,67.48],[-33.56,67.37],[-33.38,67.26],[-34.07,66.91],[-33.95,66.76],[-34.22,66.6],[-34.33,66.57],[-34.29,66.7],[-34.43,66.6],[-34.46,66.74],[-34.55,66.58],[-34.44,66.53],[-34.68,66.48],[-34.69,66.37],[-35.58,66.29],[-35.59,66.12],[-35.86,66.15],[-35.73,66.08],[-36.1,65.92],[-36.39,65.92],[-36.35,66.09],[-36.97,65.83],[-37.09,65.98],[-37.09,65.8],[-37.7,65.57],[-37.95,65.71],[-37.72,65.95],[-37.77,66.04],[-36.69,66.47],[-37.37,66.31],[-38.18,66.39],[-37.68,66.26],[-37.97,66.23],[-37.82,66.17],[-38.01,65.9],[-38.43,66.0],[-38.04,65.79],[-38.18,65.63],[-38.54,65.67],[-38.53,65.57],[-38.89,65.52],[-39.18,65.68],[-39.12,65.58],[-39.33,65.53],[-39.62,65.68],[-39.53,65.61],[-39.66,65.62],[-39.62,65.53],[-40.11,65.5],[-39.71,65.41],[-39.87,65.36],[-39.69,65.24],[-40.21,64.99],[-40.64,65.2],[-40.68,65.03],[-41.15,65.16],[-40.97,64.96],[-41.18,64.98],[-41.08,64.88],[-40.61,64.67],[-40.87,64.91],[-40.73,64.93],[-40.47,64.81],[-40.41,64.71],[-40.53,64.69],[-40.33,64.6],[-40.41,64.55],[-40.16,64.46],[-40.51,64.48],[-40.57,64.68],[-40.61,64.47],[-40.34,64.35],[-41.37,64.35],[-41.56,64.25],[-40.99,64.05],[-40.92,64.16],[-40.59,64.12],[-40.73,63.94],[-40.51,63.69],[-40.9,63.68],[-40.76,63.51],[-41.07,63.51],[-41.0,63.4],[-41.31,63.47],[-41.1,63.2],[-41.69,63.34],[-41.44,63.11],[-41.57,63.09],[-41.93,63.23],[-41.54,63.03],[-41.8,63.03],[-41.61,62.96],[-41.75,62.84],[-42.35,62.8],[-42.39,62.91],[-42.55,62.79],[-42.49,62.69],[-43.12,62.73],[-42.37,62.56],[-42.32,62.46],[-42.49,62.44],[-42.14,62.38],[-43.02,62.5],[-42.26,62.29],[-42.51,61.93],[-42.11,62.0],[-42.31,61.76],[-42.72,61.76],[-42.62,61.69],[-42.26,61.72],[-42.23,61.69],[-42.64,61.45],[-42.4,61.49],[-42.67,61.27],[-42.56,61.18],[-43.04,61.2],[-42.64,61.09],[-43.15,61.12],[-42.66,61.02],[-42.79,61.01],[-42.73,60.93],[-43.43,60.92],[-42.79,60.82],[-42.93,60.76],[-42.76,60.71],[-42.83,60.57],[-43.21,60.45],[-43.58,60.53],[-43.71,60.71],[-43.62,60.5],[-43.32,60.45],[-43.44,60.36],[-43.07,60.25],[-43.24,60.24],[-43.08,60.11],[-43.15,60.01],[-43.46,60.05],[-43.58,59.9],[-44.12,60.09],[-44.21,60.29],[-44.58,59.98],[-45.16,60.07],[-45.02,60.18],[-45.21,60.13],[-45.19,60.22],[-44.9,60.43],[-45.26,60.43],[-45.26,60.58],[-45.51,60.49],[-45.31,60.63],[-45.33,60.71],[-45.56,60.46],[-45.73,60.63],[-45.9,60.51],[-45.99,60.57],[-45.62,60.77],[-46.23,60.76],[-46.03,60.88],[-46.12,60.96],[-45.73,61.06],[-45.87,61.21],[-45.81,61.31],[-45.95,61.2],[-45.82,61.12],[-46.21,60.97],[-46.39,61.08],[-46.86,60.79],[-47.07,60.86],[-46.95,60.95],[-47.27,60.88],[-47.33,60.97],[-47.48,60.91],[-47.32,60.87],[-47.43,60.81],[-48.25,60.81],[-47.78,60.99],[-48.09,61.07],[-48.2,61.24],[-48.63,61.2],[-48.48,61.33],[-48.57,61.4],[-48.98,61.35],[-49.06,61.39],[-48.91,61.46],[-49.27,61.55],[-48.99,61.58],[-49.15,61.71],[-49.11,61.82],[-48.76,61.98],[-48.93,61.97],[-49.27,61.71],[-49.43,61.82],[-49.39,61.94],[-48.98,62.04],[-49.1,62.08],[-49.03,62.19],[-49.09,62.16],[-49.16,62.0],[-49.7,62.0],[-49.56,62.25],[-49.85,62.25],[-50.31,62.48],[-50.05,62.78],[-50.32,62.73],[-50.15,62.95],[-50.32,62.78],[-50.39,62.78],[-50.33,62.94],[-50.59,62.95],[-50.63,63.08],[-50.47,63.16],[-51.06,63.17],[-51.08,63.36],[-51.24,63.43],[-51.17,63.49],[-51.57,63.69],[-51.4,63.96],[-51.64,64.0],[-51.4,64.07],[-51.75,64.17],[-50.92,64.23],[-51.06,64.27],[-50.64,64.45],[-50.93,64.58],[-50.55,64.69],[-50.29,64.64],[-50.18,64.47],[-49.61,64.33],[-50.11,64.52],[-50.17,64.63],[-49.99,64.65],[-50.25,64.7],[-50.18,64.79],[-50.34,64.72],[-50.64,64.82],[-51.04,64.61],[-51.23,64.62],[-51.09,64.73],[-51.21,64.76],[-51.77,64.23],[-52.01,64.19],[-52.17,64.68],[-51.9,64.81],[-52.11,64.79],[-51.97,64.85],[-52.03,64.89],[-52.21,64.8],[-52.23,64.91],[-52.02,64.96],[-52.27,65.08],[-52.16,65.11],[-52.14,65.22],[-52.28,65.19],[-52.18,65.28],[-52.51,65.18],[-52.57,65.31],[-51.9,65.53],[-52.49,65.38],[-52.63,65.46],[-52.51,65.61],[-52.68,65.48],[-52.81,65.59],[-52.7,65.73],[-53.23,65.67],[-53.06,65.86],[-53.49,65.95],[-53.36,66.1],[-53.66,66.1],[-53.64,66.5],[-53.4,66.55],[-53.5,66.64],[-52.84,66.88],[-53.66,66.92],[-53.95,67.09],[-53.81,67.17],[-53.87,67.34],[-53.66,67.46],[-53.78,67.58],[-53.57,67.7],[-53.73,67.79],[-53.03,68.05],[-53.5,68.14],[-52.8,68.21],[-53.47,68.31],[-53.1,68.31],[-52.41,68.56],[-51.05,68.57],[-51.09,68.69],[-50.95,68.65],[-51.0,68.72],[-50.73,68.82],[-51.31,68.74],[-51.14,68.86],[-51.09,69.14],[-50.66,69.04],[-50.58,69.07],[-50.71,69.13],[-49.59,69.16],[-50.49,69.19],[-50.37,69.35],[-50.62,69.21],[-51.15,69.21],[-50.77,69.49],[-50.91,69.5],[-50.84,69.65],[-50.5,69.61],[-50.83,69.71],[-50.22,69.77],[-50.62,69.93],[-50.26,70.05],[-51.16,69.96],[-51.27,69.97],[-50.95,70.02],[-52.35,70.05],[-52.84,70.28],[-53.9,70.38],[-54.6,70.65],[-54.13,70.83],[-52.85,70.76],[-51.55,70.43],[-50.59,70.33],[-50.71,70.4],[-50.55,70.52],[-50.79,70.42],[-51.35,70.57],[-50.91,70.5],[-50.9,70.6],[-51.03,70.61],[-50.81,70.67],[-51.47,70.74],[-51.29,70.81],[-50.68,70.71],[-50.75,70.83],[-51.96,71.02],[-51.83,71.07],[-51.21,70.96],[-50.89,71.01],[-52.23,71.12],[-51.53,71.31],[-52.53,71.19],[-52.26,71.27],[-52.26,71.36],[-51.45,71.49],[-52.99,71.42],[-51.85,71.6],[-51.67,71.74],[-53.46,71.58],[-52.55,72.06],[-53.37,71.78],[-53.39,72.04],[-53.82,72.3],[-53.8,72.14],[-53.51,72.03],[-53.39,71.86],[-53.84,71.76],[-53.74,71.65],[-54.1,71.65],[-53.88,71.58],[-53.9,71.45],[-55.26,71.4],[-55.86,71.69],[-54.78,71.95],[-55.59,71.99],[-54.89,72.25],[-54.96,72.42],[-55.0,72.29],[-55.55,72.15],[-55.68,72.21],[-55.24,72.39],[-55.63,72.45],[-54.71,72.47],[-54.86,72.67],[-54.26,72.79],[-54.53,72.91],[-54.29,72.92],[-54.42,72.97],[-54.36,73.03],[-55.69,73.06],[-55.14,73.18],[-55.44,73.26],[-55.06,73.38],[-56.04,73.65],[-55.83,73.75],[-55.9,73.86],[-55.95,73.81],[-56.28,73.78],[-56.74,73.88],[-55.6,73.86],[-56.41,74.07],[-56.25,74.08],[-56.09,74.29],[-56.52,74.16],[-57.3,74.11],[-56.5,74.31],[-56.72,74.35],[-56.09,74.38],[-56.8,74.45],[-56.15,74.47],[-56.6,74.61],[-56.04,74.62],[-56.75,74.65],[-56.34,74.73],[-57.8,75.05],[-57.59,75.16],[-58.33,75.4],[-58.67,75.35],[-58.07,75.57],[-58.38,75.56],[-58.27,75.66],[-58.57,75.67],[-58.46,75.73],[-59.03,75.74],[-59.0,75.83],[-59.17,75.88],[-59.76,75.8],[-59.46,75.96],[-60.88,76.08],[-60.72,76.2],[-61.12,76.14],[-60.98,76.24],[-61.69,76.17],[-61.94,76.32],[-62.62,76.31],[-62.72,76.19],[-63.02,76.43],[-63.5,76.39],[-63.43,76.32],[-64.01,76.05],[-64.18,76.25],[-64.08,76.37],[-64.35,76.35],[-64.41,76.22],[-64.65,76.28],[-64.52,76.18],[-64.61,76.12],[-65.29,76.2],[-65.25,76.09],[-65.41,76.02],[-65.87,76.1],[-65.53,76.23],[-65.59,76.34],[-66.15,76.29],[-66.41,76.08],[-66.88,76.32],[-67.45,76.2],[-66.46,75.91],[-68.49,76.09],[-69.63,76.38],[-68.71,76.59],[-67.78,76.62],[-70.04,76.81],[-69.68,77.01],[-70.45,76.79],[-71.36,77.01],[-70.81,77.15],[-70.88,77.19],[-70.16,77.24],[-68.01,77.2],[-69.1,77.27],[-68.44,77.37],[-66.4,77.28],[-66.62,77.42],[-66.11,77.43],[-66.04,77.54],[-66.26,77.58],[-66.13,77.65],[-66.23,77.7],[-66.67,77.72],[-67.45,77.54],[-68.35,77.51],[-68.68,77.69],[-68.77,77.64],[-68.57,77.52],[-69.19,77.46],[-70.28,77.57],[-69.49,77.69],[-69.5,77.75],[-70.63,77.68],[-70.11,77.85],[-71.23,77.76],[-71.42,77.8],[-71.2,77.89],[-71.94,77.89],[-73.03,78.17]],[[-52.43,68.18],[-51.99,68.04],[-50.36,67.93],[-51.14,68.09],[-51.43,68.19],[-51.14,68.18],[-51.19,68.24],[-51.42,68.27],[-51.89,68.13],[-52.43,68.18]],[[-52.59,67.79],[-51.8,67.63],[-51.03,67.61],[-51.34,67.71],[-50.73,67.81],[-51.19,67.75],[-51.29,67.84],[-51.72,67.68],[-52.37,67.81],[-52.26,67.88],[-52.59,67.79]],[[-52.41,66.45],[-52.04,66.48],[-51.92,66.63],[-51.12,66.88],[-50.86,66.84],[-50.99,66.9],[-50.87,66.96],[-51.52,66.81],[-52.41,66.45]]],[[[-54.98,69.71],[-54.73,69.75],[-54.93,69.83],[-54.85,69.93],[-54.47,69.94],[-54.77,70.04],[-54.84,70.2],[-54.37,70.33],[-53.14,70.16],[-52.73,69.93],[-51.99,69.8],[-51.85,69.64],[-52.27,69.45],[-53.55,69.23],[-54.27,69.4],[-53.78,69.43],[-54.0,69.5],[-53.95,69.61],[-54.66,69.57],[-54.98,69.71]]],[[[-28.07,70.45],[-27.96,70.6],[-27.08,70.87],[-26.47,70.9],[-25.71,71.09],[-25.7,70.98],[-25.38,70.91],[-25.32,70.81],[-25.44,70.77],[-25.27,70.65],[-26.03,70.51],[-28.07,70.45]]],[[[-18.92,75.33],[-18.21,75.31],[-18.03,75.42],[-17.8,75.32],[-18.08,75.27],[-18.02,75.16],[-17.31,75.14],[-17.66,74.93],[-17.87,75.03],[-18.89,75.01],[-18.82,75.25],[-18.92,75.33]]],[[[-54.25,82.19],[-53.58,82.26],[-52.11,81.92],[-54.06,82.07],[-54.25,82.19]]],[[[-19.15,76.49],[-19.03,76.6],[-19.15,76.72],[-18.72,76.61],[-18.45,75.95],[-19.15,76.49]]],[[[-20.66,74.81],[-20.43,75.04],[-19.73,74.86],[-20.06,74.71],[-20.66,74.81]]],[[[-19.61,82.06],[-19.2,82.13],[-18.54,81.82],[-19.1,81.84],[-19.61,82.06]]],[[[-41.57,83.25],[-41.2,83.33],[-39.34,83.1],[-40.88,83.23],[-41.57,83.25]]],[[[-51.39,69.72],[-51.23,69.92],[-50.69,69.86],[-50.97,69.75],[-50.96,69.56],[-51.15,69.51],[-51.39,69.72]]],[[[-53.18,71.33],[-52.96,71.38],[-52.34,71.29],[-52.97,71.15],[-53.18,71.33]]],[[[-72.51,77.41],[-72.18,77.45],[-71.3,77.38],[-72.12,77.32],[-72.51,77.41]]],[[[-55.84,72.63],[-55.21,72.84],[-54.92,72.81],[-55.34,72.59],[-55.84,72.63]]],[[[-54.0,71.12],[-53.64,71.31],[-53.4,71.1],[-53.7,71.03],[-54.0,71.12]]],[[[-19.7,80.04],[-19.28,80.21],[-18.66,80.13],[-19.41,80.04],[-19.7,80.04]]],[[[-18.14,77.61],[-17.83,77.83],[-17.45,77.79],[-17.7,77.62],[-18.14,77.61]]],[[[-49.16,82.8],[-48.93,82.84],[-48.11,82.74],[-48.92,82.72],[-49.16,82.8]]],[[[-18.18,81.71],[-17.67,81.72],[-17.22,81.57],[-17.45,81.55],[-18.18,81.71]]],[[[-19.75,78.74],[-19.41,78.89],[-19.12,78.85],[-19.3,78.8],[-19.15,78.71],[-19.75,78.74]]],[[[-71.25,77.45],[-70.74,77.47],[-70.03,77.41],[-70.98,77.37],[-71.25,77.45]]],[[[-18.12,79.01],[-17.79,79.18],[-17.58,79.12],[-17.63,79.03],[-18.12,79.01]]],[[[-49.67,82.45],[-49.19,82.45],[-48.86,82.38],[-49.09,82.32],[-49.67,82.45]]],[[[-40.5,83.33],[-40.31,83.4],[-39.72,83.29],[-40.0,83.28],[-40.5,83.33]]]]}},{"type":"Feature","properties":{"iso3":"NIU","name":"Niue (N.Z.)"},"geometry":{"type":"Polygon","coordinates":[[[-169.95,-19.08],[-169.89,-18.97],[-169.81,-18.96],[-169.84,-19.15],[-169.95,-19.08]]]}},{"type":"Feature","properties":{"iso3":"PCN","name":"Pitcairn Islands (U.K.)"},"geometry":{"type":"Polygon","coordinates":[[[-128.31,-24.42],[-128.34,-24.34],[-128.3,-24.33],[-128.31,-24.42]]]}},{"type":"Feature","properties":{"iso3":"PYF","name":"French Polynesia (Fr.)"},"geometry":{"type":"Polygon","coordinates":[[[-149.62,-17.56],[-149.34,-17.55],[-149.14,-17.87],[-149.58,-17.74],[-149.62,-17.56]]]}},{"type":"Feature","properties":{"iso3":"TKL","name":"Tokelau (N.Z.)"},"geometry":{"type":"Polygon","coordinates":[[[-172.47,-8.58],[-172.47,-8.56],[-172.46,-8.58],[-172.47,-8.58]]]}},{"type":"Feature","properties":{"iso3":"TON","name":"Tonga"},"geometry":{"type":"Polygon","coordinates":[[[-175.36,-21.09],[-175.16,-21.17],[-175.03,-21.15],[-175.14,-21.27],[-175.36,-21.09]]]}},{"type":"Feature","properties":{"iso3":"WLF","name":"Wallis and Futuna (Fr.)"},"geometry":{"type":"Polygon","coordinates":[[[-176.21,-13.35],[-176.19,-13.22],[-176.18,-13.34],[-176.21,-13.35]]]}},{"type":"Feature","properties":{"iso3":"WSM","name":"Samoa"},"geometry":{"type":"MultiPolygon","coordinates":[[[[-172.8,-13.52],[-172.32,-13.45],[-172.17,-13.67],[-172.23,-13.8],[-172.53,-13.8],[-172.8,-13.52]]],[[[-172.07,-13.87],[-171.83,-13.79],[-171.42,-14.02],[-171.76,-14.04],[-172.07,-13.87]]]]}}]}